Order ID,Order Date,Ship Date,Customer ID,Segment,Region,Category,Sub-Category,Product Name,Quantity,Discount,Sales,Profit
CA-2024-000001,2024-10-16,2024-10-17,CU-1913,Home Office,Central,Office Supplies,Binders,Fellowes PB500 Electric Punch Plastic Comb Binding Machine with Manual Bind,1,0.0,1385.2,341.99
CA-2024-000002,2024-08-27,2024-08-31,CU-1733,Home Office,West,Technology,Phones,Cisco TelePresence System EX90 Videoconferencing Unit,1,0.0,3308.18,653.95
CA-2023-000003,2023-08-14,2023-08-18,CU-1348,Corporate,East,Office Supplies,Envelopes,Avery Self-Adhesive Address Labels,3,0.0,70.09,6.66
CA-2023-000004,2023-08-09,2023-08-16,CU-1826,Consumer,West,Office Supplies,Storage,Fellowes Bankers Box Heavy-Duty Storage Boxes,1,0.0,94.1,7.01
CA-2024-000005,2024-07-03,2024-07-04,CU-1882,Corporate,East,Technology,Machines,HP LaserJet Pro M404n Printer,1,0.1,394.02,50.77
CA-2024-000006,2024-12-22,2024-12-23,CU-1103,Corporate,South,Furniture,Chairs,HON 5400 Series Task Chairs for Big and Tall,1,0.0,956.38,127.82
CA-2024-000007,2024-04-09,2024-04-15,CU-1699,Home Office,Central,Technology,Accessories,Belkin 8-Outlet Surge Protector,1,0.0,83.68,0.9
CA-2024-000008,2024-09-15,2024-09-21,CU-1655,Home Office,East,Technology,Accessories,Logitech G910 Mechanical Keyboard,2,0.0,520.25,142.15
CA-2024-000009,2024-12-02,2024-12-05,CU-1274,Consumer,East,Technology,Accessories,Belkin 8-Outlet Surge Protector,2,0.0,148.91,15.61
CA-2024-000010,2024-08-03,2024-08-09,CU-1271,Consumer,East,Office Supplies,Storage,Fellowes Bankers Box Heavy-Duty Storage Boxes,2,0.0,190.31,36.38
CA-2024-000011,2024-07-28,2024-08-02,CU-1141,Home Office,West,Furniture,Furnishings,Eldon Image Series Desk Accessories,2,0.2,104.43,-2.22
CA-2023-000012,2023-04-04,2023-04-11,CU-1065,Corporate,West,Furniture,Chairs,HON 5400 Series Task Chairs for Big and Tall,1,0.1,978.86,87.47
CA-2024-000013,2024-09-02,2024-09-06,CU-1698,Home Office,South,Office Supplies,Art,Newell 312 Mechanical Pencil,5,0.15,37.24,-9.82
CA-2024-000014,2024-10-18,2024-10-21,CU-1269,Home Office,East,Technology,Phones,Polycom CX600 IP Phone,1,0.0,446.96,70.0
CA-2024-000015,2024-06-03,2024-06-04,CU-1780,Consumer,Central,Furniture,Furnishings,DAX Two-Tone Rosewood/Black Document Frame,1,0.1,37.95,-15.83
CA-2024-000016,2024-09-05,2024-09-08,CU-1245,Consumer,East,Office Supplies,Art,Newell 312 Mechanical Pencil,1,0.0,10.43,-18.95
CA-2024-000017,2024-08-03,2024-08-04,CU-1131,Home Office,West,Office Supplies,Binders,GBC Ibimaster 500 Manual ProClick Binding System,1,0.0,850.0,164.18
CA-2024-000018,2024-07-16,2024-07-18,CU-1747,Home Office,East,Furniture,Furnishings,Eldon Image Series Desk Accessories,3,0.0,189.14,42.91
CA-2024-000019,2024-12-31,2025-01-03,CU-1253,Consumer,Central,Office Supplies,Paper,Xerox Premium Multipurpose Paper,2,0.0,110.75,19.98
CA-2023-000020,2023-12-13,2023-12-14,CU-1234,Consumer,Central,Office Supplies,Envelopes,Avery Self-Adhesive Address Labels,1,0.0,20.46,-15.09
CA-2023-000021,2023-12-05,2023-12-06,CU-1903,Home Office,West,Office Supplies,Art,Newell 312 Mechanical Pencil,1,0.0,9.67,-19.37
CA-2023-000022,2023-09-06,2023-09-13,CU-1420,Corporate,Central,Office Supplies,Appliances,Hoover Commercial Lightweight Vacuum,1,0.0,485.99,67.65
CA-2024-000023,2024-11-20,2024-11-26,CU-1254,Consumer,East,Technology,Machines,HP LaserJet Pro M404n Printer,1,0.0,401.68,84.14
CA-2024-000024,2024-07-03,2024-07-07,CU-1827,Home Office,Central,Technology,Accessories,Logitech MX Master Wireless Mouse,1,0.0,173.29,22.21
CA-2023-000025,2023-02-21,2023-02-27,CU-1170,Corporate,West,Technology,Machines,HP LaserJet Pro M404n Printer,3,0.3,934.39,58.24
CA-2024-000026,2024-05-07,2024-05-09,CU-1948,Corporate,South,Furniture,Furnishings,DAX Two-Tone Rosewood/Black Document Frame,3,0.0,113.05,9.04
CA-2024-000027,2024-03-09,2024-03-15,CU-1303,Consumer,Central,Office Supplies,Storage,Tennsco Industrial Steel Shelving,5,0.1,1657.1,261.77
CA-2024-000028,2024-08-16,2024-08-22,CU-1873,Home Office,East,Office Supplies,Art,Newell 312 Mechanical Pencil,2,0.0,19.49,-15.12
CA-2023-000029,2023-02-28,2023-03-05,CU-1122,Home Office,East,Office Supplies,Binders,GBC Ibimaster 500 Manual ProClick Binding System,1,0.1,753.87,65.69
CA-2024-000030,2024-08-15,2024-08-20,CU-1267,Consumer,South,Furniture,Chairs,HON 5400 Series Task Chairs for Big and Tall,1,0.1,941.25,75.24
CA-2023-000031,2023-09-02,2023-09-05,CU-1074,Consumer,West,Office Supplies,Paper,Xerox Premium Multipurpose Paper,2,0.0,99.99,18.12
CA-2024-000032,2024-09-28,2024-10-03,CU-1902,Consumer,East,Technology,Machines,HP LaserJet Pro M404n Printer,1,0.0,396.22,84.93
CA-2024-000033,2024-01-14,2024-01-17,CU-1669,Home Office,Central,Technology,Accessories,Logitech G910 Mechanical Keyboard,3,0.1,732.04,165.69
CA-2024-000034,2024-11-14,2024-11-21,CU-1911,Consumer,East,Office Supplies,Art,Newell 312 Mechanical Pencil,4,0.0,40.99,-6.21
CA-2023-000035,2023-10-06,2023-10-09,CU-1500,Corporate,Central,Office Supplies,Fasteners,OIC Heavy-Duty Binder Clips,2,0.0,13.61,-17.34
CA-2023-000036,2023-04-05,2023-04-11,CU-1268,Consumer,West,Office Supplies,Paper,Hammermill Copy Plus Paper,1,0.0,43.36,-6.94
CA-2024-000037,2024-07-18,2024-07-24,CU-1558,Consumer,South,Office Supplies,Paper,Hammermill Copy Plus Paper,1,0.0,44.17,-5.67
CA-2024-000038,2024-08-19,2024-08-24,CU-1881,Consumer,South,Technology,Accessories,Logitech MX Master Wireless Mouse,1,0.0,174.01,32.44
CA-2023-000039,2023-08-04,2023-08-10,CU-1635,Home Office,East,Furniture,Bookcases,Bush Westfield Collection Bookcase,1,0.15,509.68,-12.41
CA-2023-000040,2023-08-31,2023-09-07,CU-1946,Corporate,West,Technology,Accessories,Logitech G910 Mechanical Keyboard,2,0.0,523.37,109.23
CA-2024-000041,2024-11-16,2024-11-23,CU-1039,Corporate,East,Office Supplies,Supplies,Stanley Bostitch Heavy-Duty Stapler,1,0.0,58.14,-7.0
CA-2023-000042,2023-07-24,2023-07-31,CU-1675,Consumer,West,Furniture,Bookcases,Sauder Camden County Barrister Bookcase,1,0.15,642.44,-44.55
CA-2023-000043,2023-12-03,2023-12-06,CU-1863,Home Office,South,Furniture,Furnishings,DAX Two-Tone Rosewood/Black Document Frame,4,0.0,169.58,25.62
CA-2023-000044,2023-01-29,2023-01-30,CU-1610,Corporate,South,Furniture,Furnishings,DAX Two-Tone Rosewood/Black Document Frame,1,0.1,40.43,-15.69
CA-2023-000045,2023-11-18,2023-11-22,CU-1725,Corporate,Central,Office Supplies,Fasteners,OIC Heavy-Duty Binder Clips,1,0.0,6.74,-20.66
CA-2024-000046,2024-06-16,2024-06-23,CU-1071,Home Office,South,Office Supplies,Art,Newell 312 Mechanical Pencil,2,0.1,17.81,-17.13
CA-2024-000047,2024-09-30,2024-10-03,CU-1334,Corporate,South,Office Supplies,Fasteners,OIC Heavy-Duty Binder Clips,1,0.2,5.32,-21.8
CA-2024-000048,2024-07-21,2024-07-23,CU-1582,Corporate,West,Technology,Machines,Zebra ZP 450 Thermal Label Printer,2,0.0,1079.52,185.44
CA-2024-000049,2024-07-15,2024-07-22,CU-1476,Corporate,West,Technology,Copiers,Canon imageCLASS 2200 Advanced Copier,1,0.0,2246.89,677.99
CA-2024-000050,2024-11-22,2024-11-24,CU-1290,Home Office,South,Office Supplies,Art,Newell 312 Mechanical Pencil,2,0.2,16.01,-18.41
CA-2023-000051,2023-04-06,2023-04-13,CU-1047,Consumer,West,Office Supplies,Storage,Tennsco Industrial Steel Shelving,1,0.0,373.81,62.75
CA-2024-000052,2024-09-17,2024-09-24,CU-1393,Corporate,West,Technology,Accessories,SanDisk Ultra 64GB USB Flash Drive,1,0.2,26.35,-18.16
CA-2023-000053,2023-09-07,2023-09-09,CU-1435,Consumer,East,Office Supplies,Fasteners,OIC Heavy-Duty Binder Clips,1,0.15,5.92,-21.65
CA-2024-000054,2024-12-13,2024-12-18,CU-1475,Home Office,South,Office Supplies,Appliances,Hoover Commercial Lightweight Vacuum,2,0.2,705.12,11.83
CA-2024-000055,2024-03-29,2024-04-03,CU-1162,Home Office,West,Technology,Accessories,Belkin 8-Outlet Surge Protector,3,0.0,261.35,48.15
CA-2024-000056,2024-04-05,2024-04-08,CU-1244,Corporate,West,Office Supplies,Supplies,Stanley Bostitch Heavy-Duty Stapler,3,0.0,176.7,28.9
CA-2023-000057,2023-03-21,2023-03-27,CU-1236,Corporate,East,Furniture,Furnishings,Eldon Image Series Desk Accessories,1,0.0,66.94,-2.4
CA-2024-000058,2024-12-24,2024-12-26,CU-1430,Corporate,Central,Office Supplies,Binders,GBC DocuBind TL300 Electric Binding System,1,0.0,945.56,161.96
CA-2024-000059,2024-08-12,2024-08-16,CU-1855,Corporate,East,Office Supplies,Appliances,Hoover Commercial Lightweight Vacuum,4,0.0,1853.32,404.84
CA-2024-000060,2024-05-14,2024-05-16,CU-1741,Consumer,West,Furniture,Furnishings,Eldon Image Series Desk Accessories,1,0.0,68.46,1.7
CA-2023-000061,2023-05-11,2023-05-16,CU-1438,Consumer,West,Office Supplies,Art,Newell 312 Mechanical Pencil,3,0.1,26.67,-14.37
CA-2023-000062,2023-07-06,2023-07-07,CU-1284,Corporate,South,Furniture,Tables,Bretford Rectangular Conference Table,1,0.0,1720.92,200.46
CA-2023-000063,2023-03-25,2023-03-29,CU-1799,Home Office,Central,Office Supplies,Binders,Fellowes PB500 Electric Punch Plastic Comb Binding Machine with Manual Bind,1,0.3,905.55,50.38
CA-2023-000064,2023-02-01,2023-02-03,CU-1577,Consumer,West,Technology,Machines,Zebra ZP 450 Thermal Label Printer,1,0.0,482.47,88.79
CA-2024-000065,2024-12-17,2024-12-20,CU-1838,Consumer,South,Technology,Accessories,SanDisk Ultra 64GB USB Flash Drive,1,0.1,30.53,-16.9
CA-2023-000066,2023-04-21,2023-04-26,CU-1732,Consumer,Central,Office Supplies,Binders,Fellowes PB500 Electric Punch Plastic Comb Binding Machine with Manual Bind,1,0.1,1293.94,211.25
CA-2024-000067,2024-08-29,2024-09-04,CU-1824,Consumer,Central,Technology,Accessories,Belkin 8-Outlet Surge Protector,1,0.1,70.52,-7.34
CA-2023-000068,2023-12-22,2023-12-27,CU-1842,Corporate,Central,Office Supplies,Paper,Hammermill Copy Plus Paper,1,0.0,40.18,-7.5
CA-2024-000069,2024-03-19,2024-03-22,CU-1988,Home Office,South,Office Supplies,Fasteners,OIC Heavy-Duty Binder Clips,3,0.1,17.74,-15.76
CA-2024-000070,2024-09-22,2024-09-29,CU-1330,Consumer,Central,Furniture,Bookcases,Sauder Camden County Barrister Bookcase,2,0.0,1500.1,107.21
CA-2023-000071,2023-10-13,2023-10-17,CU-1871,Corporate,East,Furniture,Bookcases,Bush Westfield Collection Bookcase,1,0.1,494.19,-12.86
CA-2024-000072,2024-05-14,2024-05-16,CU-1569,Consumer,East,Office Supplies,Paper,Xerox Premium Multipurpose Paper,1,0.0,52.58,-1.25
CA-2023-000073,2023-03-29,2023-03-31,CU-1502,Corporate,Central,Office Supplies,Supplies,Stanley Bostitch Heavy-Duty Stapler,1,0.15,49.32,-12.95
CA-2023-000074,2023-04-06,2023-04-09,CU-1543,Corporate,West,Furniture,Chairs,Global Deluxe High-Back Manager's Chair,2,0.0,1258.6,174.8
CA-2024-000075,2024-07-17,2024-07-20,CU-1323,Consumer,East,Office Supplies,Paper,Xerox Premium Multipurpose Paper,1,0.0,49.2,-3.33
CA-2023-000076,2023-07-16,2023-07-18,CU-1102,Consumer,South,Office Supplies,Supplies,Stanley Bostitch Heavy-Duty Stapler,1,0.1,52.85,-10.8
CA-2023-000077,2023-08-21,2023-08-24,CU-1566,Corporate,East,Technology,Accessories,Logitech G910 Mechanical Keyboard,1,0.0,255.15,57.24
CA-2024-000078,2024-10-15,2024-10-22,CU-1348,Consumer,Central,Office Supplies,Supplies,Stanley Bostitch Heavy-Duty Stapler,1,0.0,53.96,-7.79
CA-2023-000079,2023-09-16,2023-09-23,CU-1054,Consumer,East,Office Supplies,Appliances,Hoover Commercial Lightweight Vacuum,3,0.0,1310.17,251.71
CA-2024-000080,2024-07-30,2024-08-02,CU-1633,Consumer,West,Office Supplies,Binders,GBC Ibimaster 500 Manual ProClick Binding System,1,0.1,720.13,82.46
CA-2024-000081,2024-04-06,2024-04-10,CU-1983,Home Office,Central,Furniture,Furnishings,Eldon Image Series Desk Accessories,2,0.0,134.54,18.47
CA-2023-000082,2023-08-01,2023-08-07,CU-1002,Corporate,West,Furniture,Chairs,Global Deluxe High-Back Manager's Chair,2,0.0,1168.45,123.34
CA-2024-000083,2024-12-06,2024-12-11,CU-1072,Home Office,East,Office Supplies,Appliances,Hoover Commercial Lightweight Vacuum,1,0.0,454.29,80.03
CA-2023-000084,2023-09-28,2023-10-05,CU-1230,Home Office,East,Technology,Accessories,SanDisk Ultra 64GB USB Flash Drive,2,0.15,52.26,-13.48
CA-2023-000085,2023-09-30,2023-10-07,CU-1943,Corporate,West,Technology,Accessories,Logitech MX Master Wireless Mouse,1,0.15,140.42,9.24
CA-2023-000086,2023-05-08,2023-05-12,CU-1082,Home Office,Central,Office Supplies,Labels,"Avery 5"" x 8"" Label",2,0.2,28.35,-14.82
CA-2024-000087,2024-03-18,2024-03-24,CU-1589,Home Office,Central,Office Supplies,Storage,Fellowes Bankers Box Heavy-Duty Storage Boxes,1,0.0,95.91,9.38
CA-2024-000088,2024-11-19,2024-11-26,CU-1938,Corporate,East,Furniture,Furnishings,Eldon Image Series Desk Accessories,1,0.15,56.19,-8.59
CA-2024-000089,2024-08-22,2024-08-26,CU-1686,Consumer,East,Office Supplies,Fasteners,OIC Heavy-Duty Binder Clips,1,0.0,6.46,-20.75
CA-2023-000090,2023-12-04,2023-12-08,CU-1465,Consumer,South,Office Supplies,Labels,"Avery 5"" x 8"" Label",1,0.2,14.97,-19.04
CA-2023-000091,2023-09-16,2023-09-19,CU-1890,Home Office,West,Technology,Accessories,Logitech MX Master Wireless Mouse,2,0.15,292.17,25.81
CA-2024-000092,2024-02-28,2024-02-29,CU-1208,Corporate,East,Technology,Machines,Zebra ZP 450 Thermal Label Printer,1,0.15,449.19,43.84
CA-2023-000093,2023-10-22,2023-10-26,CU-1726,Consumer,South,Furniture,Furnishings,DAX Two-Tone Rosewood/Black Document Frame,1,0.0,42.32,-10.19
CA-2024-000094,2024-07-18,2024-07-19,CU-1120,Home Office,East,Office Supplies,Art,Newell 312 Mechanical Pencil,1,0.3,7.21,-21.96
CA-2024-000095,2024-05-25,2024-05-31,CU-1467,Home Office,East,Furniture,Furnishings,Eldon Image Series Desk Accessories,2,0.0,132.51,22.2
CA-2024-000096,2024-01-28,2024-01-30,CU-1808,Corporate,South,Furniture,Bookcases,Sauder Camden County Barrister Bookcase,1,0.2,603.91,-58.85
CA-2024-000097,2024-06-03,2024-06-06,CU-1501,Consumer,West,Technology,Accessories,Belkin 8-Outlet Surge Protector,1,0.0,82.49,2.5
CA-2024-000098,2024-07-05,2024-07-09,CU-1193,Home Office,East,Office Supplies,Storage,Fellowes Bankers Box Heavy-Duty Storage Boxes,2,0.0,175.82,29.86
CA-2024-000099,2024-08-08,2024-08-12,CU-1830,Corporate,West,Furniture,Bookcases,Bush Westfield Collection Bookcase,2,0.0,1171.37,135.9
CA-2024-000100,2024-11-10,2024-11-17,CU-1604,Corporate,Central,Technology,Accessories,Belkin 8-Outlet Surge Protector,5,0.0,372.62,80.51
CA-2024-000101,2024-03-26,2024-03-27,CU-1158,Consumer,West,Office Supplies,Art,Newell 312 Mechanical Pencil,1,0.1,8.5,-20.47
CA-2023-000102,2023-09-29,2023-10-02,CU-1546,Corporate,South,Office Supplies,Fasteners,OIC Heavy-Duty Binder Clips,1,0.0,6.45,-20.57
CA-2024-000103,2024-10-03,2024-10-09,CU-1700,Corporate,East,Furniture,Furnishings,DAX Two-Tone Rosewood/Black Document Frame,1,0.0,42.22,-12.12
CA-2023-000104,2023-04-03,2023-04-07,CU-1306,Consumer,Central,Technology,Machines,HP LaserJet Pro M404n Printer,2,0.1,691.35,82.09
CA-2023-000105,2023-11-29,2023-12-06,CU-1698,Consumer,East,Office Supplies,Binders,GBC DocuBind TL300 Electric Binding System,1,0.0,916.2,171.23
CA-2023-000106,2023-06-29,2023-06-30,CU-1237,Corporate,South,Office Supplies,Fasteners,OIC Heavy-Duty Binder Clips,1,0.1,5.98,-21.21
CA-2024-000107,2024-04-15,2024-04-18,CU-1075,Corporate,South,Office Supplies,Fasteners,OIC Heavy-Duty Binder Clips,3,0.0,19.18,-14.22
CA-2024-000108,2024-08-24,2024-08-27,CU-1393,Corporate,Central,Office Supplies,Fasteners,OIC Heavy-Duty Binder Clips,1,0.0,7.05,-20.54
CA-2023-000109,2023-08-31,2023-09-04,CU-1674,Corporate,South,Office Supplies,Envelopes,Avery Self-Adhesive Address Labels,2,0.3,29.89,-15.57
CA-2023-000110,2023-01-09,2023-01-14,CU-1852,Corporate,East,Furniture,Furnishings,DAX Two-Tone Rosewood/Black Document Frame,2,0.3,62.13,-15.22
CA-2024-000111,2024-09-13,2024-09-20,CU-1675,Home Office,East,Office Supplies,Paper,Xerox Premium Multipurpose Paper,2,0.1,96.0,10.44
CA-2024-000112,2024-10-05,2024-10-06,CU-1749,Consumer,Central,Furniture,Tables,Hon Every-Day Round Conference Table,2,0.0,2776.45,271.42
CA-2023-000113,2023-10-30,2023-11-02,CU-1543,Home Office,South,Office Supplies,Supplies,Stanley Bostitch Heavy-Duty Stapler,1,0.0,56.52,-4.81
CA-2023-000114,2023-06-18,2023-06-21,CU-1823,Consumer,West,Furniture,Bookcases,Sauder Camden County Barrister Bookcase,4,0.3,1912.44,-158.46
CA-2023-000115,2023-03-19,2023-03-21,CU-1866,Home Office,South,Office Supplies,Supplies,Stanley Bostitch Heavy-Duty Stapler,1,0.1,52.09,-11.81
CA-2023-000116,2023-04-03,2023-04-10,CU-1268,Home Office,West,Office Supplies,Paper,Xerox Premium Multipurpose Paper,1,0.0,50.48,-2.69
CA-2024-000117,2024-10-15,2024-10-18,CU-1937,Home Office,East,Technology,Phones,Polycom CX600 IP Phone,1,0.0,441.85,57.82
CA-2024-000118,2024-10-25,2024-10-26,CU-1046,Consumer,South,Office Supplies,Fasteners,OIC Heavy-Duty Binder Clips,1,0.1,6.14,-21.37
CA-2024-000119,2024-05-19,2024-05-20,CU-1760,Home Office,West,Technology,Phones,Polycom CX600 IP Phone,3,0.0,1230.32,214.35
CA-2024-000120,2024-08-24,2024-08-30,CU-1961,Corporate,Central,Office Supplies,Supplies,Stanley Bostitch Heavy-Duty Stapler,3,0.1,160.54,16.13
CA-2024-000121,2024-12-07,2024-12-10,CU-1376,Home Office,South,Furniture,Chairs,Global Deluxe High-Back Manager's Chair,1,0.0,605.11,96.2
CA-2023-000122,2023-03-04,2023-03-08,CU-1217,Home Office,Central,Furniture,Furnishings,Eldon Image Series Desk Accessories,4,0.2,224.95,20.5
CA-2023-000123,2023-02-21,2023-02-28,CU-1567,Consumer,East,Office Supplies,Storage,Fellowes Bankers Box Heavy-Duty Storage Boxes,5,0.15,356.82,67.59
CA-2023-000124,2023-08-27,2023-08-30,CU-1133,Home Office,South,Technology,Accessories,SanDisk Ultra 64GB USB Flash Drive,2,0.1,56.16,-7.12
CA-2023-000125,2023-06-28,2023-06-29,CU-1331,Consumer,East,Office Supplies,Fasteners,OIC Heavy-Duty Binder Clips,1,0.0,6.99,-20.54
CA-2023-000126,2023-09-29,2023-09-30,CU-1370,Home Office,Central,Technology,Accessories,Logitech MX Master Wireless Mouse,1,0.0,149.82,20.43
CA-2024-000127,2024-04-07,2024-04-12,CU-1308,Corporate,Central,Furniture,Chairs,Global Deluxe High-Back Manager's Chair,2,0.1,1197.84,111.12
CA-2023-000128,2023-03-04,2023-03-08,CU-1920,Consumer,South,Technology,Accessories,Belkin 8-Outlet Surge Protector,1,0.0,84.3,-0.67
CA-2024-000129,2024-09-14,2024-09-16,CU-1611,Home Office,South,Office Supplies,Binders,GBC DocuBind TL300 Electric Binding System,1,0.1,871.41,103.35
CA-2024-000130,2024-04-09,2024-04-14,CU-1787,Home Office,East,Office Supplies,Fasteners,OIC Heavy-Duty Binder Clips,1,0.1,6.36,-21.01
CA-2024-000131,2024-03-16,2024-03-20,CU-1320,Corporate,South,Furniture,Furnishings,DAX Two-Tone Rosewood/Black Document Frame,1,0.15,34.51,-16.01
CA-2024-000132,2024-11-12,2024-11-15,CU-1095,Corporate,Central,Office Supplies,Paper,Xerox Premium Multipurpose Paper,1,0.2,38.16,-12.19
CA-2024-000133,2024-01-17,2024-01-24,CU-1420,Corporate,West,Technology,Accessories,Logitech MX Master Wireless Mouse,1,0.2,131.4,1.55
CA-2023-000134,2023-02-22,2023-02-25,CU-1229,Consumer,South,Office Supplies,Envelopes,Avery Self-Adhesive Address Labels,1,0.1,18.92,-16.84
CA-2024-000135,2024-07-23,2024-07-26,CU-1785,Home Office,Central,Technology,Accessories,Logitech MX Master Wireless Mouse,1,0.0,160.41,25.02
CA-2024-000136,2024-09-15,2024-09-21,CU-1347,Corporate,Central,Technology,Accessories,Belkin 8-Outlet Surge Protector,1,0.0,84.17,-1.61
CA-2023-000137,2023-07-05,2023-07-12,CU-1093,Home Office,East,Technology,Accessories,Logitech MX Master Wireless Mouse,2,0.0,338.86,90.56
CA-2024-000138,2024-01-21,2024-01-25,CU-1610,Consumer,Central,Office Supplies,Paper,Hammermill Copy Plus Paper,1,0.0,40.05,-7.25
CA-2023-000139,2023-06-09,2023-06-11,CU-1621,Corporate,West,Office Supplies,Supplies,Stanley Bostitch Heavy-Duty Stapler,1,0.0,55.55,-7.56
CA-2023-000140,2023-10-07,2023-10-09,CU-1498,Home Office,South,Office Supplies,Supplies,Stanley Bostitch Heavy-Duty Stapler,1,0.0,53.96,-6.93
CA-2023-000141,2023-02-16,2023-02-18,CU-1140,Corporate,South,Office Supplies,Paper,Xerox Premium Multipurpose Paper,2,0.0,99.73,13.69
CA-2023-000142,2023-12-02,2023-12-03,CU-1512,Home Office,South,Technology,Copiers,Canon imageCLASS 2200 Advanced Copier,2,0.0,4336.01,1347.56
CA-2023-000143,2023-03-15,2023-03-19,CU-1589,Corporate,West,Furniture,Furnishings,DAX Two-Tone Rosewood/Black Document Frame,1,0.0,44.45,-9.27
CA-2024-000144,2024-12-27,2025-01-02,CU-1632,Corporate,South,Office Supplies,Paper,Hammermill Copy Plus Paper,1,0.0,40.07,-7.7
CA-2023-000145,2023-04-01,2023-04-05,CU-1317,Home Office,South,Technology,Accessories,Belkin 8-Outlet Surge Protector,1,0.1,73.42,-8.35
CA-2023-000146,2023-08-15,2023-08-18,CU-1794,Corporate,South,Technology,Accessories,SanDisk Ultra 64GB USB Flash Drive,1,0.1,29.41,-16.96
CA-2024-000147,2024-10-22,2024-10-29,CU-1777,Home Office,Central,Technology,Accessories,Logitech MX Master Wireless Mouse,1,0.0,153.01,17.77
CA-2023-000148,2023-07-01,2023-07-08,CU-1903,Home Office,South,Office Supplies,Fasteners,OIC Heavy-Duty Binder Clips,1,0.1,6.07,-21.13
CA-2024-000149,2024-10-04,2024-10-07,CU-1057,Corporate,Central,Technology,Accessories,Logitech MX Master Wireless Mouse,1,0.0,156.75,20.31
CA-2023-000150,2023-11-14,2023-11-18,CU-1875,Consumer,West,Office Supplies,Paper,Hammermill Copy Plus Paper,1,0.15,32.49,-13.52
CA-2024-000151,2024-04-18,2024-04-23,CU-1667,Consumer,South,Office Supplies,Art,Newell 312 Mechanical Pencil,2,0.2,15.22,-18.49
CA-2024-000152,2024-09-11,2024-09-15,CU-1731,Consumer,East,Office Supplies,Art,Newell 312 Mechanical Pencil,4,0.0,40.53,-4.56
CA-2023-000153,2023-02-10,2023-02-12,CU-1939,Corporate,West,Office Supplies,Labels,"Avery 5"" x 8"" Label",5,0.0,90.35,14.87
CA-2024-000154,2024-02-23,2024-03-01,CU-1096,Home Office,West,Office Supplies,Storage,Fellowes Bankers Box Heavy-Duty Storage Boxes,2,0.15,154.59,6.29
CA-2023-000155,2023-10-18,2023-10-21,CU-1596,Home Office,East,Office Supplies,Supplies,Stanley Bostitch Heavy-Duty Stapler,2,0.2,95.76,-7.92
CA-2023-000156,2023-12-25,2023-12-28,CU-1317,Home Office,West,Office Supplies,Storage,Tennsco Industrial Steel Shelving,2,0.0,720.9,188.81
CA-2024-000157,2024-10-20,2024-10-27,CU-1934,Home Office,Central,Office Supplies,Storage,Fellowes Bankers Box Heavy-Duty Storage Boxes,1,0.1,86.11,1.92
CA-2024-000158,2024-10-23,2024-10-29,CU-1970,Corporate,East,Office Supplies,Paper,Hammermill Copy Plus Paper,1,0.0,39.0,-9.97
CA-2023-000159,2023-08-20,2023-08-22,CU-1756,Home Office,Central,Technology,Accessories,Logitech G910 Mechanical Keyboard,1,0.15,226.27,19.82
CA-2024-000160,2024-11-08,2024-11-11,CU-1709,Home Office,East,Furniture,Furnishings,DAX Two-Tone Rosewood/Black Document Frame,2,0.1,69.85,-8.9
CA-2024-000161,2024-03-24,2024-03-25,CU-1766,Corporate,East,Office Supplies,Paper,Hammermill Copy Plus Paper,2,0.0,81.89,5.82
CA-2024-000162,2024-06-30,2024-07-02,CU-1969,Home Office,West,Office Supplies,Storage,Fellowes Bankers Box Heavy-Duty Storage Boxes,3,0.0,281.72,63.27
CA-2024-000163,2024-04-17,2024-04-24,CU-1820,Home Office,East,Furniture,Furnishings,Eldon Image Series Desk Accessories,1,0.0,71.99,3.13
CA-2023-000164,2023-09-14,2023-09-15,CU-1871,Consumer,South,Office Supplies,Fasteners,OIC Heavy-Duty Binder Clips,3,0.1,16.67,-16.1
CA-2023-000165,2023-03-27,2023-04-03,CU-1932,Consumer,West,Technology,Accessories,Logitech G910 Mechanical Keyboard,1,0.0,281.53,45.74
CA-2023-000166,2023-12-24,2023-12-25,CU-1229,Consumer,South,Office Supplies,Paper,Hammermill Copy Plus Paper,1,0.0,40.52,-9.85
CA-2023-000167,2023-04-12,2023-04-19,CU-1483,Home Office,East,Office Supplies,Labels,"Avery 5"" x 8"" Label",1,0.0,16.26,-16.2
CA-2024-000168,2024-12-23,2024-12-27,CU-1561,Home Office,West,Office Supplies,Paper,Hammermill Copy Plus Paper,1,0.0,39.55,-7.81
CA-2023-000169,2023-04-24,2023-05-01,CU-1468,Consumer,Central,Furniture,Furnishings,Eldon Image Series Desk Accessories,1,0.0,65.51,0.57
CA-2024-000170,2024-05-26,2024-05-31,CU-1001,Home Office,South,Office Supplies,Art,Newell 312 Mechanical Pencil,2,0.1,17.96,-17.19
CA-2023-000171,2023-09-04,2023-09-09,CU-1538,Home Office,Central,Office Supplies,Paper,Hammermill Copy Plus Paper,2,0.0,89.69,7.09
CA-2024-000172,2024-02-04,2024-02-11,CU-1807,Consumer,South,Office Supplies,Appliances,Hoover Commercial Lightweight Vacuum,2,0.3,632.58,-35.72
CA-2023-000173,2023-09-04,2023-09-10,CU-1360,Home Office,South,Office Supplies,Fasteners,OIC Heavy-Duty Binder Clips,1,0.1,6.26,-21.32
CA-2024-000174,2024-10-20,2024-10-22,CU-1138,Consumer,West,Technology,Accessories,Belkin 8-Outlet Surge Protector,2,0.3,113.28,-15.44
CA-2023-000175,2023-02-07,2023-02-10,CU-1407,Home Office,West,Technology,Machines,Zebra ZP 450 Thermal Label Printer,2,0.2,799.86,43.94
CA-2023-000176,2023-09-17,2023-09-18,CU-1339,Corporate,Central,Office Supplies,Supplies,Stanley Bostitch Heavy-Duty Stapler,1,0.0,58.93,-4.49
CA-2024-000177,2024-01-12,2024-01-16,CU-1508,Home Office,West,Furniture,Furnishings,DAX Two-Tone Rosewood/Black Document Frame,2,0.2,64.82,-9.76
CA-2024-000178,2024-01-12,2024-01-19,CU-1842,Consumer,South,Office Supplies,Art,Newell 312 Mechanical Pencil,3,0.1,23.98,-14.34
CA-2023-000179,2023-11-25,2023-11-26,CU-1706,Corporate,South,Office Supplies,Binders,GBC Ibimaster 500 Manual ProClick Binding System,2,0.0,1654.27,297.19
CA-2024-000180,2024-04-02,2024-04-03,CU-1810,Consumer,Central,Office Supplies,Supplies,Stanley Bostitch Heavy-Duty Stapler,3,0.1,149.76,13.72
CA-2024-000181,2024-11-18,2024-11-24,CU-1869,Home Office,West,Office Supplies,Paper,Xerox Premium Multipurpose Paper,1,0.1,43.71,-10.67
CA-2023-000182,2023-02-05,2023-02-07,CU-1619,Consumer,West,Office Supplies,Binders,GBC Ibimaster 500 Manual ProClick Binding System,2,0.0,1590.64,302.79
CA-2024-000183,2024-01-15,2024-01-18,CU-1285,Consumer,Central,Office Supplies,Paper,Hammermill Copy Plus Paper,1,0.0,40.37,-9.15
CA-2023-000184,2023-01-27,2023-02-02,CU-1720,Corporate,East,Technology,Machines,Zebra ZP 450 Thermal Label Printer,1,0.2,385.36,23.12
CA-2024-000185,2024-09-18,2024-09-21,CU-1176,Home Office,West,Office Supplies,Labels,"Avery 5"" x 8"" Label",5,0.0,82.87,9.74
CA-2023-000186,2023-03-31,2023-04-07,CU-1555,Corporate,South,Office Supplies,Labels,"Avery 5"" x 8"" Label",3,0.0,51.72,-2.94
CA-2023-000187,2023-06-11,2023-06-17,CU-1205,Consumer,East,Office Supplies,Labels,"Avery 5"" x 8"" Label",2,0.0,34.57,-9.44
CA-2024-000188,2024-05-20,2024-05-21,CU-1905,Consumer,Central,Office Supplies,Paper,Xerox Premium Multipurpose Paper,2,0.0,112.29,17.7
CA-2023-000189,2023-11-13,2023-11-17,CU-1075,Consumer,South,Technology,Machines,HP LaserJet Pro M404n Printer,2,0.0,866.72,206.55
CA-2024-000190,2024-10-19,2024-10-20,CU-1655,Home Office,East,Office Supplies,Paper,Hammermill Copy Plus Paper,2,0.0,88.28,11.63
CA-2023-000191,2023-05-13,2023-05-17,CU-1165,Corporate,East,Office Supplies,Art,Newell 312 Mechanical Pencil,3,0.15,24.55,-15.44
CA-2023-000192,2023-12-21,2023-12-26,CU-1128,Home Office,South,Furniture,Furnishings,DAX Two-Tone Rosewood/Black Document Frame,3,0.0,127.04,14.74
CA-2024-000193,2024-09-21,2024-09-26,CU-1639,Home Office,South,Technology,Phones,Polycom CX600 IP Phone,2,0.1,755.04,46.85
CA-2024-000194,2024-07-31,2024-08-01,CU-1666,Consumer,West,Technology,Accessories,Belkin 8-Outlet Surge Protector,1,0.0,83.27,-0.06
CA-2024-000195,2024-09-24,2024-09-30,CU-1250,Home Office,West,Technology,Phones,Cisco TelePresence System EX90 Videoconferencing Unit,3,0.0,9993.84,1816.65
CA-2023-000196,2023-11-01,2023-11-05,CU-1621,Consumer,South,Office Supplies,Binders,GBC Ibimaster 500 Manual ProClick Binding System,1,0.0,810.0,118.93
CA-2023-000197,2023-11-23,2023-11-29,CU-1108,Corporate,East,Technology,Machines,HP LaserJet Pro M404n Printer,1,0.0,432.74,80.49
CA-2024-000198,2024-04-22,2024-04-23,CU-1630,Corporate,East,Furniture,Furnishings,Eldon Image Series Desk Accessories,1,0.0,63.97,-2.09
CA-2023-000199,2023-06-13,2023-06-20,CU-1527,Corporate,West,Office Supplies,Storage,Fellowes Bankers Box Heavy-Duty Storage Boxes,2,0.0,185.53,35.45
CA-2023-000200,2023-11-12,2023-11-16,CU-1361,Consumer,Central,Office Supplies,Binders,Fellowes PB500 Electric Punch Plastic Comb Binding Machine with Manual Bind,4,0.0,5758.92,1284.6
CA-2023-000201,2023-10-16,2023-10-20,CU-1110,Corporate,East,Office Supplies,Envelopes,Avery Self-Adhesive Address Labels,3,0.1,57.52,-5.45
CA-2023-000202,2023-09-28,2023-10-04,CU-1371,Home Office,South,Office Supplies,Paper,Xerox Premium Multipurpose Paper,1,0.0,47.55,-4.63
CA-2023-000203,2023-03-17,2023-03-21,CU-1121,Consumer,Central,Office Supplies,Art,Newell 312 Mechanical Pencil,2,0.0,20.87,-14.2
CA-2024-000204,2024-02-08,2024-02-11,CU-1521,Corporate,Central,Technology,Accessories,SanDisk Ultra 64GB USB Flash Drive,1,0.2,27.17,-19.11
CA-2023-000205,2023-02-16,2023-02-17,CU-1527,Consumer,South,Technology,Accessories,Logitech MX Master Wireless Mouse,1,0.0,161.21,25.84
CA-2024-000206,2024-09-19,2024-09-22,CU-1848,Home Office,West,Technology,Accessories,Logitech G910 Mechanical Keyboard,5,0.1,1153.46,214.78
CA-2024-000207,2024-12-26,2024-12-31,CU-1597,Corporate,Central,Furniture,Furnishings,Eldon Image Series Desk Accessories,3,0.0,205.55,55.95
CA-2024-000208,2024-09-03,2024-09-07,CU-1052,Home Office,West,Furniture,Furnishings,Eldon Image Series Desk Accessories,2,0.3,94.34,-9.91
CA-2023-000209,2023-06-24,2023-06-29,CU-1032,Home Office,Central,Office Supplies,Fasteners,OIC Heavy-Duty Binder Clips,2,0.15,10.59,-19.4
CA-2023-000210,2023-07-15,2023-07-16,CU-1626,Corporate,Central,Office Supplies,Paper,Hammermill Copy Plus Paper,1,0.0,39.17,-9.0
CA-2024-000211,2024-12-23,2024-12-25,CU-1979,Consumer,West,Office Supplies,Art,Newell 312 Mechanical Pencil,2,0.3,13.39,-20.41
CA-2024-000212,2024-06-29,2024-07-02,CU-1270,Home Office,West,Office Supplies,Art,Newell 312 Mechanical Pencil,2,0.15,16.85,-17.41
CA-2023-000213,2023-07-16,2023-07-18,CU-1721,Consumer,West,Furniture,Furnishings,Eldon Image Series Desk Accessories,1,0.2,57.74,-9.36
CA-2023-000214,2023-11-21,2023-11-25,CU-1692,Home Office,West,Office Supplies,Storage,Fellowes Bankers Box Heavy-Duty Storage Boxes,4,0.15,289.12,33.85
CA-2024-000215,2024-02-09,2024-02-16,CU-1080,Corporate,West,Office Supplies,Storage,Fellowes Bankers Box Heavy-Duty Storage Boxes,2,0.0,162.76,34.12
CA-2024-000216,2024-11-02,2024-11-05,CU-1278,Consumer,Central,Office Supplies,Supplies,Stanley Bostitch Heavy-Duty Stapler,1,0.15,45.75,-14.05
CA-2024-000217,2024-09-22,2024-09-28,CU-1053,Consumer,West,Office Supplies,Envelopes,Avery Self-Adhesive Address Labels,1,0.1,20.05,-16.45
CA-2023-000218,2023-12-05,2023-12-11,CU-1161,Corporate,West,Office Supplies,Appliances,Hoover Commercial Lightweight Vacuum,2,0.0,1023.44,219.92
CA-2024-000219,2024-05-03,2024-05-09,CU-1091,Home Office,East,Technology,Machines,Zebra ZP 450 Thermal Label Printer,4,0.0,2121.38,512.05
CA-2024-000220,2024-07-01,2024-07-07,CU-1180,Consumer,West,Office Supplies,Supplies,Stanley Bostitch Heavy-Duty Stapler,4,0.2,169.18,11.73
CA-2024-000221,2024-05-22,2024-05-24,CU-1581,Home Office,Central,Furniture,Bookcases,Sauder Camden County Barrister Bookcase,4,0.2,2420.78,-215.75
CA-2023-000222,2023-12-10,2023-12-13,CU-1516,Corporate,South,Office Supplies,Paper,Hammermill Copy Plus Paper,2,0.0,88.44,7.12
CA-2023-000223,2023-07-17,2023-07-24,CU-1754,Corporate,South,Technology,Phones,Polycom CX600 IP Phone,1,0.0,395.64,37.39
CA-2024-000224,2024-08-04,2024-08-10,CU-1527,Corporate,Central,Office Supplies,Supplies,Stanley Bostitch Heavy-Duty Stapler,1,0.15,51.08,-11.83
CA-2024-000225,2024-02-15,2024-02-21,CU-1392,Consumer,West,Technology,Phones,Polycom CX600 IP Phone,5,0.0,2228.21,289.28
CA-2023-000226,2023-10-01,2023-10-04,CU-1063,Home Office,Central,Furniture,Furnishings,Eldon Image Series Desk Accessories,2,0.0,136.56,26.02
CA-2024-000227,2024-04-21,2024-04-24,CU-1706,Consumer,South,Technology,Accessories,Logitech G910 Mechanical Keyboard,2,0.2,454.73,58.68
CA-2024-000228,2024-01-12,2024-01-17,CU-1382,Corporate,West,Furniture,Chairs,Global Deluxe High-Back Manager's Chair,4,0.0,2461.24,466.15
CA-2024-000229,2024-07-04,2024-07-11,CU-1083,Home Office,West,Office Supplies,Fasteners,OIC Heavy-Duty Binder Clips,1,0.0,6.95,-20.21
CA-2024-000230,2024-06-24,2024-06-30,CU-1207,Home Office,East,Office Supplies,Paper,Xerox Premium Multipurpose Paper,3,0.0,164.15,47.06
CA-2023-000231,2023-06-18,2023-06-21,CU-1920,Home Office,West,Furniture,Furnishings,DAX Two-Tone Rosewood/Black Document Frame,1,0.1,38.66,-14.65
CA-2023-000232,2023-02-26,2023-03-02,CU-1315,Home Office,Central,Technology,Accessories,Logitech MX Master Wireless Mouse,1,0.1,147.75,13.62
CA-2024-000233,2024-02-10,2024-02-13,CU-1065,Home Office,Central,Technology,Accessories,Belkin 8-Outlet Surge Protector,2,0.1,134.37,4.0
CA-2023-000234,2023-03-12,2023-03-16,CU-1661,Corporate,South,Technology,Phones,Cisco TelePresence System EX90 Videoconferencing Unit,1,0.15,2892.58,404.99
CA-2024-000235,2024-01-27,2024-01-31,CU-1552,Consumer,South,Furniture,Furnishings,DAX Two-Tone Rosewood/Black Document Frame,3,0.0,128.09,16.19
CA-2023-000236,2023-05-02,2023-05-04,CU-1774,Consumer,South,Technology,Machines,HP LaserJet Pro M404n Printer,1,0.0,448.81,95.84
CA-2024-000237,2024-04-19,2024-04-25,CU-1158,Corporate,East,Office Supplies,Supplies,Stanley Bostitch Heavy-Duty Stapler,1,0.0,53.42,-8.04
CA-2023-000238,2023-04-26,2023-04-27,CU-1211,Consumer,Central,Technology,Accessories,SanDisk Ultra 64GB USB Flash Drive,1,0.15,29.51,-18.25
CA-2024-000239,2024-08-31,2024-09-01,CU-1449,Consumer,East,Office Supplies,Paper,Hammermill Copy Plus Paper,2,0.2,63.15,-9.78
CA-2023-000240,2023-02-27,2023-03-01,CU-1612,Home Office,South,Office Supplies,Art,Newell 312 Mechanical Pencil,1,0.15,8.5,-20.95
CA-2023-000241,2023-08-31,2023-09-03,CU-1570,Home Office,East,Furniture,Furnishings,DAX Two-Tone Rosewood/Black Document Frame,5,0.0,203.57,33.52
CA-2024-000242,2024-10-03,2024-10-09,CU-1804,Home Office,South,Office Supplies,Paper,Hammermill Copy Plus Paper,1,0.3,31.22,-17.22
CA-2024-000243,2024-12-14,2024-12-18,CU-1230,Corporate,East,Office Supplies,Paper,Xerox Premium Multipurpose Paper,1,0.0,52.04,-4.15
CA-2024-000244,2024-04-19,2024-04-20,CU-1208,Corporate,Central,Office Supplies,Envelopes,Avery Self-Adhesive Address Labels,4,0.1,74.55,1.41
CA-2024-000245,2024-04-05,2024-04-12,CU-1619,Home Office,Central,Office Supplies,Paper,Xerox Premium Multipurpose Paper,1,0.15,40.43,-11.75
CA-2023-000246,2023-03-16,2023-03-18,CU-1928,Corporate,South,Technology,Accessories,SanDisk Ultra 64GB USB Flash Drive,2,0.1,55.54,-10.74
CA-2023-000247,2023-01-16,2023-01-18,CU-1248,Home Office,East,Furniture,Bookcases,Sauder Camden County Barrister Bookcase,4,0.0,3088.04,217.95
CA-2024-000248,2024-02-11,2024-02-13,CU-1267,Corporate,West,Office Supplies,Art,Newell 312 Mechanical Pencil,2,0.0,19.32,-15.41
CA-2024-000249,2024-04-22,2024-04-23,CU-1320,Corporate,Central,Technology,Accessories,SanDisk Ultra 64GB USB Flash Drive,2,0.15,53.46,-12.86
CA-2024-000250,2024-07-30,2024-08-06,CU-1427,Corporate,East,Furniture,Chairs,Global Deluxe High-Back Manager's Chair,1,0.0,668.35,87.28
CA-2023-000251,2023-07-20,2023-07-23,CU-1345,Corporate,West,Furniture,Bookcases,Bush Westfield Collection Bookcase,2,0.0,1132.55,152.19
CA-2024-000252,2024-10-19,2024-10-25,CU-1500,Consumer,Central,Office Supplies,Art,Newell 312 Mechanical Pencil,1,0.15,7.68,-20.99
CA-2024-000253,2024-06-20,2024-06-21,CU-1140,Home Office,East,Technology,Accessories,Belkin 8-Outlet Surge Protector,1,0.15,63.49,-14.33
CA-2023-000254,2023-03-11,2023-03-17,CU-1956,Home Office,West,Technology,Accessories,Logitech MX Master Wireless Mouse,1,0.0,149.73,22.68
CA-2024-000255,2024-11-06,2024-11-10,CU-1548,Corporate,Central,Office Supplies,Binders,Fellowes PB500 Electric Punch Plastic Comb Binding Machine with Manual Bind,1,0.0,1214.7,301.37
CA-2024-000256,2024-05-29,2024-06-05,CU-1536,Consumer,East,Office Supplies,Labels,"Avery 5"" x 8"" Label",1,0.2,13.36,-19.17
CA-2023-000257,2023-07-16,2023-07-21,CU-1415,Corporate,East,Office Supplies,Art,Newell 312 Mechanical Pencil,3,0.0,28.27,-11.46
CA-2024-000258,2024-12-14,2024-12-16,CU-1032,Consumer,West,Furniture,Furnishings,Eldon Image Series Desk Accessories,3,0.0,216.85,54.6
CA-2024-000259,2024-01-24,2024-01-28,CU-1444,Home Office,South,Office Supplies,Art,Newell 312 Mechanical Pencil,1,0.0,9.04,-19.82
CA-2024-000260,2024-08-02,2024-08-09,CU-1708,Home Office,West,Technology,Machines,HP LaserJet Pro M404n Printer,3,0.2,944.65,119.79
CA-2023-000261,2023-10-05,2023-10-06,CU-1183,Corporate,Central,Furniture,Bookcases,Sauder Camden County Barrister Bookcase,2,0.0,1428.67,108.47
CA-2023-000262,2023-08-01,2023-08-06,CU-1577,Consumer,West,Technology,Accessories,Logitech MX Master Wireless Mouse,3,0.15,445.93,62.59
CA-2024-000263,2024-11-24,2024-11-29,CU-1512,Home Office,South,Office Supplies,Storage,Fellowes Bankers Box Heavy-Duty Storage Boxes,2,0.0,192.65,41.21
CA-2023-000264,2023-02-24,2023-02-25,CU-1406,Corporate,Central,Office Supplies,Paper,Hammermill Copy Plus Paper,3,0.0,130.01,30.24
CA-2024-000265,2024-10-11,2024-10-14,CU-1190,Home Office,West,Technology,Accessories,SanDisk Ultra 64GB USB Flash Drive,1,0.0,32.8,-13.73
CA-2023-000266,2023-03-29,2023-04-05,CU-1728,Home Office,East,Office Supplies,Fasteners,OIC Heavy-Duty Binder Clips,2,0.1,11.07,-19.33
CA-2024-000267,2024-02-03,2024-02-06,CU-1104,Consumer,Central,Office Supplies,Paper,Xerox Premium Multipurpose Paper,1,0.2,40.94,-11.56
CA-2023-000268,2023-07-11,2023-07-15,CU-1095,Home Office,South,Office Supplies,Paper,Hammermill Copy Plus Paper,2,0.0,75.72,4.0
CA-2024-000269,2024-01-30,2024-01-31,CU-1248,Home Office,East,Furniture,Furnishings,Eldon Image Series Desk Accessories,1,0.0,71.21,3.34
CA-2024-000270,2024-12-02,2024-12-06,CU-1282,Corporate,South,Technology,Accessories,Logitech G910 Mechanical Keyboard,1,0.0,249.06,39.22
CA-2024-000271,2024-05-10,2024-05-17,CU-1200,Corporate,Central,Office Supplies,Binders,GBC Ibimaster 500 Manual ProClick Binding System,1,0.0,830.38,148.42
CA-2023-000272,2023-05-19,2023-05-22,CU-1450,Corporate,West,Technology,Copiers,Canon imageCLASS 2200 Advanced Copier,1,0.15,1842.69,416.46
CA-2024-000273,2024-10-28,2024-11-02,CU-1987,Corporate,South,Technology,Accessories,Logitech MX Master Wireless Mouse,1,0.2,123.03,-3.58
CA-2023-000274,2023-10-26,2023-11-01,CU-1836,Corporate,South,Office Supplies,Labels,"Avery 5"" x 8"" Label",1,0.1,15.22,-18.26
CA-2023-000275,2023-04-27,2023-05-02,CU-1744,Corporate,East,Technology,Machines,Zebra ZP 450 Thermal Label Printer,5,0.0,2707.78,469.34
CA-2024-000276,2024-03-24,2024-03-31,CU-1511,Consumer,South,Furniture,Furnishings,Eldon Image Series Desk Accessories,2,0.15,118.94,6.17
CA-2023-000277,2023-09-05,2023-09-08,CU-1490,Home Office,West,Office Supplies,Fasteners,OIC Heavy-Duty Binder Clips,2,0.15,10.44,-19.2
CA-2024-000278,2024-07-01,2024-07-06,CU-1718,Home Office,Central,Furniture,Bookcases,Sauder Camden County Barrister Bookcase,3,0.0,1951.12,205.32
CA-2023-000279,2023-04-22,2023-04-29,CU-1660,Home Office,West,Furniture,Bookcases,Bush Westfield Collection Bookcase,2,0.0,1144.95,119.29
CA-2023-000280,2023-12-06,2023-12-13,CU-1594,Home Office,East,Office Supplies,Paper,Hammermill Copy Plus Paper,1,0.0,41.43,-8.08
CA-2024-000281,2024-04-01,2024-04-04,CU-1025,Corporate,Central,Office Supplies,Paper,Xerox Premium Multipurpose Paper,2,0.1,93.06,6.6
CA-2023-000282,2023-10-30,2023-11-03,CU-1351,Corporate,East,Furniture,Bookcases,Sauder Camden County Barrister Bookcase,1,0.15,627.27,-37.77
CA-2024-000283,2024-06-17,2024-06-21,CU-1045,Home Office,Central,Office Supplies,Storage,Fellowes Bankers Box Heavy-Duty Storage Boxes,1,0.1,79.08,-6.07
CA-2023-000284,2023-01-24,2023-01-31,CU-1528,Consumer,East,Office Supplies,Storage,Fellowes Bankers Box Heavy-Duty Storage Boxes,1,0.15,81.1,-3.68
CA-2023-000285,2023-12-05,2023-12-10,CU-1673,Corporate,West,Office Supplies,Paper,Hammermill Copy Plus Paper,1,0.15,35.96,-14.37
CA-2023-000286,2023-01-30,2023-02-05,CU-1210,Corporate,Central,Office Supplies,Fasteners,OIC Heavy-Duty Binder Clips,1,0.1,5.86,-21.21
CA-2024-000287,2024-08-14,2024-08-15,CU-1686,Corporate,South,Technology,Accessories,SanDisk Ultra 64GB USB Flash Drive,1,0.0,30.74,-15.0
CA-2024-000288,2024-09-03,2024-09-07,CU-1833,Home Office,South,Office Supplies,Fasteners,OIC Heavy-Duty Binder Clips,2,0.0,14.11,-16.7
CA-2024-000289,2024-09-21,2024-09-26,CU-1710,Consumer,West,Office Supplies,Binders,GBC Ibimaster 500 Manual ProClick Binding System,1,0.0,784.1,113.05
CA-2024-000290,2024-03-04,2024-03-09,CU-1660,Consumer,East,Technology,Accessories,Logitech MX Master Wireless Mouse,1,0.0,166.37,28.59
CA-2024-000291,2024-05-16,2024-05-19,CU-1009,Corporate,East,Technology,Accessories,Logitech MX Master Wireless Mouse,1,0.0,149.53,19.28
CA-2023-000292,2023-07-19,2023-07-26,CU-1727,Corporate,West,Office Supplies,Paper,Xerox Premium Multipurpose Paper,2,0.1,91.54,7.17
CA-2023-000293,2023-06-21,2023-06-22,CU-1295,Consumer,West,Office Supplies,Envelopes,Avery Self-Adhesive Address Labels,2,0.0,40.62,-7.72
CA-2024-000294,2024-08-02,2024-08-08,CU-1556,Corporate,Central,Technology,Accessories,SanDisk Ultra 64GB USB Flash Drive,1,0.0,32.92,-13.96
CA-2024-000295,2024-03-27,2024-04-01,CU-1895,Consumer,West,Furniture,Chairs,Global Deluxe High-Back Manager's Chair,1,0.1,573.55,21.88
CA-2023-000296,2023-09-27,2023-09-30,CU-1214,Home Office,South,Furniture,Furnishings,DAX Two-Tone Rosewood/Black Document Frame,1,0.15,32.75,-16.2
CA-2024-000297,2024-12-28,2025-01-02,CU-1060,Home Office,South,Office Supplies,Fasteners,OIC Heavy-Duty Binder Clips,1,0.0,6.3,-20.89
CA-2024-000298,2024-06-29,2024-07-02,CU-1975,Home Office,Central,Office Supplies,Envelopes,Avery Self-Adhesive Address Labels,1,0.3,14.93,-20.22
CA-2023-000299,2023-05-19,2023-05-26,CU-1886,Consumer,East,Technology,Accessories,SanDisk Ultra 64GB USB Flash Drive,3,0.3,72.69,-15.88
CA-2023-000300,2023-05-30,2023-06-05,CU-1647,Corporate,West,Office Supplies,Storage,Fellowes Bankers Box Heavy-Duty Storage Boxes,1,0.15,73.87,-9.02
CA-2024-000301,2024-01-20,2024-01-24,CU-1711,Corporate,West,Office Supplies,Binders,GBC Ibimaster 500 Manual ProClick Binding System,2,0.15,1356.96,152.5
CA-2024-000302,2024-05-14,2024-05-17,CU-1650,Home Office,South,Office Supplies,Envelopes,Avery Self-Adhesive Address Labels,3,0.15,52.39,-4.62
CA-2023-000303,2023-03-06,2023-03-13,CU-1848,Corporate,South,Office Supplies,Art,Newell 312 Mechanical Pencil,1,0.0,9.11,-19.96
CA-2024-000304,2024-07-14,2024-07-19,CU-1047,Consumer,West,Technology,Accessories,Logitech MX Master Wireless Mouse,3,0.15,443.37,78.53
CA-2023-000305,2023-01-17,2023-01-18,CU-1705,Consumer,South,Furniture,Bookcases,Sauder Camden County Barrister Bookcase,1,0.0,771.03,33.34
CA-2023-000306,2023-06-12,2023-06-19,CU-1925,Home Office,East,Furniture,Bookcases,Sauder Camden County Barrister Bookcase,1,0.1,609.62,-17.95
CA-2023-000307,2023-02-23,2023-02-27,CU-1097,Consumer,East,Office Supplies,Fasteners,OIC Heavy-Duty Binder Clips,2,0.15,11.16,-19.68
CA-2024-000308,2024-05-03,2024-05-04,CU-1836,Consumer,West,Technology,Accessories,Logitech MX Master Wireless Mouse,1,0.1,133.43,10.22
CA-2024-000309,2024-12-11,2024-12-13,CU-1376,Corporate,East,Office Supplies,Appliances,Hoover Commercial Lightweight Vacuum,1,0.0,498.36,59.97
CA-2024-000310,2024-01-27,2024-02-03,CU-1576,Consumer,East,Technology,Accessories,Belkin 8-Outlet Surge Protector,3,0.1,226.24,18.08
CA-2024-000311,2024-03-26,2024-03-29,CU-1880,Consumer,Central,Office Supplies,Supplies,Stanley Bostitch Heavy-Duty Stapler,2,0.0,110.47,10.9
CA-2023-000312,2023-04-13,2023-04-15,CU-1143,Consumer,South,Office Supplies,Supplies,Stanley Bostitch Heavy-Duty Stapler,2,0.0,121.51,10.77
CA-2024-000313,2024-10-22,2024-10-23,CU-1027,Home Office,South,Furniture,Bookcases,Bush Westfield Collection Bookcase,2,0.1,971.46,68.7
CA-2023-000314,2023-07-30,2023-08-04,CU-1812,Consumer,West,Office Supplies,Fasteners,OIC Heavy-Duty Binder Clips,1,0.0,6.81,-20.32
CA-2024-000315,2024-01-31,2024-02-01,CU-1369,Corporate,East,Furniture,Bookcases,Bush Westfield Collection Bookcase,2,0.0,1200.18,73.28
CA-2024-000316,2024-02-01,2024-02-08,CU-1788,Consumer,Central,Technology,Accessories,Belkin 8-Outlet Surge Protector,1,0.0,76.49,-2.64
CA-2024-000317,2024-08-24,2024-08-25,CU-1293,Home Office,West,Office Supplies,Binders,Fellowes PB500 Electric Punch Plastic Comb Binding Machine with Manual Bind,1,0.2,1148.37,116.03
CA-2024-000318,2024-03-09,2024-03-15,CU-1080,Home Office,East,Office Supplies,Paper,Xerox Premium Multipurpose Paper,2,0.0,96.98,11.67
CA-2023-000319,2023-06-09,2023-06-14,CU-1317,Home Office,West,Office Supplies,Storage,Fellowes Bankers Box Heavy-Duty Storage Boxes,2,0.15,154.66,13.46
CA-2023-000320,2023-09-02,2023-09-03,CU-1682,Home Office,East,Furniture,Bookcases,Bush Westfield Collection Bookcase,4,0.0,2289.76,169.37
CA-2023-000321,2023-05-03,2023-05-04,CU-1801,Home Office,South,Office Supplies,Labels,"Avery 5"" x 8"" Label",2,0.0,38.31,-6.96
CA-2023-000322,2023-06-20,2023-06-23,CU-1030,Corporate,West,Technology,Accessories,Logitech MX Master Wireless Mouse,2,0.0,347.28,87.84
CA-2023-000323,2023-10-06,2023-10-11,CU-1368,Consumer,West,Office Supplies,Binders,GBC DocuBind TL300 Electric Binding System,2,0.1,1597.69,226.01
CA-2024-000324,2024-08-03,2024-08-05,CU-1233,Home Office,Central,Office Supplies,Paper,Xerox Premium Multipurpose Paper,1,0.0,52.38,-2.0
CA-2023-000325,2023-02-15,2023-02-22,CU-1953,Consumer,West,Furniture,Furnishings,DAX Two-Tone Rosewood/Black Document Frame,1,0.0,40.49,-12.88
CA-2023-000326,2023-08-18,2023-08-21,CU-1122,Home Office,Central,Furniture,Bookcases,Bush Westfield Collection Bookcase,3,0.0,1781.44,200.08
CA-2023-000327,2023-07-03,2023-07-05,CU-1289,Corporate,South,Technology,Accessories,SanDisk Ultra 64GB USB Flash Drive,5,0.2,119.98,-0.23
CA-2023-000328,2023-03-30,2023-04-04,CU-1248,Corporate,South,Office Supplies,Paper,Hammermill Copy Plus Paper,1,0.0,43.44,-6.55
CA-2024-000329,2024-08-28,2024-09-01,CU-1154,Consumer,West,Technology,Machines,HP LaserJet Pro M404n Printer,2,0.1,750.51,128.97
CA-2023-000330,2023-01-25,2023-01-27,CU-1777,Home Office,West,Office Supplies,Art,Newell 312 Mechanical Pencil,2,0.1,15.76,-17.95
CA-2023-000331,2023-11-11,2023-11-12,CU-1145,Home Office,South,Technology,Machines,Zebra ZP 450 Thermal Label Printer,5,0.0,2796.94,697.17
CA-2023-000332,2023-04-06,2023-04-07,CU-1997,Home Office,Central,Furniture,Bookcases,Sauder Camden County Barrister Bookcase,3,0.0,2202.81,129.87
CA-2024-000333,2024-08-17,2024-08-18,CU-1678,Consumer,East,Office Supplies,Art,Newell 312 Mechanical Pencil,2,0.0,19.52,-15.79
CA-2023-000334,2023-10-26,2023-10-29,CU-1463,Corporate,East,Technology,Accessories,Belkin 8-Outlet Surge Protector,4,0.0,344.12,67.68
CA-2023-000335,2023-03-18,2023-03-20,CU-1321,Corporate,Central,Technology,Accessories,Logitech MX Master Wireless Mouse,2,0.0,302.07,65.51
CA-2024-000336,2024-07-02,2024-07-05,CU-1161,Home Office,South,Office Supplies,Storage,Tennsco Industrial Steel Shelving,1,0.0,339.61,54.08
CA-2024-000337,2024-12-22,2024-12-28,CU-1991,Corporate,West,Office Supplies,Envelopes,Avery Self-Adhesive Address Labels,1,0.15,17.65,-17.76
CA-2024-000338,2024-06-09,2024-06-10,CU-1463,Home Office,East,Office Supplies,Labels,"Avery 5"" x 8"" Label",1,0.3,11.36,-21.02
CA-2023-000339,2023-04-07,2023-04-11,CU-1227,Consumer,East,Technology,Phones,Polycom CX600 IP Phone,2,0.0,762.44,130.49
CA-2024-000340,2024-02-15,2024-02-18,CU-1076,Consumer,Central,Office Supplies,Labels,"Avery 5"" x 8"" Label",4,0.0,71.97,10.18
CA-2023-000341,2023-07-22,2023-07-28,CU-1043,Corporate,Central,Office Supplies,Paper,Hammermill Copy Plus Paper,1,0.2,35.02,-15.26
CA-2023-000342,2023-06-22,2023-06-27,CU-1362,Consumer,East,Office Supplies,Paper,Hammermill Copy Plus Paper,2,0.0,80.98,6.41
CA-2023-000343,2023-10-09,2023-10-12,CU-1510,Corporate,West,Office Supplies,Paper,Hammermill Copy Plus Paper,1,0.1,37.99,-11.29
CA-2023-000344,2023-03-04,2023-03-05,CU-1645,Home Office,Central,Furniture,Furnishings,Eldon Image Series Desk Accessories,1,0.0,71.02,1.11
CA-2024-000345,2024-01-27,2024-02-03,CU-1329,Corporate,South,Office Supplies,Labels,"Avery 5"" x 8"" Label",1,0.15,14.65,-18.68
CA-2023-000346,2023-07-04,2023-07-05,CU-1483,Home Office,South,Office Supplies,Storage,Fellowes Bankers Box Heavy-Duty Storage Boxes,1,0.2,74.41,-11.64
CA-2024-000347,2024-08-21,2024-08-23,CU-1939,Home Office,Central,Technology,Machines,HP LaserJet Pro M404n Printer,1,0.1,356.69,49.34
CA-2023-000348,2023-08-13,2023-08-18,CU-1180,Consumer,South,Technology,Accessories,Belkin 8-Outlet Surge Protector,2,0.0,172.28,29.1
CA-2024-000349,2024-12-15,2024-12-18,CU-1576,Consumer,West,Furniture,Bookcases,Sauder Camden County Barrister Bookcase,1,0.1,688.89,-6.61
CA-2024-000350,2024-07-09,2024-07-12,CU-1489,Consumer,South,Technology,Accessories,Logitech G910 Mechanical Keyboard,1,0.0,270.65,41.5
CA-2024-000351,2024-09-20,2024-09-22,CU-1060,Consumer,East,Technology,Accessories,SanDisk Ultra 64GB USB Flash Drive,1,0.0,34.25,-11.93
CA-2024-000352,2024-08-23,2024-08-29,CU-1382,Home Office,West,Furniture,Bookcases,Sauder Camden County Barrister Bookcase,2,0.15,1282.59,10.55
CA-2024-000353,2024-08-23,2024-08-24,CU-1654,Corporate,South,Office Supplies,Storage,Fellowes Bankers Box Heavy-Duty Storage Boxes,1,0.3,64.6,-15.18
CA-2023-000354,2023-06-28,2023-07-04,CU-1603,Consumer,West,Office Supplies,Storage,Tennsco Industrial Steel Shelving,2,0.2,596.13,46.37
CA-2023-000355,2023-11-11,2023-11-17,CU-1400,Home Office,Central,Office Supplies,Labels,"Avery 5"" x 8"" Label",1,0.1,17.23,-16.73
CA-2023-000356,2023-07-06,2023-07-11,CU-1508,Consumer,South,Office Supplies,Storage,Fellowes Bankers Box Heavy-Duty Storage Boxes,3,0.1,245.2,32.1
CA-2023-000357,2023-03-21,2023-03-23,CU-1686,Home Office,South,Office Supplies,Storage,Fellowes Bankers Box Heavy-Duty Storage Boxes,1,0.1,86.33,0.78
CA-2024-000358,2024-04-02,2024-04-03,CU-1001,Consumer,West,Furniture,Furnishings,Eldon Image Series Desk Accessories,1,0.0,63.58,-3.64
CA-2024-000359,2024-03-24,2024-03-30,CU-1384,Consumer,West,Office Supplies,Paper,Hammermill Copy Plus Paper,1,0.0,44.16,-7.63
CA-2024-000360,2024-08-14,2024-08-20,CU-1020,Corporate,South,Office Supplies,Supplies,Stanley Bostitch Heavy-Duty Stapler,1,0.0,59.12,-8.36
CA-2023-000361,2023-04-18,2023-04-19,CU-1095,Corporate,West,Office Supplies,Storage,Fellowes Bankers Box Heavy-Duty Storage Boxes,3,0.0,245.7,63.42
CA-2024-000362,2024-12-22,2024-12-23,CU-1339,Consumer,East,Office Supplies,Paper,Hammermill Copy Plus Paper,2,0.1,73.57,-2.98
CA-2024-000363,2024-02-24,2024-03-01,CU-1098,Consumer,West,Office Supplies,Art,Newell 312 Mechanical Pencil,4,0.0,39.5,-6.75
CA-2024-000364,2024-08-08,2024-08-13,CU-1677,Home Office,West,Technology,Accessories,Belkin 8-Outlet Surge Protector,1,0.0,80.17,-2.76
CA-2023-000365,2023-07-24,2023-07-25,CU-1315,Corporate,West,Office Supplies,Binders,Fellowes PB500 Electric Punch Plastic Comb Binding Machine with Manual Bind,1,0.0,1230.14,317.47
CA-2024-000366,2024-05-15,2024-05-21,CU-1191,Corporate,Central,Furniture,Furnishings,Eldon Image Series Desk Accessories,2,0.0,129.86,20.33
CA-2023-000367,2023-09-27,2023-10-01,CU-1683,Consumer,Central,Office Supplies,Appliances,Hoover Commercial Lightweight Vacuum,1,0.0,435.68,72.03
CA-2024-000368,2024-11-15,2024-11-18,CU-1396,Home Office,West,Technology,Accessories,SanDisk Ultra 64GB USB Flash Drive,1,0.15,26.28,-18.77
CA-2024-000369,2024-07-02,2024-07-08,CU-1924,Home Office,Central,Furniture,Furnishings,DAX Two-Tone Rosewood/Black Document Frame,1,0.2,32.94,-19.06
CA-2024-000370,2024-05-29,2024-06-03,CU-1775,Corporate,East,Furniture,Tables,Hon Every-Day Round Conference Table,3,0.1,3869.36,13.34
CA-2023-000371,2023-06-21,2023-06-23,CU-1842,Home Office,East,Technology,Accessories,SanDisk Ultra 64GB USB Flash Drive,1,0.0,35.31,-12.78
CA-2024-000372,2024-09-01,2024-09-04,CU-1565,Corporate,South,Office Supplies,Storage,Fellowes Bankers Box Heavy-Duty Storage Boxes,2,0.15,139.56,8.84
CA-2024-000373,2024-06-16,2024-06-20,CU-1115,Corporate,East,Furniture,Bookcases,Sauder Camden County Barrister Bookcase,1,0.1,647.96,3.67
CA-2023-000374,2023-06-01,2023-06-06,CU-1103,Corporate,South,Office Supplies,Envelopes,Avery Self-Adhesive Address Labels,2,0.2,38.14,-12.27
CA-2024-000375,2024-02-25,2024-02-28,CU-1147,Home Office,West,Office Supplies,Paper,Xerox Premium Multipurpose Paper,1,0.1,42.68,-10.14
CA-2023-000376,2023-02-09,2023-02-13,CU-1918,Corporate,Central,Furniture,Furnishings,DAX Two-Tone Rosewood/Black Document Frame,1,0.0,43.17,-9.49
CA-2023-000377,2023-12-12,2023-12-19,CU-1995,Consumer,East,Technology,Accessories,SanDisk Ultra 64GB USB Flash Drive,1,0.15,29.38,-16.7
CA-2023-000378,2023-11-04,2023-11-10,CU-1192,Corporate,East,Office Supplies,Paper,Hammermill Copy Plus Paper,3,0.0,122.21,23.97
CA-2024-000379,2024-02-21,2024-02-27,CU-1067,Corporate,West,Office Supplies,Art,Newell 312 Mechanical Pencil,1,0.0,8.85,-19.71
CA-2023-000380,2023-05-19,2023-05-26,CU-1857,Consumer,East,Technology,Accessories,Belkin 8-Outlet Surge Protector,3,0.0,230.35,46.74
CA-2023-000381,2023-02-03,2023-02-07,CU-1406,Home Office,Central,Office Supplies,Binders,GBC DocuBind TL300 Electric Binding System,1,0.0,937.45,179.67
CA-2024-000382,2024-11-28,2024-11-29,CU-1564,Corporate,South,Furniture,Bookcases,Bush Westfield Collection Bookcase,1,0.0,607.27,47.75
CA-2023-000383,2023-06-17,2023-06-24,CU-1166,Home Office,East,Furniture,Furnishings,DAX Two-Tone Rosewood/Black Document Frame,2,0.1,71.58,-7.37
CA-2023-000384,2023-08-15,2023-08-21,CU-1990,Home Office,Central,Furniture,Chairs,Global Deluxe High-Back Manager's Chair,1,0.1,559.57,48.39
CA-2024-000385,2024-04-30,2024-05-02,CU-1312,Home Office,South,Office Supplies,Fasteners,OIC Heavy-Duty Binder Clips,2,0.0,12.71,-17.22
CA-2024-000386,2024-03-09,2024-03-13,CU-1638,Corporate,Central,Technology,Accessories,Belkin 8-Outlet Surge Protector,1,0.0,78.36,-1.82
CA-2023-000387,2023-01-08,2023-01-13,CU-1289,Corporate,Central,Technology,Machines,HP LaserJet Pro M404n Printer,4,0.15,1421.37,199.98
CA-2024-000388,2024-05-08,2024-05-09,CU-1975,Home Office,South,Office Supplies,Storage,Fellowes Bankers Box Heavy-Duty Storage Boxes,1,0.0,85.09,4.4
CA-2023-000389,2023-07-12,2023-07-14,CU-1413,Home Office,South,Office Supplies,Art,Newell 312 Mechanical Pencil,1,0.0,10.21,-19.05
CA-2024-000390,2024-11-28,2024-11-30,CU-1397,Home Office,Central,Office Supplies,Supplies,Stanley Bostitch Heavy-Duty Stapler,2,0.3,75.2,-15.35
CA-2024-000391,2024-08-20,2024-08-26,CU-1653,Corporate,South,Technology,Machines,HP LaserJet Pro M404n Printer,3,0.0,1287.74,304.37
CA-2024-000392,2024-06-03,2024-06-06,CU-1131,Home Office,South,Technology,Accessories,Belkin 8-Outlet Surge Protector,3,0.2,183.86,-0.39
CA-2024-000393,2024-07-26,2024-08-02,CU-1228,Home Office,South,Furniture,Tables,Hon Every-Day Round Conference Table,4,0.2,4613.25,-218.66
CA-2024-000394,2024-03-06,2024-03-13,CU-1054,Home Office,Central,Furniture,Furnishings,DAX Two-Tone Rosewood/Black Document Frame,1,0.1,36.98,-16.14
CA-2024-000395,2024-04-28,2024-04-30,CU-1874,Consumer,East,Office Supplies,Art,Newell 312 Mechanical Pencil,3,0.0,27.77,-12.38
CA-2023-000396,2023-07-25,2023-07-28,CU-1732,Consumer,Central,Office Supplies,Paper,Xerox Premium Multipurpose Paper,2,0.2,82.08,-2.12
CA-2024-000397,2024-05-14,2024-05-17,CU-1779,Consumer,East,Office Supplies,Fasteners,OIC Heavy-Duty Binder Clips,1,0.1,5.45,-21.59
CA-2024-000398,2024-05-16,2024-05-23,CU-1988,Corporate,West,Technology,Accessories,SanDisk Ultra 64GB USB Flash Drive,1,0.1,29.93,-16.34
CA-2023-000399,2023-01-05,2023-01-06,CU-1543,Consumer,Central,Office Supplies,Art,Newell 312 Mechanical Pencil,2,0.2,16.44,-18.13
CA-2024-000400,2024-11-23,2024-11-24,CU-1392,Home Office,South,Office Supplies,Fasteners,OIC Heavy-Duty Binder Clips,1,0.1,5.82,-21.51
CA-2023-000401,2023-06-21,2023-06-22,CU-1345,Corporate,East,Technology,Accessories,Belkin 8-Outlet Surge Protector,1,0.0,84.53,0.43
CA-2023-000402,2023-12-17,2023-12-21,CU-1233,Consumer,East,Office Supplies,Paper,Xerox Premium Multipurpose Paper,1,0.2,44.44,-11.8
CA-2023-000403,2023-08-05,2023-08-11,CU-1384,Home Office,South,Office Supplies,Binders,Fellowes PB500 Electric Punch Plastic Comb Binding Machine with Manual Bind,1,0.0,1379.19,353.14
CA-2024-000404,2024-07-01,2024-07-06,CU-1706,Consumer,West,Furniture,Chairs,HON 5400 Series Task Chairs for Big and Tall,5,0.1,4779.45,366.02
CA-2024-000405,2024-03-30,2024-04-03,CU-1009,Corporate,West,Technology,Accessories,Logitech MX Master Wireless Mouse,1,0.1,138.53,11.42
CA-2024-000406,2024-11-08,2024-11-09,CU-1107,Home Office,Central,Office Supplies,Fasteners,OIC Heavy-Duty Binder Clips,1,0.1,5.6,-21.27
CA-2023-000407,2023-10-17,2023-10-18,CU-1996,Consumer,South,Technology,Accessories,SanDisk Ultra 64GB USB Flash Drive,1,0.1,30.69,-15.1
CA-2024-000408,2024-12-21,2024-12-25,CU-1338,Consumer,Central,Furniture,Furnishings,Eldon Image Series Desk Accessories,1,0.0,62.99,0.34
CA-2023-000409,2023-01-14,2023-01-20,CU-1798,Home Office,Central,Technology,Phones,Polycom CX600 IP Phone,1,0.1,371.78,34.09
CA-2023-000410,2023-04-14,2023-04-17,CU-1832,Consumer,Central,Office Supplies,Fasteners,OIC Heavy-Duty Binder Clips,1,0.3,4.46,-22.62
CA-2023-000411,2023-10-25,2023-10-28,CU-1046,Consumer,East,Technology,Accessories,SanDisk Ultra 64GB USB Flash Drive,1,0.1,27.12,-16.27
CA-2024-000412,2024-11-10,2024-11-16,CU-1095,Corporate,South,Technology,Accessories,Logitech G910 Mechanical Keyboard,1,0.0,271.61,60.38
CA-2023-000413,2023-07-07,2023-07-08,CU-1819,Corporate,East,Office Supplies,Paper,Xerox Premium Multipurpose Paper,4,0.0,202.55,62.81
CA-2023-000414,2023-04-26,2023-04-28,CU-1604,Corporate,West,Office Supplies,Labels,"Avery 5"" x 8"" Label",1,0.2,13.32,-19.72
CA-2023-000415,2023-07-05,2023-07-10,CU-1996,Consumer,West,Office Supplies,Paper,Xerox Premium Multipurpose Paper,1,0.0,53.39,-1.09
CA-2024-000416,2024-05-14,2024-05-15,CU-1889,Home Office,East,Furniture,Furnishings,DAX Two-Tone Rosewood/Black Document Frame,1,0.0,42.49,-12.81
CA-2024-000417,2024-11-16,2024-11-23,CU-1254,Corporate,South,Office Supplies,Storage,Fellowes Bankers Box Heavy-Duty Storage Boxes,1,0.1,74.0,-3.7
CA-2024-000418,2024-11-10,2024-11-16,CU-1011,Home Office,East,Office Supplies,Fasteners,OIC Heavy-Duty Binder Clips,1,0.15,6.04,-21.36
CA-2024-000419,2024-06-01,2024-06-08,CU-1338,Corporate,Central,Office Supplies,Appliances,Hoover Commercial Lightweight Vacuum,1,0.0,493.77,67.78
CA-2024-000420,2024-06-03,2024-06-05,CU-1586,Corporate,Central,Office Supplies,Art,Newell 312 Mechanical Pencil,1,0.15,7.55,-21.21
CA-2024-000421,2024-05-25,2024-05-29,CU-1036,Home Office,Central,Office Supplies,Storage,Fellowes Bankers Box Heavy-Duty Storage Boxes,5,0.1,364.48,68.06
CA-2023-000422,2023-04-04,2023-04-11,CU-1687,Corporate,South,Office Supplies,Fasteners,OIC Heavy-Duty Binder Clips,2,0.0,13.31,-17.54
CA-2024-000423,2024-01-08,2024-01-15,CU-1484,Home Office,South,Office Supplies,Binders,GBC DocuBind TL300 Electric Binding System,1,0.0,970.26,198.87
CA-2024-000424,2024-04-08,2024-04-09,CU-1819,Corporate,South,Technology,Phones,Polycom CX600 IP Phone,2,0.0,805.7,129.75
CA-2024-000425,2024-12-19,2024-12-20,CU-1109,Corporate,East,Furniture,Chairs,HON 5400 Series Task Chairs for Big and Tall,1,0.0,1073.76,188.41
CA-2023-000426,2023-07-12,2023-07-13,CU-1110,Corporate,Central,Furniture,Bookcases,Sauder Camden County Barrister Bookcase,1,0.0,744.44,48.58
CA-2024-000427,2024-10-10,2024-10-17,CU-1516,Consumer,West,Office Supplies,Labels,"Avery 5"" x 8"" Label",1,0.2,14.07,-19.28
CA-2023-000428,2023-01-05,2023-01-10,CU-1799,Consumer,East,Office Supplies,Supplies,Stanley Bostitch Heavy-Duty Stapler,2,0.0,113.94,14.16
CA-2023-000429,2023-05-12,2023-05-13,CU-1623,Home Office,East,Office Supplies,Paper,Xerox Premium Multipurpose Paper,2,0.2,82.76,-1.47
CA-2023-000430,2023-10-08,2023-10-12,CU-1716,Home Office,South,Office Supplies,Storage,Tennsco Industrial Steel Shelving,5,0.0,1656.45,395.22
CA-2024-000431,2024-12-19,2024-12-24,CU-1639,Home Office,South,Furniture,Furnishings,DAX Two-Tone Rosewood/Black Document Frame,2,0.2,67.73,-13.32
CA-2024-000432,2024-12-04,2024-12-07,CU-1555,Home Office,South,Furniture,Bookcases,Sauder Camden County Barrister Bookcase,1,0.1,692.04,-27.88
CA-2024-000433,2024-12-28,2024-12-29,CU-1690,Home Office,South,Technology,Accessories,SanDisk Ultra 64GB USB Flash Drive,2,0.1,63.1,-6.43
CA-2024-000434,2024-03-08,2024-03-15,CU-1273,Consumer,South,Office Supplies,Binders,Fellowes PB500 Electric Punch Plastic Comb Binding Machine with Manual Bind,1,0.0,1223.31,238.54
CA-2024-000435,2024-11-30,2024-12-03,CU-1367,Corporate,Central,Technology,Accessories,Logitech MX Master Wireless Mouse,1,0.15,130.8,4.01
CA-2024-000436,2024-09-22,2024-09-29,CU-1523,Home Office,South,Office Supplies,Labels,"Avery 5"" x 8"" Label",2,0.0,36.38,-8.2
CA-2024-000437,2024-12-10,2024-12-16,CU-1989,Home Office,Central,Furniture,Chairs,HON 5400 Series Task Chairs for Big and Tall,1,0.0,1086.89,187.84
CA-2023-000438,2023-01-14,2023-01-20,CU-1933,Home Office,South,Furniture,Bookcases,Bush Westfield Collection Bookcase,2,0.15,1016.99,33.47
CA-2024-000439,2024-08-25,2024-08-30,CU-1699,Consumer,East,Office Supplies,Supplies,Stanley Bostitch Heavy-Duty Stapler,1,0.1,47.76,-12.63
CA-2023-000440,2023-06-27,2023-07-03,CU-1598,Corporate,Central,Office Supplies,Art,Newell 312 Mechanical Pencil,1,0.0,9.69,-19.81
CA-2023-000441,2023-12-05,2023-12-09,CU-1954,Home Office,South,Office Supplies,Labels,"Avery 5"" x 8"" Label",1,0.0,17.17,-16.96
CA-2024-000442,2024-05-17,2024-05-24,CU-1188,Home Office,Central,Office Supplies,Envelopes,Avery Self-Adhesive Address Labels,1,0.15,18.22,-18.29
CA-2024-000443,2024-06-01,2024-06-03,CU-1339,Corporate,South,Office Supplies,Paper,Hammermill Copy Plus Paper,1,0.0,39.29,-9.87
CA-2023-000444,2023-10-28,2023-10-30,CU-1664,Consumer,Central,Office Supplies,Storage,Tennsco Industrial Steel Shelving,2,0.0,716.65,176.89
CA-2024-000445,2024-11-15,2024-11-18,CU-1698,Corporate,West,Office Supplies,Paper,Hammermill Copy Plus Paper,3,0.1,114.06,16.79
CA-2023-000446,2023-04-27,2023-05-01,CU-1526,Home Office,West,Furniture,Tables,Bretford Rectangular Conference Table,2,0.0,3555.14,408.55
CA-2024-000447,2024-05-13,2024-05-14,CU-1994,Home Office,Central,Furniture,Furnishings,Eldon Image Series Desk Accessories,2,0.0,123.02,15.2
CA-2024-000448,2024-10-03,2024-10-04,CU-1210,Home Office,West,Furniture,Chairs,Global Deluxe High-Back Manager's Chair,2,0.0,1281.56,215.57
CA-2024-000449,2024-10-24,2024-10-31,CU-1089,Consumer,Central,Office Supplies,Storage,Tennsco Industrial Steel Shelving,2,0.0,703.75,149.61
CA-2023-000450,2023-07-02,2023-07-09,CU-1461,Home Office,West,Furniture,Bookcases,Bush Westfield Collection Bookcase,1,0.15,511.96,-12.31
CA-2024-000451,2024-03-19,2024-03-22,CU-1774,Home Office,Central,Office Supplies,Binders,Fellowes PB500 Electric Punch Plastic Comb Binding Machine with Manual Bind,2,0.0,2725.36,683.25
CA-2024-000452,2024-12-18,2024-12-25,CU-1088,Corporate,West,Office Supplies,Binders,GBC Ibimaster 500 Manual ProClick Binding System,4,0.0,3415.23,604.88
CA-2024-000453,2024-01-26,2024-01-30,CU-1815,Home Office,South,Technology,Accessories,Belkin 8-Outlet Surge Protector,1,0.0,77.18,-0.76
CA-2024-000454,2024-10-11,2024-10-13,CU-1980,Consumer,East,Furniture,Furnishings,Eldon Image Series Desk Accessories,3,0.3,148.7,3.15
CA-2023-000455,2023-05-07,2023-05-08,CU-1766,Home Office,South,Technology,Copiers,Canon imageCLASS 2200 Advanced Copier,2,0.0,4783.54,1336.44
CA-2023-000456,2023-08-05,2023-08-09,CU-1258,Consumer,Central,Furniture,Tables,Hon Every-Day Round Conference Table,3,0.0,3972.03,410.46
CA-2023-000457,2023-07-05,2023-07-11,CU-1472,Home Office,Central,Technology,Accessories,SanDisk Ultra 64GB USB Flash Drive,3,0.15,89.24,0.16
CA-2023-000458,2023-10-25,2023-10-31,CU-1131,Home Office,East,Office Supplies,Binders,GBC Ibimaster 500 Manual ProClick Binding System,1,0.1,729.38,68.35
CA-2023-000459,2023-04-13,2023-04-16,CU-1313,Home Office,East,Office Supplies,Fasteners,OIC Heavy-Duty Binder Clips,3,0.0,19.77,-13.82
CA-2024-000460,2024-08-02,2024-08-07,CU-1226,Home Office,West,Office Supplies,Paper,Xerox Premium Multipurpose Paper,1,0.0,47.13,-5.99
CA-2023-000461,2023-10-11,2023-10-18,CU-1793,Corporate,West,Office Supplies,Paper,Xerox Premium Multipurpose Paper,2,0.0,103.02,16.86
CA-2024-000462,2024-07-18,2024-07-19,CU-1551,Consumer,South,Technology,Accessories,Logitech G910 Mechanical Keyboard,2,0.15,480.82,53.62
CA-2024-000463,2024-10-03,2024-10-04,CU-1592,Corporate,East,Office Supplies,Supplies,Stanley Bostitch Heavy-Duty Stapler,3,0.15,146.46,10.53
CA-2023-000464,2023-02-07,2023-02-12,CU-1401,Consumer,South,Furniture,Tables,Bretford Rectangular Conference Table,3,0.0,5462.55,368.81
CA-2023-000465,2023-05-18,2023-05-22,CU-1987,Home Office,East,Office Supplies,Art,Newell 312 Mechanical Pencil,1,0.0,8.76,-20.13
CA-2024-000466,2024-06-10,2024-06-12,CU-1753,Home Office,West,Office Supplies,Paper,Hammermill Copy Plus Paper,1,0.2,34.03,-13.77
CA-2024-000467,2024-01-03,2024-01-04,CU-1211,Home Office,South,Furniture,Chairs,Global Deluxe High-Back Manager's Chair,1,0.0,605.85,50.89
CA-2024-000468,2024-02-02,2024-02-06,CU-1991,Home Office,South,Furniture,Bookcases,Sauder Camden County Barrister Bookcase,3,0.0,2182.98,81.45
CA-2023-000469,2023-09-27,2023-10-02,CU-1855,Consumer,South,Office Supplies,Art,Newell 312 Mechanical Pencil,1,0.1,8.44,-20.5
CA-2024-000470,2024-01-21,2024-01-23,CU-1618,Consumer,East,Office Supplies,Art,Newell 312 Mechanical Pencil,1,0.15,8.14,-20.97
CA-2024-000471,2024-03-26,2024-03-28,CU-1616,Home Office,Central,Furniture,Bookcases,Bush Westfield Collection Bookcase,1,0.0,526.23,24.83
CA-2024-000472,2024-11-07,2024-11-09,CU-1604,Consumer,West,Office Supplies,Paper,Hammermill Copy Plus Paper,1,0.0,42.64,-7.76
CA-2023-000473,2023-01-23,2023-01-25,CU-1586,Consumer,Central,Furniture,Chairs,HON 5400 Series Task Chairs for Big and Tall,2,0.0,2115.34,278.9
CA-2023-000474,2023-06-20,2023-06-23,CU-1899,Home Office,South,Furniture,Bookcases,Sauder Camden County Barrister Bookcase,1,0.0,768.18,46.02
CA-2023-000475,2023-03-29,2023-03-31,CU-1615,Consumer,East,Office Supplies,Paper,Hammermill Copy Plus Paper,5,0.15,165.42,28.46
CA-2024-000476,2024-09-30,2024-10-06,CU-1070,Consumer,West,Office Supplies,Art,Newell 312 Mechanical Pencil,1,0.1,9.29,-20.19
CA-2024-000477,2024-01-30,2024-02-01,CU-1153,Home Office,Central,Technology,Phones,Polycom CX600 IP Phone,1,0.15,351.77,5.52
CA-2023-000478,2023-07-01,2023-07-05,CU-1095,Corporate,East,Furniture,Tables,Hon Every-Day Round Conference Table,2,0.2,2257.41,-23.47
CA-2024-000479,2024-09-09,2024-09-14,CU-1379,Consumer,West,Technology,Accessories,Belkin 8-Outlet Surge Protector,3,0.15,212.64,16.89
CA-2023-000480,2023-08-23,2023-08-30,CU-1857,Home Office,Central,Office Supplies,Appliances,Hoover Commercial Lightweight Vacuum,2,0.0,996.51,207.92
CA-2024-000481,2024-03-11,2024-03-13,CU-1556,Corporate,South,Furniture,Bookcases,Bush Westfield Collection Bookcase,2,0.2,831.33,-17.35
CA-2023-000482,2023-07-13,2023-07-14,CU-1670,Consumer,South,Office Supplies,Labels,"Avery 5"" x 8"" Label",2,0.1,29.73,-13.77
CA-2024-000483,2024-02-23,2024-02-26,CU-1578,Corporate,South,Technology,Phones,Polycom CX600 IP Phone,1,0.1,356.33,19.9
CA-2024-000484,2024-11-27,2024-12-01,CU-1568,Corporate,South,Office Supplies,Supplies,Stanley Bostitch Heavy-Duty Stapler,1,0.15,47.55,-14.4
CA-2023-000485,2023-11-11,2023-11-16,CU-1765,Consumer,West,Office Supplies,Storage,Fellowes Bankers Box Heavy-Duty Storage Boxes,2,0.1,169.59,22.36
CA-2024-000486,2024-12-17,2024-12-19,CU-1700,Home Office,Central,Technology,Phones,Polycom CX600 IP Phone,1,0.15,370.34,12.81
CA-2023-000487,2023-06-14,2023-06-18,CU-1445,Consumer,Central,Office Supplies,Storage,Tennsco Industrial Steel Shelving,1,0.0,332.05,73.76
CA-2023-000488,2023-09-27,2023-09-29,CU-1671,Home Office,South,Office Supplies,Paper,Xerox Premium Multipurpose Paper,2,0.1,100.18,9.38
CA-2024-000489,2024-12-29,2025-01-03,CU-1870,Home Office,South,Office Supplies,Binders,GBC DocuBind TL300 Electric Binding System,2,0.0,1918.0,323.0
CA-2023-000490,2023-07-19,2023-07-20,CU-1368,Consumer,Central,Technology,Accessories,SanDisk Ultra 64GB USB Flash Drive,1,0.1,29.84,-15.72
CA-2023-000491,2023-06-11,2023-06-12,CU-1530,Consumer,Central,Technology,Machines,HP LaserJet Pro M404n Printer,2,0.0,811.59,176.48
CA-2023-000492,2023-04-03,2023-04-08,CU-1283,Consumer,East,Furniture,Furnishings,Eldon Image Series Desk Accessories,3,0.2,155.19,17.55
CA-2024-000493,2024-04-10,2024-04-14,CU-1301,Corporate,Central,Office Supplies,Envelopes,Avery Self-Adhesive Address Labels,1,0.0,20.6,-15.94
CA-2024-000494,2024-06-09,2024-06-12,CU-1576,Corporate,East,Furniture,Furnishings,DAX Two-Tone Rosewood/Black Document Frame,3,0.1,115.52,8.15
CA-2023-000495,2023-12-14,2023-12-21,CU-1069,Corporate,East,Office Supplies,Paper,Hammermill Copy Plus Paper,1,0.1,34.08,-14.03
CA-2024-000496,2024-11-24,2024-11-30,CU-1852,Corporate,East,Furniture,Bookcases,Bush Westfield Collection Bookcase,1,0.2,450.28,-41.55
CA-2023-000497,2023-10-22,2023-10-23,CU-1321,Corporate,East,Office Supplies,Paper,Xerox Premium Multipurpose Paper,2,0.0,104.39,15.18
CA-2024-000498,2024-08-10,2024-08-13,CU-1240,Home Office,East,Technology,Accessories,Logitech G910 Mechanical Keyboard,2,0.2,401.85,48.02
CA-2023-000499,2023-09-29,2023-10-01,CU-1122,Consumer,West,Furniture,Bookcases,Bush Westfield Collection Bookcase,3,0.15,1394.37,49.06
CA-2024-000500,2024-09-20,2024-09-21,CU-1504,Home Office,South,Technology,Accessories,SanDisk Ultra 64GB USB Flash Drive,1,0.0,32.39,-13.22
CA-2024-000501,2024-05-17,2024-05-19,CU-1055,Home Office,West,Technology,Machines,HP LaserJet Pro M404n Printer,3,0.0,1179.12,266.34
CA-2024-000502,2024-05-04,2024-05-09,CU-1123,Home Office,West,Technology,Phones,Cisco TelePresence System EX90 Videoconferencing Unit,1,0.15,2897.54,284.92
CA-2023-000503,2023-11-20,2023-11-26,CU-1882,Corporate,East,Technology,Copiers,Canon imageCLASS 2200 Advanced Copier,2,0.0,4115.34,1165.15
CA-2024-000504,2024-07-15,2024-07-18,CU-1215,Corporate,South,Furniture,Bookcases,Bush Westfield Collection Bookcase,1,0.1,493.03,5.65
CA-2024-000505,2024-01-09,2024-01-16,CU-1833,Consumer,South,Office Supplies,Paper,Xerox Premium Multipurpose Paper,1,0.1,50.49,-5.98
CA-2023-000506,2023-08-30,2023-09-04,CU-1825,Consumer,East,Office Supplies,Paper,Hammermill Copy Plus Paper,1,0.0,44.73,-8.14
CA-2024-000507,2024-03-07,2024-03-11,CU-1498,Corporate,South,Technology,Accessories,Logitech MX Master Wireless Mouse,3,0.1,441.29,75.51
CA-2024-000508,2024-07-29,2024-08-05,CU-1487,Home Office,Central,Office Supplies,Envelopes,Avery Self-Adhesive Address Labels,1,0.1,18.38,-16.81
CA-2024-000509,2024-04-05,2024-04-11,CU-1020,Corporate,Central,Office Supplies,Storage,Fellowes Bankers Box Heavy-Duty Storage Boxes,1,0.1,85.89,-3.23
CA-2023-000510,2023-12-26,2024-01-02,CU-1799,Corporate,South,Office Supplies,Labels,"Avery 5"" x 8"" Label",2,0.1,32.75,-11.34
CA-2023-000511,2023-11-29,2023-12-05,CU-1474,Home Office,East,Office Supplies,Art,Newell 312 Mechanical Pencil,2,0.0,17.75,-15.75
CA-2023-000512,2023-06-21,2023-06-27,CU-1073,Consumer,East,Technology,Accessories,SanDisk Ultra 64GB USB Flash Drive,1,0.1,29.61,-15.37
CA-2023-000513,2023-12-18,2023-12-20,CU-1908,Corporate,South,Office Supplies,Storage,Fellowes Bankers Box Heavy-Duty Storage Boxes,2,0.1,162.5,16.99
CA-2024-000514,2024-08-24,2024-08-29,CU-1677,Corporate,Central,Office Supplies,Storage,Tennsco Industrial Steel Shelving,1,0.0,324.33,66.35
CA-2023-000515,2023-08-04,2023-08-06,CU-1789,Corporate,Central,Office Supplies,Paper,Xerox Premium Multipurpose Paper,1,0.2,41.15,-13.84
CA-2023-000516,2023-04-17,2023-04-20,CU-1755,Corporate,West,Office Supplies,Fasteners,OIC Heavy-Duty Binder Clips,1,0.2,5.21,-22.02
CA-2024-000517,2024-10-03,2024-10-05,CU-1333,Corporate,West,Technology,Accessories,Logitech MX Master Wireless Mouse,3,0.0,501.56,141.04
CA-2024-000518,2024-07-07,2024-07-10,CU-1467,Home Office,West,Office Supplies,Art,Newell 312 Mechanical Pencil,1,0.2,7.74,-21.29
CA-2024-000519,2024-06-20,2024-06-26,CU-1452,Corporate,South,Office Supplies,Fasteners,OIC Heavy-Duty Binder Clips,1,0.0,6.7,-20.38
CA-2024-000520,2024-02-27,2024-03-01,CU-1293,Corporate,Central,Technology,Accessories,Logitech G910 Mechanical Keyboard,1,0.0,278.08,45.87
CA-2024-000521,2024-12-05,2024-12-09,CU-1236,Consumer,South,Office Supplies,Storage,Tennsco Industrial Steel Shelving,1,0.0,350.05,61.33
CA-2023-000522,2023-07-13,2023-07-17,CU-1848,Corporate,East,Furniture,Furnishings,DAX Two-Tone Rosewood/Black Document Frame,1,0.0,42.93,-10.51
CA-2023-000523,2023-09-27,2023-09-28,CU-1701,Corporate,South,Office Supplies,Paper,Hammermill Copy Plus Paper,1,0.15,37.71,-12.03
CA-2024-000524,2024-10-26,2024-11-01,CU-1113,Home Office,West,Office Supplies,Art,Newell 312 Mechanical Pencil,1,0.0,8.86,-20.16
CA-2024-000525,2024-09-24,2024-09-28,CU-1547,Consumer,East,Furniture,Furnishings,Eldon Image Series Desk Accessories,2,0.0,121.53,14.26
CA-2023-000526,2023-04-15,2023-04-18,CU-1505,Consumer,South,Furniture,Furnishings,Eldon Image Series Desk Accessories,2,0.1,113.92,5.97
CA-2024-000527,2024-03-06,2024-03-09,CU-1082,Consumer,Central,Technology,Accessories,SanDisk Ultra 64GB USB Flash Drive,1,0.0,33.63,-14.39
CA-2023-000528,2023-09-30,2023-10-07,CU-1390,Consumer,Central,Office Supplies,Paper,Xerox Premium Multipurpose Paper,1,0.0,55.33,-2.86
CA-2023-000529,2023-09-12,2023-09-16,CU-1789,Consumer,East,Technology,Accessories,SanDisk Ultra 64GB USB Flash Drive,1,0.1,26.82,-17.0
CA-2024-000530,2024-04-29,2024-05-03,CU-1959,Home Office,Central,Office Supplies,Labels,"Avery 5"" x 8"" Label",1,0.0,18.13,-16.58
CA-2023-000531,2023-09-17,2023-09-21,CU-1115,Consumer,West,Office Supplies,Fasteners,OIC Heavy-Duty Binder Clips,1,0.2,5.66,-21.87
CA-2023-000532,2023-11-29,2023-11-30,CU-1043,Home Office,West,Technology,Accessories,Logitech G910 Mechanical Keyboard,1,0.0,279.54,43.4
CA-2024-000533,2024-12-05,2024-12-10,CU-1346,Home Office,Central,Technology,Accessories,Logitech G910 Mechanical Keyboard,2,0.0,531.66,132.88
CA-2023-000534,2023-03-03,2023-03-06,CU-1571,Home Office,South,Office Supplies,Fasteners,OIC Heavy-Duty Binder Clips,2,0.15,10.54,-19.8
CA-2024-000535,2024-03-25,2024-03-31,CU-1496,Home Office,West,Technology,Machines,Zebra ZP 450 Thermal Label Printer,2,0.0,966.51,219.57
CA-2024-000536,2024-07-26,2024-07-29,CU-1479,Corporate,East,Office Supplies,Art,Newell 312 Mechanical Pencil,1,0.1,8.7,-20.61
CA-2023-000537,2023-03-12,2023-03-17,CU-1653,Home Office,West,Technology,Accessories,Logitech G910 Mechanical Keyboard,1,0.0,259.53,38.42
CA-2023-000538,2023-07-09,2023-07-10,CU-1990,Home Office,West,Office Supplies,Fasteners,OIC Heavy-Duty Binder Clips,1,0.1,5.79,-21.55
CA-2023-000539,2023-07-14,2023-07-19,CU-1329,Consumer,Central,Office Supplies,Labels,"Avery 5"" x 8"" Label",2,0.0,34.07,-9.15
CA-2024-000540,2024-06-19,2024-06-25,CU-1497,Consumer,Central,Office Supplies,Binders,GBC DocuBind TL300 Electric Binding System,3,0.0,3071.59,578.66
CA-2023-000541,2023-02-02,2023-02-07,CU-1050,Corporate,East,Office Supplies,Fasteners,OIC Heavy-Duty Binder Clips,1,0.0,6.8,-20.44
CA-2024-000542,2024-09-12,2024-09-18,CU-1081,Corporate,Central,Office Supplies,Binders,GBC Ibimaster 500 Manual ProClick Binding System,4,0.0,3244.14,726.1
CA-2024-000543,2024-01-05,2024-01-10,CU-1631,Corporate,Central,Office Supplies,Supplies,Stanley Bostitch Heavy-Duty Stapler,3,0.15,150.61,2.42
CA-2023-000544,2023-03-14,2023-03-21,CU-1544,Corporate,East,Furniture,Furnishings,Eldon Image Series Desk Accessories,4,0.3,172.72,8.59
CA-2023-000545,2023-07-17,2023-07-22,CU-1764,Consumer,South,Office Supplies,Fasteners,OIC Heavy-Duty Binder Clips,2,0.2,10.75,-19.75
CA-2024-000546,2024-11-21,2024-11-25,CU-1516,Corporate,East,Office Supplies,Labels,"Avery 5"" x 8"" Label",1,0.0,18.64,-15.61
CA-2024-000547,2024-06-30,2024-07-05,CU-1380,Corporate,West,Office Supplies,Paper,Hammermill Copy Plus Paper,1,0.0,44.98,-7.43
CA-2023-000548,2023-11-28,2023-12-03,CU-1368,Corporate,West,Furniture,Bookcases,Bush Westfield Collection Bookcase,1,0.0,566.24,55.14
CA-2024-000549,2024-02-11,2024-02-12,CU-1309,Consumer,South,Office Supplies,Supplies,Stanley Bostitch Heavy-Duty Stapler,5,0.1,253.33,46.91
CA-2023-000550,2023-08-16,2023-08-18,CU-1566,Home Office,East,Furniture,Furnishings,DAX Two-Tone Rosewood/Black Document Frame,1,0.15,36.34,-16.92
CA-2023-000551,2023-04-07,2023-04-08,CU-1262,Corporate,Central,Office Supplies,Paper,Hammermill Copy Plus Paper,1,0.0,44.22,-7.97
CA-2024-000552,2024-08-07,2024-08-11,CU-1499,Home Office,Central,Office Supplies,Envelopes,Avery Self-Adhesive Address Labels,1,0.0,21.47,-14.9
CA-2024-000553,2024-09-01,2024-09-07,CU-1789,Corporate,South,Furniture,Furnishings,Eldon Image Series Desk Accessories,2,0.1,110.63,4.26
CA-2024-000554,2024-03-20,2024-03-24,CU-1950,Consumer,West,Furniture,Bookcases,Sauder Camden County Barrister Bookcase,1,0.15,629.16,-12.59
CA-2023-000555,2023-02-25,2023-02-28,CU-1156,Consumer,West,Office Supplies,Art,Newell 312 Mechanical Pencil,1,0.1,8.38,-20.48
CA-2024-000556,2024-04-01,2024-04-08,CU-1135,Corporate,Central,Office Supplies,Envelopes,Avery Self-Adhesive Address Labels,1,0.0,21.32,-15.12
CA-2024-000557,2024-05-02,2024-05-07,CU-1714,Consumer,East,Office Supplies,Supplies,Stanley Bostitch Heavy-Duty Stapler,1,0.0,55.11,-7.64
CA-2024-000558,2024-05-07,2024-05-12,CU-1536,Consumer,East,Technology,Machines,Zebra ZP 450 Thermal Label Printer,1,0.1,470.29,70.06
CA-2023-000559,2023-03-15,2023-03-18,CU-1433,Corporate,South,Technology,Accessories,SanDisk Ultra 64GB USB Flash Drive,1,0.2,24.1,-18.74
CA-2023-000560,2023-07-15,2023-07-18,CU-1841,Corporate,East,Office Supplies,Storage,Fellowes Bankers Box Heavy-Duty Storage Boxes,2,0.15,141.76,7.01
CA-2024-000561,2024-03-27,2024-03-28,CU-1087,Consumer,Central,Furniture,Bookcases,Sauder Camden County Barrister Bookcase,1,0.1,598.89,-0.96
CA-2023-000562,2023-09-06,2023-09-11,CU-1113,Corporate,West,Furniture,Bookcases,Sauder Camden County Barrister Bookcase,3,0.15,1651.03,-14.81
CA-2024-000563,2024-04-27,2024-04-28,CU-1561,Corporate,East,Office Supplies,Storage,Fellowes Bankers Box Heavy-Duty Storage Boxes,2,0.0,178.69,36.87
CA-2024-000564,2024-12-12,2024-12-18,CU-1061,Corporate,East,Office Supplies,Fasteners,OIC Heavy-Duty Binder Clips,1,0.2,5.34,-21.96
CA-2024-000565,2024-12-14,2024-12-19,CU-1678,Home Office,South,Furniture,Furnishings,Eldon Image Series Desk Accessories,1,0.2,49.06,-11.97
CA-2023-000566,2023-04-21,2023-04-22,CU-1726,Consumer,South,Furniture,Furnishings,Eldon Image Series Desk Accessories,3,0.0,216.43,52.0
CA-2024-000567,2024-05-11,2024-05-18,CU-1729,Consumer,Central,Office Supplies,Envelopes,Avery Self-Adhesive Address Labels,1,0.0,24.0,-13.7
CA-2023-000568,2023-09-11,2023-09-16,CU-1363,Home Office,South,Furniture,Furnishings,Eldon Image Series Desk Accessories,1,0.1,54.67,-7.24
CA-2023-000569,2023-08-30,2023-09-04,CU-1030,Home Office,South,Furniture,Furnishings,Eldon Image Series Desk Accessories,1,0.0,65.13,1.51
CA-2023-000570,2023-08-19,2023-08-21,CU-1694,Home Office,East,Office Supplies,Storage,Fellowes Bankers Box Heavy-Duty Storage Boxes,1,0.0,92.24,5.78
CA-2024-000571,2024-03-03,2024-03-05,CU-1134,Consumer,East,Office Supplies,Envelopes,Avery Self-Adhesive Address Labels,1,0.0,22.56,-14.5
CA-2024-000572,2024-08-17,2024-08-22,CU-1931,Consumer,West,Office Supplies,Labels,"Avery 5"" x 8"" Label",1,0.0,18.32,-15.25
CA-2023-000573,2023-05-29,2023-06-04,CU-1121,Consumer,South,Furniture,Bookcases,Sauder Camden County Barrister Bookcase,3,0.0,2148.42,225.09
CA-2023-000574,2023-05-30,2023-06-05,CU-1763,Home Office,South,Office Supplies,Binders,Fellowes PB500 Electric Punch Plastic Comb Binding Machine with Manual Bind,1,0.3,1006.9,30.75
CA-2023-000575,2023-06-05,2023-06-12,CU-1620,Home Office,East,Technology,Machines,Zebra ZP 450 Thermal Label Printer,1,0.0,561.68,104.93
CA-2024-000576,2024-09-02,2024-09-04,CU-1866,Home Office,West,Furniture,Bookcases,Bush Westfield Collection Bookcase,1,0.0,589.2,29.57
CA-2024-000577,2024-12-30,2025-01-05,CU-1033,Corporate,Central,Office Supplies,Paper,Xerox Premium Multipurpose Paper,3,0.0,145.05,30.58
CA-2023-000578,2023-10-04,2023-10-08,CU-1977,Corporate,West,Furniture,Chairs,Global Deluxe High-Back Manager's Chair,2,0.0,1175.25,133.78
CA-2024-000579,2024-12-05,2024-12-08,CU-1844,Corporate,South,Furniture,Furnishings,DAX Two-Tone Rosewood/Black Document Frame,3,0.0,130.17,16.28
CA-2024-000580,2024-02-08,2024-02-13,CU-1039,Home Office,Central,Furniture,Bookcases,Sauder Camden County Barrister Bookcase,2,0.0,1453.51,116.12
CA-2024-000581,2024-04-07,2024-04-11,CU-1752,Consumer,West,Technology,Accessories,Belkin 8-Outlet Surge Protector,1,0.3,57.04,-18.66
CA-2024-000582,2024-06-12,2024-06-19,CU-1847,Corporate,West,Office Supplies,Fasteners,OIC Heavy-Duty Binder Clips,1,0.0,6.52,-20.73
CA-2023-000583,2023-06-20,2023-06-24,CU-1661,Corporate,Central,Furniture,Furnishings,Eldon Image Series Desk Accessories,3,0.1,192.34,31.32
CA-2024-000584,2024-05-27,2024-05-28,CU-1331,Corporate,Central,Technology,Accessories,Logitech G910 Mechanical Keyboard,2,0.2,428.86,41.06
CA-2023-000585,2023-07-03,2023-07-07,CU-1708,Home Office,East,Office Supplies,Envelopes,Avery Self-Adhesive Address Labels,2,0.0,43.96,-6.31
CA-2023-000586,2023-05-07,2023-05-08,CU-1810,Home Office,East,Technology,Accessories,Logitech MX Master Wireless Mouse,1,0.0,163.14,23.55
CA-2024-000587,2024-01-23,2024-01-28,CU-1153,Consumer,East,Office Supplies,Paper,Xerox Premium Multipurpose Paper,2,0.2,83.67,0.6
CA-2023-000588,2023-07-03,2023-07-10,CU-1641,Consumer,Central,Office Supplies,Labels,"Avery 5"" x 8"" Label",1,0.0,18.57,-15.8
CA-2023-000589,2023-05-15,2023-05-17,CU-1826,Consumer,West,Technology,Copiers,Canon imageCLASS 2200 Advanced Copier,2,0.0,4428.73,1304.25
CA-2023-000590,2023-09-01,2023-09-03,CU-1250,Home Office,South,Office Supplies,Envelopes,Avery Self-Adhesive Address Labels,1,0.0,20.49,-15.12
CA-2024-000591,2024-09-26,2024-10-02,CU-1037,Consumer,Central,Office Supplies,Envelopes,Avery Self-Adhesive Address Labels,3,0.0,62.29,3.03
CA-2024-000592,2024-11-14,2024-11-19,CU-1182,Consumer,South,Technology,Accessories,Belkin 8-Outlet Surge Protector,1,0.2,59.76,-14.72
CA-2024-000593,2024-09-17,2024-09-23,CU-1592,Corporate,Central,Office Supplies,Labels,"Avery 5"" x 8"" Label",2,0.15,28.4,-14.05
CA-2023-000594,2023-04-06,2023-04-13,CU-1563,Consumer,South,Furniture,Furnishings,Eldon Image Series Desk Accessories,1,0.0,61.34,-2.78
CA-2024-000595,2024-04-27,2024-04-29,CU-1214,Home Office,Central,Technology,Accessories,Logitech MX Master Wireless Mouse,3,0.0,479.88,108.94
CA-2023-000596,2023-04-22,2023-04-27,CU-1956,Home Office,South,Office Supplies,Supplies,Stanley Bostitch Heavy-Duty Stapler,2,0.3,78.35,-13.3
CA-2024-000597,2024-03-13,2024-03-18,CU-1629,Home Office,West,Technology,Accessories,Belkin 8-Outlet Surge Protector,1,0.1,74.71,-4.9
CA-2024-000598,2024-06-16,2024-06-22,CU-1198,Consumer,Central,Office Supplies,Fasteners,OIC Heavy-Duty Binder Clips,1,0.0,6.77,-20.4
CA-2023-000599,2023-01-25,2023-01-29,CU-1423,Consumer,South,Office Supplies,Fasteners,OIC Heavy-Duty Binder Clips,1,0.15,5.95,-21.21
CA-2023-000600,2023-12-25,2023-12-30,CU-1069,Corporate,South,Technology,Accessories,SanDisk Ultra 64GB USB Flash Drive,1,0.1,30.24,-16.62
CA-2024-000601,2024-06-02,2024-06-07,CU-1630,Consumer,East,Office Supplies,Storage,Fellowes Bankers Box Heavy-Duty Storage Boxes,1,0.1,77.5,-2.35
CA-2023-000602,2023-07-18,2023-07-21,CU-1139,Corporate,East,Technology,Accessories,Belkin 8-Outlet Surge Protector,4,0.0,323.43,54.65
CA-2024-000603,2024-10-04,2024-10-08,CU-1760,Consumer,South,Furniture,Furnishings,DAX Two-Tone Rosewood/Black Document Frame,1,0.0,43.44,-11.15
CA-2024-000604,2024-08-01,2024-08-07,CU-1938,Corporate,Central,Office Supplies,Labels,"Avery 5"" x 8"" Label",2,0.0,35.93,-8.57
CA-2023-000605,2023-06-02,2023-06-05,CU-1620,Corporate,East,Technology,Accessories,Belkin 8-Outlet Surge Protector,1,0.0,81.72,-3.18
CA-2024-000606,2024-09-01,2024-09-02,CU-1423,Consumer,West,Furniture,Furnishings,DAX Two-Tone Rosewood/Black Document Frame,2,0.1,71.97,-9.31
CA-2023-000607,2023-09-01,2023-09-04,CU-1803,Consumer,East,Office Supplies,Paper,Hammermill Copy Plus Paper,4,0.0,159.57,31.79
CA-2023-000608,2023-04-05,2023-04-09,CU-1495,Home Office,South,Office Supplies,Art,Newell 312 Mechanical Pencil,2,0.2,14.42,-19.31
CA-2023-000609,2023-12-02,2023-12-04,CU-1210,Home Office,Central,Technology,Accessories,SanDisk Ultra 64GB USB Flash Drive,1,0.3,22.81,-19.8
CA-2024-000610,2024-04-15,2024-04-19,CU-1608,Consumer,South,Office Supplies,Labels,"Avery 5"" x 8"" Label",1,0.0,19.08,-15.2
CA-2024-000611,2024-04-23,2024-04-24,CU-1654,Consumer,South,Technology,Phones,Polycom CX600 IP Phone,2,0.1,681.0,71.92
CA-2023-000612,2023-07-25,2023-07-27,CU-1161,Corporate,Central,Furniture,Furnishings,Eldon Image Series Desk Accessories,1,0.15,58.21,-9.81
CA-2023-000613,2023-01-16,2023-01-21,CU-1965,Home Office,South,Office Supplies,Envelopes,Avery Self-Adhesive Address Labels,1,0.0,22.34,-14.91
CA-2024-000614,2024-08-10,2024-08-12,CU-1029,Corporate,Central,Technology,Accessories,Logitech G910 Mechanical Keyboard,1,0.2,214.2,2.68
CA-2023-000615,2023-04-19,2023-04-23,CU-1856,Home Office,West,Office Supplies,Binders,GBC DocuBind TL300 Electric Binding System,1,0.0,976.41,198.17
CA-2024-000616,2024-09-23,2024-09-26,CU-1997,Corporate,East,Office Supplies,Storage,Fellowes Bankers Box Heavy-Duty Storage Boxes,3,0.1,246.53,40.87
CA-2023-000617,2023-04-06,2023-04-13,CU-1784,Corporate,West,Technology,Accessories,SanDisk Ultra 64GB USB Flash Drive,2,0.0,62.79,-3.07
CA-2023-000618,2023-08-26,2023-08-28,CU-1939,Home Office,South,Technology,Accessories,Logitech MX Master Wireless Mouse,3,0.0,475.51,106.72
CA-2023-000619,2023-11-29,2023-12-03,CU-1289,Corporate,East,Office Supplies,Art,Newell 312 Mechanical Pencil,1,0.0,9.56,-19.33
CA-2024-000620,2024-06-04,2024-06-05,CU-1309,Home Office,West,Office Supplies,Paper,Xerox Premium Multipurpose Paper,2,0.0,104.42,14.29
CA-2024-000621,2024-02-15,2024-02-20,CU-1348,Consumer,West,Office Supplies,Paper,Hammermill Copy Plus Paper,2,0.0,89.69,9.36
CA-2024-000622,2024-03-21,2024-03-26,CU-1953,Home Office,West,Technology,Accessories,SanDisk Ultra 64GB USB Flash Drive,1,0.0,33.43,-14.33
CA-2023-000623,2023-04-28,2023-05-03,CU-1415,Consumer,Central,Office Supplies,Envelopes,Avery Self-Adhesive Address Labels,1,0.0,21.93,-15.01
CA-2024-000624,2024-12-02,2024-12-09,CU-1222,Consumer,Central,Office Supplies,Envelopes,Avery Self-Adhesive Address Labels,3,0.0,68.17,2.34
CA-2023-000625,2023-05-31,2023-06-06,CU-1697,Corporate,South,Technology,Accessories,Logitech MX Master Wireless Mouse,1,0.0,164.71,21.51
CA-2024-000626,2024-08-06,2024-08-13,CU-1352,Consumer,Central,Furniture,Bookcases,Sauder Camden County Barrister Bookcase,1,0.2,560.52,-24.66
CA-2024-000627,2024-09-18,2024-09-23,CU-1054,Consumer,South,Office Supplies,Paper,Xerox Premium Multipurpose Paper,1,0.0,50.49,-3.49
CA-2023-000628,2023-04-23,2023-04-30,CU-1728,Corporate,West,Furniture,Furnishings,Eldon Image Series Desk Accessories,1,0.0,67.53,0.43
CA-2024-000629,2024-01-26,2024-01-30,CU-1946,Corporate,West,Office Supplies,Art,Newell 312 Mechanical Pencil,2,0.0,18.13,-15.89
CA-2023-000630,2023-06-07,2023-06-10,CU-1738,Corporate,West,Technology,Machines,HP LaserJet Pro M404n Printer,2,0.0,763.92,129.85
CA-2023-000631,2023-05-20,2023-05-21,CU-1952,Corporate,East,Technology,Accessories,Logitech MX Master Wireless Mouse,3,0.15,443.32,76.14
CA-2024-000632,2024-04-10,2024-04-15,CU-1007,Home Office,West,Office Supplies,Paper,Hammermill Copy Plus Paper,3,0.0,117.99,20.24
CA-2023-000633,2023-08-31,2023-09-06,CU-1581,Corporate,South,Office Supplies,Art,Newell 312 Mechanical Pencil,1,0.0,9.37,-19.31
CA-2023-000634,2023-04-26,2023-05-01,CU-1768,Corporate,West,Office Supplies,Appliances,Hoover Commercial Lightweight Vacuum,2,0.0,984.15,211.02
CA-2024-000635,2024-06-13,2024-06-14,CU-1684,Consumer,South,Office Supplies,Art,Newell 312 Mechanical Pencil,2,0.0,19.65,-14.79
CA-2024-000636,2024-09-19,2024-09-20,CU-1587,Home Office,South,Furniture,Tables,Hon Every-Day Round Conference Table,1,0.0,1391.53,160.47
CA-2024-000637,2024-03-07,2024-03-10,CU-1767,Corporate,South,Office Supplies,Storage,Tennsco Industrial Steel Shelving,2,0.0,650.19,167.15
CA-2023-000638,2023-03-04,2023-03-10,CU-1639,Consumer,South,Office Supplies,Appliances,Hoover Commercial Lightweight Vacuum,1,0.0,513.91,91.58
CA-2024-000639,2024-05-11,2024-05-12,CU-1281,Corporate,Central,Technology,Accessories,Logitech MX Master Wireless Mouse,1,0.15,131.98,5.05
CA-2023-000640,2023-04-25,2023-04-30,CU-1267,Home Office,East,Technology,Accessories,Logitech G910 Mechanical Keyboard,2,0.0,526.61,136.53
CA-2024-000641,2024-05-11,2024-05-13,CU-1956,Consumer,West,Technology,Accessories,SanDisk Ultra 64GB USB Flash Drive,3,0.0,90.25,2.43
CA-2024-000642,2024-02-27,2024-03-05,CU-1862,Corporate,Central,Office Supplies,Paper,Xerox Premium Multipurpose Paper,2,0.1,87.53,6.41
CA-2024-000643,2024-10-19,2024-10-22,CU-1764,Home Office,East,Office Supplies,Supplies,Stanley Bostitch Heavy-Duty Stapler,1,0.0,55.11,-8.23
CA-2024-000644,2024-01-24,2024-01-30,CU-1949,Corporate,West,Office Supplies,Labels,"Avery 5"" x 8"" Label",1,0.0,18.89,-16.32
CA-2024-000645,2024-11-25,2024-11-28,CU-1979,Corporate,South,Office Supplies,Storage,Tennsco Industrial Steel Shelving,2,0.0,761.67,182.52
CA-2023-000646,2023-12-10,2023-12-13,CU-1767,Consumer,East,Furniture,Furnishings,Eldon Image Series Desk Accessories,1,0.1,58.65,-5.6
CA-2024-000647,2024-06-16,2024-06-19,CU-1069,Consumer,West,Office Supplies,Labels,"Avery 5"" x 8"" Label",5,0.0,80.88,8.51
CA-2023-000648,2023-04-11,2023-04-16,CU-1024,Home Office,Central,Technology,Phones,Polycom CX600 IP Phone,1,0.0,397.56,37.9
CA-2023-000649,2023-02-28,2023-03-05,CU-1122,Consumer,East,Office Supplies,Fasteners,OIC Heavy-Duty Binder Clips,3,0.2,16.35,-17.41
CA-2024-000650,2024-01-20,2024-01-26,CU-1188,Corporate,South,Technology,Accessories,SanDisk Ultra 64GB USB Flash Drive,2,0.15,52.13,-13.52
CA-2024-000651,2024-04-23,2024-04-29,CU-1925,Home Office,South,Furniture,Bookcases,Sauder Camden County Barrister Bookcase,2,0.2,1089.04,-73.81
CA-2023-000652,2023-09-21,2023-09-23,CU-1264,Corporate,East,Technology,Accessories,SanDisk Ultra 64GB USB Flash Drive,1,0.0,31.85,-12.44
CA-2024-000653,2024-03-27,2024-03-28,CU-1147,Home Office,West,Office Supplies,Art,Newell 312 Mechanical Pencil,4,0.1,32.58,-11.2
CA-2023-000654,2023-08-12,2023-08-17,CU-1585,Home Office,South,Office Supplies,Fasteners,OIC Heavy-Duty Binder Clips,3,0.1,16.67,-17.12
CA-2024-000655,2024-04-01,2024-04-02,CU-1272,Consumer,South,Furniture,Furnishings,DAX Two-Tone Rosewood/Black Document Frame,1,0.1,40.09,-13.74
CA-2024-000656,2024-02-05,2024-02-10,CU-1745,Consumer,East,Technology,Copiers,Canon imageCLASS 2200 Advanced Copier,2,0.15,3751.34,735.06
CA-2023-000657,2023-01-04,2023-01-08,CU-1367,Corporate,South,Office Supplies,Storage,Tennsco Industrial Steel Shelving,3,0.0,1076.08,293.34
CA-2024-000658,2024-02-15,2024-02-16,CU-1082,Corporate,South,Office Supplies,Fasteners,OIC Heavy-Duty Binder Clips,4,0.0,26.74,-9.53
CA-2024-000659,2024-10-25,2024-10-27,CU-1917,Consumer,South,Technology,Accessories,Logitech G910 Mechanical Keyboard,1,0.0,251.2,50.38
CA-2024-000660,2024-05-13,2024-05-14,CU-1607,Consumer,West,Furniture,Furnishings,DAX Two-Tone Rosewood/Black Document Frame,1,0.0,37.93,-13.95
CA-2024-000661,2024-02-03,2024-02-04,CU-1989,Consumer,Central,Technology,Accessories,SanDisk Ultra 64GB USB Flash Drive,2,0.0,70.36,0.38
CA-2023-000662,2023-12-14,2023-12-15,CU-1535,Corporate,East,Office Supplies,Storage,Fellowes Bankers Box Heavy-Duty Storage Boxes,2,0.0,168.11,31.98
CA-2024-000663,2024-08-16,2024-08-18,CU-1940,Home Office,Central,Furniture,Bookcases,Sauder Camden County Barrister Bookcase,1,0.0,728.33,32.7
CA-2023-000664,2023-09-06,2023-09-12,CU-1099,Corporate,East,Office Supplies,Fasteners,OIC Heavy-Duty Binder Clips,1,0.1,6.42,-20.91
CA-2024-000665,2024-08-28,2024-08-29,CU-1823,Consumer,West,Technology,Accessories,Belkin 8-Outlet Surge Protector,1,0.0,85.56,-1.85
CA-2023-000666,2023-12-12,2023-12-19,CU-1558,Consumer,South,Technology,Accessories,Belkin 8-Outlet Surge Protector,2,0.0,151.47,20.75
CA-2023-000667,2023-08-07,2023-08-14,CU-1172,Home Office,South,Furniture,Chairs,HON 5400 Series Task Chairs for Big and Tall,1,0.0,992.15,175.14
CA-2024-000668,2024-07-20,2024-07-22,CU-1627,Corporate,East,Office Supplies,Paper,Hammermill Copy Plus Paper,4,0.0,153.62,38.75
CA-2023-000669,2023-01-17,2023-01-21,CU-1290,Corporate,West,Office Supplies,Binders,GBC Ibimaster 500 Manual ProClick Binding System,1,0.2,673.76,35.07
CA-2024-000670,2024-12-09,2024-12-11,CU-1625,Home Office,Central,Technology,Machines,Zebra ZP 450 Thermal Label Printer,2,0.0,1017.61,235.64
CA-2024-000671,2024-09-02,2024-09-04,CU-1428,Consumer,East,Office Supplies,Labels,"Avery 5"" x 8"" Label",2,0.0,37.51,-7.98
CA-2023-000672,2023-07-16,2023-07-17,CU-1519,Consumer,West,Technology,Machines,HP LaserJet Pro M404n Printer,5,0.1,1981.15,409.87
CA-2024-000673,2024-10-03,2024-10-09,CU-1933,Corporate,West,Furniture,Chairs,Global Deluxe High-Back Manager's Chair,1,0.0,581.51,85.15
CA-2023-000674,2023-06-30,2023-07-02,CU-1342,Home Office,West,Office Supplies,Fasteners,OIC Heavy-Duty Binder Clips,1,0.1,5.75,-21.39
CA-2023-000675,2023-02-14,2023-02-15,CU-1118,Consumer,East,Office Supplies,Supplies,Stanley Bostitch Heavy-Duty Stapler,4,0.0,235.9,46.6
CA-2024-000676,2024-03-31,2024-04-05,CU-1112,Corporate,East,Office Supplies,Envelopes,Avery Self-Adhesive Address Labels,1,0.1,21.35,-16.67
CA-2023-000677,2023-04-11,2023-04-13,CU-1496,Consumer,West,Office Supplies,Supplies,Stanley Bostitch Heavy-Duty Stapler,3,0.0,159.98,23.74
CA-2023-000678,2023-05-29,2023-05-31,CU-1647,Corporate,South,Furniture,Bookcases,Sauder Camden County Barrister Bookcase,1,0.0,662.97,40.8
CA-2023-000679,2023-07-27,2023-07-30,CU-1469,Corporate,East,Technology,Accessories,Logitech MX Master Wireless Mouse,2,0.0,303.87,75.82
CA-2023-000680,2023-12-18,2023-12-20,CU-1174,Home Office,East,Furniture,Furnishings,DAX Two-Tone Rosewood/Black Document Frame,2,0.15,72.03,-8.13
CA-2023-000681,2023-03-30,2023-04-03,CU-1285,Consumer,West,Furniture,Furnishings,DAX Two-Tone Rosewood/Black Document Frame,1,0.3,29.42,-19.56
CA-2023-000682,2023-09-10,2023-09-12,CU-1587,Consumer,West,Office Supplies,Storage,Fellowes Bankers Box Heavy-Duty Storage Boxes,2,0.2,144.1,0.88
CA-2023-000683,2023-02-15,2023-02-16,CU-1829,Home Office,Central,Technology,Machines,HP LaserJet Pro M404n Printer,2,0.0,816.09,165.08
CA-2024-000684,2024-04-08,2024-04-12,CU-1135,Corporate,South,Furniture,Bookcases,Bush Westfield Collection Bookcase,2,0.0,1168.79,158.44
CA-2023-000685,2023-09-02,2023-09-08,CU-1584,Home Office,Central,Technology,Machines,HP LaserJet Pro M404n Printer,1,0.1,349.74,37.92
CA-2024-000686,2024-04-10,2024-04-14,CU-1475,Home Office,Central,Technology,Accessories,SanDisk Ultra 64GB USB Flash Drive,3,0.0,102.5,7.86
CA-2024-000687,2024-10-04,2024-10-05,CU-1714,Home Office,East,Office Supplies,Paper,Xerox Premium Multipurpose Paper,2,0.0,99.64,17.97
CA-2024-000688,2024-12-02,2024-12-03,CU-1372,Consumer,Central,Office Supplies,Fasteners,OIC Heavy-Duty Binder Clips,1,0.2,5.34,-21.68
CA-2024-000689,2024-01-28,2024-01-31,CU-1574,Home Office,East,Office Supplies,Appliances,Hoover Commercial Lightweight Vacuum,1,0.0,485.07,81.07
CA-2023-000690,2023-05-22,2023-05-25,CU-1982,Home Office,East,Furniture,Bookcases,Bush Westfield Collection Bookcase,1,0.0,605.14,52.6
CA-2023-000691,2023-08-19,2023-08-22,CU-1353,Corporate,West,Office Supplies,Paper,Xerox Premium Multipurpose Paper,1,0.1,44.67,-10.26
CA-2024-000692,2024-05-28,2024-06-02,CU-1462,Home Office,South,Technology,Accessories,Belkin 8-Outlet Surge Protector,1,0.0,85.94,2.91
CA-2024-000693,2024-11-20,2024-11-26,CU-1082,Corporate,East,Technology,Accessories,SanDisk Ultra 64GB USB Flash Drive,4,0.0,139.04,20.14
CA-2023-000694,2023-10-23,2023-10-24,CU-1533,Home Office,Central,Technology,Phones,Polycom CX600 IP Phone,1,0.1,371.92,31.89
CA-2023-000695,2023-10-28,2023-11-01,CU-1660,Consumer,South,Office Supplies,Storage,Tennsco Industrial Steel Shelving,1,0.0,344.77,64.2
CA-2023-000696,2023-07-13,2023-07-14,CU-1592,Corporate,South,Office Supplies,Binders,Fellowes PB500 Electric Punch Plastic Comb Binding Machine with Manual Bind,3,0.15,3401.27,475.66
CA-2024-000697,2024-05-12,2024-05-17,CU-1919,Corporate,East,Office Supplies,Fasteners,OIC Heavy-Duty Binder Clips,1,0.0,6.59,-20.56
CA-2023-000698,2023-09-24,2023-09-26,CU-1466,Consumer,East,Office Supplies,Art,Newell 312 Mechanical Pencil,5,0.15,37.51,-10.83
CA-2024-000699,2024-12-29,2025-01-03,CU-1157,Consumer,East,Furniture,Furnishings,Eldon Image Series Desk Accessories,5,0.15,292.16,55.96
CA-2023-000700,2023-04-30,2023-05-01,CU-1724,Consumer,South,Technology,Machines,HP LaserJet Pro M404n Printer,2,0.0,807.83,150.94
CA-2023-000701,2023-12-19,2023-12-21,CU-1414,Corporate,East,Office Supplies,Paper,Xerox Premium Multipurpose Paper,1,0.0,49.86,-2.26
CA-2024-000702,2024-04-14,2024-04-17,CU-1302,Corporate,South,Technology,Accessories,Logitech G910 Mechanical Keyboard,5,0.0,1330.94,364.45
CA-2024-000703,2024-08-10,2024-08-16,CU-1749,Corporate,Central,Technology,Accessories,Logitech MX Master Wireless Mouse,2,0.2,257.25,26.31
CA-2023-000704,2023-05-23,2023-05-29,CU-1094,Corporate,Central,Office Supplies,Art,Newell 312 Mechanical Pencil,1,0.0,10.18,-19.36
CA-2024-000705,2024-09-14,2024-09-20,CU-1085,Home Office,West,Technology,Machines,Zebra ZP 450 Thermal Label Printer,1,0.15,460.29,24.74
CA-2024-000706,2024-11-24,2024-11-30,CU-1523,Consumer,South,Office Supplies,Storage,Tennsco Industrial Steel Shelving,5,0.0,1769.23,450.71
CA-2024-000707,2024-02-12,2024-02-14,CU-1315,Corporate,Central,Office Supplies,Labels,"Avery 5"" x 8"" Label",1,0.0,16.19,-16.97
CA-2023-000708,2023-08-09,2023-08-15,CU-1745,Corporate,West,Furniture,Furnishings,DAX Two-Tone Rosewood/Black Document Frame,2,0.0,81.86,-1.53
CA-2023-000709,2023-05-23,2023-05-30,CU-1343,Consumer,West,Office Supplies,Envelopes,Avery Self-Adhesive Address Labels,1,0.0,22.05,-13.98
CA-2023-000710,2023-04-01,2023-04-02,CU-1773,Consumer,East,Office Supplies,Paper,Hammermill Copy Plus Paper,3,0.0,125.29,25.83
CA-2023-000711,2023-07-10,2023-07-17,CU-1311,Corporate,West,Office Supplies,Paper,Xerox Premium Multipurpose Paper,2,0.0,109.39,22.8
CA-2023-000712,2023-08-18,2023-08-19,CU-1127,Home Office,South,Technology,Accessories,SanDisk Ultra 64GB USB Flash Drive,1,0.0,33.31,-12.86
CA-2024-000713,2024-03-03,2024-03-05,CU-1993,Consumer,South,Office Supplies,Art,Newell 312 Mechanical Pencil,2,0.0,17.9,-16.15
CA-2024-000714,2024-08-18,2024-08-22,CU-1122,Corporate,Central,Office Supplies,Envelopes,Avery Self-Adhesive Address Labels,3,0.1,59.56,-1.52
CA-2023-000715,2023-09-23,2023-09-25,CU-1054,Corporate,South,Office Supplies,Envelopes,Avery Self-Adhesive Address Labels,1,0.0,22.91,-14.53
CA-2024-000716,2024-03-05,2024-03-11,CU-1526,Consumer,East,Furniture,Tables,Hon Every-Day Round Conference Table,1,0.0,1410.42,166.38
CA-2023-000717,2023-04-07,2023-04-12,CU-1308,Corporate,South,Office Supplies,Supplies,Stanley Bostitch Heavy-Duty Stapler,1,0.2,47.51,-14.63
CA-2023-000718,2023-04-09,2023-04-14,CU-1496,Corporate,South,Office Supplies,Envelopes,Avery Self-Adhesive Address Labels,3,0.0,66.68,3.44
CA-2023-000719,2023-06-16,2023-06-17,CU-1706,Home Office,Central,Furniture,Chairs,Global Deluxe High-Back Manager's Chair,1,0.15,554.97,17.56
CA-2024-000720,2024-03-03,2024-03-07,CU-1707,Corporate,East,Furniture,Bookcases,Sauder Camden County Barrister Bookcase,1,0.0,647.92,20.08
CA-2024-000721,2024-03-28,2024-04-02,CU-1121,Consumer,East,Office Supplies,Art,Newell 312 Mechanical Pencil,5,0.0,46.32,-2.13
CA-2024-000722,2024-12-11,2024-12-13,CU-1781,Consumer,Central,Office Supplies,Labels,"Avery 5"" x 8"" Label",1,0.0,19.24,-15.54
CA-2023-000723,2023-01-20,2023-01-27,CU-1607,Consumer,West,Office Supplies,Art,Newell 312 Mechanical Pencil,1,0.0,8.8,-19.81
CA-2023-000724,2023-05-02,2023-05-05,CU-1616,Consumer,East,Furniture,Chairs,HON 5400 Series Task Chairs for Big and Tall,1,0.0,959.47,119.94
CA-2023-000725,2023-07-09,2023-07-15,CU-1356,Corporate,East,Office Supplies,Paper,Xerox Premium Multipurpose Paper,1,0.15,47.39,-7.5
CA-2024-000726,2024-05-27,2024-06-03,CU-1014,Home Office,East,Office Supplies,Supplies,Stanley Bostitch Heavy-Duty Stapler,1,0.1,46.89,-12.34
CA-2023-000727,2023-07-16,2023-07-19,CU-1942,Home Office,West,Technology,Accessories,Logitech G910 Mechanical Keyboard,2,0.0,553.02,149.72
CA-2024-000728,2024-01-11,2024-01-17,CU-1388,Corporate,East,Office Supplies,Envelopes,Avery Self-Adhesive Address Labels,1,0.2,16.71,-19.06
CA-2024-000729,2024-06-10,2024-06-12,CU-1507,Corporate,South,Office Supplies,Paper,Xerox Premium Multipurpose Paper,2,0.0,102.75,17.37
CA-2024-000730,2024-07-24,2024-07-30,CU-1319,Home Office,West,Furniture,Chairs,HON 5400 Series Task Chairs for Big and Tall,1,0.0,993.95,163.0
CA-2023-000731,2023-08-20,2023-08-25,CU-1821,Corporate,South,Office Supplies,Paper,Xerox Premium Multipurpose Paper,5,0.0,274.89,94.74
CA-2023-000732,2023-07-03,2023-07-04,CU-1087,Consumer,East,Technology,Machines,HP LaserJet Pro M404n Printer,1,0.0,408.96,79.45
CA-2024-000733,2024-02-09,2024-02-13,CU-1372,Consumer,South,Office Supplies,Labels,"Avery 5"" x 8"" Label",5,0.1,85.32,6.28
CA-2023-000734,2023-07-25,2023-07-30,CU-1783,Home Office,South,Technology,Accessories,Belkin 8-Outlet Surge Protector,1,0.0,80.13,-1.46
CA-2024-000735,2024-10-21,2024-10-25,CU-1150,Corporate,Central,Office Supplies,Paper,Xerox Premium Multipurpose Paper,2,0.2,89.88,1.36
CA-2023-000736,2023-05-06,2023-05-09,CU-1850,Consumer,West,Office Supplies,Art,Newell 312 Mechanical Pencil,1,0.2,7.03,-21.43
CA-2024-000737,2024-11-25,2024-11-26,CU-1098,Consumer,West,Technology,Machines,HP LaserJet Pro M404n Printer,1,0.1,349.14,42.36
CA-2024-000738,2024-04-22,2024-04-24,CU-1553,Home Office,Central,Furniture,Furnishings,Eldon Image Series Desk Accessories,1,0.0,66.96,1.2
CA-2023-000739,2023-02-02,2023-02-06,CU-1036,Consumer,East,Furniture,Furnishings,DAX Two-Tone Rosewood/Black Document Frame,1,0.0,43.96,-10.91
CA-2024-000740,2024-07-24,2024-07-30,CU-1732,Corporate,West,Furniture,Furnishings,DAX Two-Tone Rosewood/Black Document Frame,1,0.1,37.16,-16.05
CA-2023-000741,2023-04-23,2023-04-28,CU-1874,Consumer,Central,Office Supplies,Labels,"Avery 5"" x 8"" Label",2,0.1,32.32,-11.67
CA-2024-000742,2024-02-05,2024-02-08,CU-1328,Consumer,Central,Office Supplies,Art,Newell 312 Mechanical Pencil,5,0.1,42.07,-5.88
CA-2024-000743,2024-08-27,2024-08-28,CU-1640,Corporate,West,Technology,Accessories,Logitech MX Master Wireless Mouse,1,0.15,140.16,8.51
CA-2023-000744,2023-04-10,2023-04-14,CU-1663,Corporate,Central,Office Supplies,Storage,Fellowes Bankers Box Heavy-Duty Storage Boxes,1,0.0,91.16,3.44
CA-2024-000745,2024-12-05,2024-12-06,CU-1673,Corporate,West,Furniture,Furnishings,DAX Two-Tone Rosewood/Black Document Frame,1,0.0,41.63,-12.94
CA-2023-000746,2023-10-01,2023-10-02,CU-1586,Consumer,West,Office Supplies,Labels,"Avery 5"" x 8"" Label",2,0.3,24.27,-17.79
CA-2023-000747,2023-04-13,2023-04-19,CU-1629,Corporate,South,Office Supplies,Labels,"Avery 5"" x 8"" Label",1,0.0,18.56,-15.96
CA-2024-000748,2024-03-22,2024-03-24,CU-1294,Corporate,Central,Office Supplies,Art,Newell 312 Mechanical Pencil,3,0.15,25.97,-14.47
CA-2023-000749,2023-11-01,2023-11-06,CU-1097,Home Office,South,Office Supplies,Paper,Xerox Premium Multipurpose Paper,1,0.1,43.14,-8.04
CA-2023-000750,2023-10-07,2023-10-08,CU-1843,Corporate,South,Office Supplies,Envelopes,Avery Self-Adhesive Address Labels,1,0.0,21.55,-15.57
CA-2024-000751,2024-03-19,2024-03-25,CU-1781,Home Office,East,Office Supplies,Art,Newell 312 Mechanical Pencil,1,0.0,9.81,-19.52
CA-2023-000752,2023-01-20,2023-01-26,CU-1760,Corporate,South,Office Supplies,Labels,"Avery 5"" x 8"" Label",3,0.1,45.4,-4.95
CA-2024-000753,2024-10-15,2024-10-20,CU-1061,Home Office,East,Technology,Accessories,SanDisk Ultra 64GB USB Flash Drive,3,0.2,84.02,-5.57
CA-2024-000754,2024-01-09,2024-01-13,CU-1326,Consumer,East,Technology,Accessories,Logitech MX Master Wireless Mouse,1,0.1,141.0,9.22
CA-2024-000755,2024-02-27,2024-03-01,CU-1116,Consumer,East,Technology,Accessories,Belkin 8-Outlet Surge Protector,2,0.0,165.38,21.18
CA-2023-000756,2023-01-29,2023-01-31,CU-1927,Consumer,East,Technology,Accessories,SanDisk Ultra 64GB USB Flash Drive,1,0.0,35.34,-12.81
CA-2023-000757,2023-06-13,2023-06-16,CU-1872,Consumer,West,Technology,Accessories,Logitech MX Master Wireless Mouse,1,0.15,142.0,2.25
CA-2023-000758,2023-01-21,2023-01-22,CU-1416,Corporate,Central,Furniture,Furnishings,DAX Two-Tone Rosewood/Black Document Frame,1,0.1,39.66,-13.1
CA-2024-000759,2024-02-11,2024-02-18,CU-1534,Home Office,South,Office Supplies,Supplies,Stanley Bostitch Heavy-Duty Stapler,1,0.0,58.46,-4.33
CA-2024-000760,2024-05-23,2024-05-24,CU-1399,Home Office,East,Furniture,Bookcases,Bush Westfield Collection Bookcase,1,0.15,462.51,-6.9
CA-2024-000761,2024-03-09,2024-03-11,CU-1603,Consumer,West,Technology,Accessories,Logitech MX Master Wireless Mouse,1,0.3,112.49,-12.6
CA-2024-000762,2024-06-30,2024-07-03,CU-1284,Consumer,South,Office Supplies,Labels,"Avery 5"" x 8"" Label",1,0.0,17.65,-16.48
CA-2024-000763,2024-05-01,2024-05-07,CU-1757,Home Office,Central,Office Supplies,Paper,Xerox Premium Multipurpose Paper,1,0.1,49.88,-8.79
CA-2024-000764,2024-12-08,2024-12-15,CU-1924,Home Office,Central,Office Supplies,Labels,"Avery 5"" x 8"" Label",1,0.0,18.16,-15.61
CA-2024-000765,2024-07-01,2024-07-08,CU-1939,Corporate,South,Furniture,Bookcases,Bush Westfield Collection Bookcase,1,0.0,607.3,69.75
CA-2023-000766,2023-04-03,2023-04-10,CU-1324,Home Office,West,Office Supplies,Supplies,Stanley Bostitch Heavy-Duty Stapler,1,0.15,44.82,-14.69
CA-2023-000767,2023-02-04,2023-02-07,CU-1861,Corporate,West,Furniture,Furnishings,DAX Two-Tone Rosewood/Black Document Frame,3,0.2,98.73,-6.81
CA-2023-000768,2023-04-13,2023-04-20,CU-1560,Home Office,South,Technology,Accessories,Logitech G910 Mechanical Keyboard,1,0.0,262.09,54.3
CA-2024-000769,2024-04-09,2024-04-15,CU-1139,Consumer,West,Office Supplies,Binders,Fellowes PB500 Electric Punch Plastic Comb Binding Machine with Manual Bind,1,0.1,1224.02,237.16
CA-2023-000770,2023-07-24,2023-07-30,CU-1786,Home Office,East,Furniture,Furnishings,Eldon Image Series Desk Accessories,2,0.0,126.98,22.73
CA-2024-000771,2024-08-31,2024-09-06,CU-1177,Home Office,South,Office Supplies,Paper,Hammermill Copy Plus Paper,4,0.0,176.42,37.98
CA-2023-000772,2023-10-16,2023-10-18,CU-1584,Consumer,Central,Office Supplies,Binders,GBC Ibimaster 500 Manual ProClick Binding System,1,0.0,794.51,156.29
CA-2023-000773,2023-01-24,2023-01-29,CU-1718,Consumer,Central,Office Supplies,Fasteners,OIC Heavy-Duty Binder Clips,2,0.2,11.54,-19.78
CA-2024-000774,2024-02-15,2024-02-20,CU-1120,Consumer,West,Office Supplies,Paper,Hammermill Copy Plus Paper,1,0.0,40.37,-7.1
CA-2024-000775,2024-04-09,2024-04-16,CU-1800,Corporate,South,Office Supplies,Labels,"Avery 5"" x 8"" Label",1,0.1,15.08,-17.72
CA-2024-000776,2024-05-21,2024-05-25,CU-1693,Consumer,West,Technology,Accessories,Logitech MX Master Wireless Mouse,3,0.1,477.34,82.39
CA-2023-000777,2023-07-04,2023-07-08,CU-1254,Corporate,West,Technology,Accessories,SanDisk Ultra 64GB USB Flash Drive,1,0.3,21.67,-20.94
CA-2023-000778,2023-03-29,2023-03-30,CU-1392,Home Office,West,Office Supplies,Appliances,Hoover Commercial Lightweight Vacuum,3,0.3,974.34,-26.83
CA-2024-000779,2024-09-03,2024-09-06,CU-1362,Home Office,Central,Office Supplies,Binders,GBC Ibimaster 500 Manual ProClick Binding System,2,0.0,1749.36,321.92
CA-2023-000780,2023-01-06,2023-01-09,CU-1913,Home Office,Central,Office Supplies,Art,Newell 312 Mechanical Pencil,1,0.3,6.93,-22.22
CA-2024-000781,2024-08-17,2024-08-19,CU-1324,Home Office,West,Furniture,Tables,Bretford Rectangular Conference Table,1,0.2,1513.28,-98.71
CA-2023-000782,2023-05-26,2023-05-29,CU-1765,Corporate,West,Technology,Accessories,Logitech MX Master Wireless Mouse,1,0.0,173.22,32.71
CA-2023-000783,2023-10-17,2023-10-20,CU-1323,Home Office,West,Office Supplies,Fasteners,OIC Heavy-Duty Binder Clips,2,0.0,12.85,-17.06
CA-2023-000784,2023-06-04,2023-06-09,CU-1235,Consumer,Central,Furniture,Furnishings,DAX Two-Tone Rosewood/Black Document Frame,2,0.15,64.7,-12.12
CA-2024-000785,2024-04-26,2024-04-29,CU-1452,Corporate,West,Technology,Accessories,Logitech G910 Mechanical Keyboard,1,0.0,284.55,55.67
CA-2024-000786,2024-04-13,2024-04-17,CU-1290,Consumer,East,Technology,Phones,Polycom CX600 IP Phone,2,0.0,804.88,101.91
CA-2024-000787,2024-06-04,2024-06-11,CU-1538,Home Office,East,Furniture,Furnishings,Eldon Image Series Desk Accessories,3,0.1,182.11,35.8
CA-2024-000788,2024-03-02,2024-03-03,CU-1696,Consumer,West,Furniture,Bookcases,Bush Westfield Collection Bookcase,1,0.0,544.07,32.01
CA-2024-000789,2024-01-18,2024-01-23,CU-1724,Home Office,West,Furniture,Bookcases,Sauder Camden County Barrister Bookcase,1,0.0,649.37,25.99
CA-2024-000790,2024-04-09,2024-04-15,CU-1973,Corporate,South,Office Supplies,Storage,Tennsco Industrial Steel Shelving,2,0.0,768.25,185.46
CA-2024-000791,2024-08-05,2024-08-07,CU-1072,Home Office,West,Furniture,Chairs,Global Deluxe High-Back Manager's Chair,1,0.1,540.66,10.96
CA-2023-000792,2023-04-05,2023-04-09,CU-1213,Consumer,West,Furniture,Tables,Bretford Rectangular Conference Table,1,0.15,1479.27,-65.84
CA-2024-000793,2024-02-17,2024-02-20,CU-1753,Corporate,East,Office Supplies,Fasteners,OIC Heavy-Duty Binder Clips,4,0.0,25.63,-10.45
CA-2024-000794,2024-01-03,2024-01-09,CU-1274,Home Office,West,Technology,Phones,Polycom CX600 IP Phone,1,0.0,409.5,46.15
CA-2023-000795,2023-04-03,2023-04-10,CU-1525,Corporate,West,Office Supplies,Paper,Hammermill Copy Plus Paper,1,0.0,42.32,-9.19
CA-2024-000796,2024-11-23,2024-11-25,CU-1085,Corporate,West,Office Supplies,Fasteners,OIC Heavy-Duty Binder Clips,2,0.2,10.69,-19.71
CA-2024-000797,2024-03-23,2024-03-24,CU-1861,Consumer,West,Furniture,Tables,Hon Every-Day Round Conference Table,1,0.0,1309.95,149.33
CA-2023-000798,2023-10-30,2023-11-04,CU-1096,Corporate,South,Furniture,Chairs,HON 5400 Series Task Chairs for Big and Tall,1,0.0,961.51,143.41
CA-2023-000799,2023-12-30,2024-01-02,CU-1805,Consumer,West,Office Supplies,Envelopes,Avery Self-Adhesive Address Labels,2,0.0,46.21,-4.62
CA-2023-000800,2023-02-16,2023-02-17,CU-1460,Home Office,South,Office Supplies,Paper,Hammermill Copy Plus Paper,2,0.0,86.01,10.56
CA-2023-000801,2023-12-16,2023-12-23,CU-1689,Consumer,West,Technology,Accessories,SanDisk Ultra 64GB USB Flash Drive,1,0.0,35.28,-13.27
CA-2024-000802,2024-07-01,2024-07-02,CU-1889,Home Office,West,Technology,Copiers,Canon imageCLASS 2200 Advanced Copier,1,0.0,2206.26,671.85
CA-2023-000803,2023-11-07,2023-11-12,CU-1823,Corporate,Central,Technology,Accessories,Belkin 8-Outlet Surge Protector,2,0.1,158.27,13.15
CA-2023-000804,2023-05-09,2023-05-11,CU-1214,Corporate,East,Office Supplies,Binders,Fellowes PB500 Electric Punch Plastic Comb Binding Machine with Manual Bind,1,0.0,1440.63,377.64
CA-2024-000805,2024-10-27,2024-10-29,CU-1474,Consumer,West,Office Supplies,Paper,Hammermill Copy Plus Paper,2,0.15,66.43,-5.69
CA-2024-000806,2024-03-08,2024-03-09,CU-1020,Corporate,East,Technology,Accessories,Logitech MX Master Wireless Mouse,3,0.1,434.35,79.83
CA-2023-000807,2023-07-26,2023-07-29,CU-1730,Corporate,West,Office Supplies,Envelopes,Avery Self-Adhesive Address Labels,3,0.0,60.62,2.21
CA-2024-000808,2024-05-22,2024-05-28,CU-1525,Home Office,West,Office Supplies,Envelopes,Avery Self-Adhesive Address Labels,2,0.3,28.46,-17.3
CA-2023-000809,2023-08-26,2023-09-01,CU-1663,Corporate,West,Office Supplies,Binders,GBC DocuBind TL300 Electric Binding System,1,0.1,872.17,99.46
CA-2023-000810,2023-04-30,2023-05-04,CU-1743,Consumer,West,Office Supplies,Fasteners,OIC Heavy-Duty Binder Clips,2,0.0,13.15,-17.68
CA-2023-000811,2023-12-19,2023-12-23,CU-1862,Home Office,West,Furniture,Bookcases,Bush Westfield Collection Bookcase,1,0.2,436.1,-20.32
CA-2023-000812,2023-05-15,2023-05-18,CU-1368,Corporate,East,Office Supplies,Supplies,Stanley Bostitch Heavy-Duty Stapler,1,0.0,60.54,-4.98
CA-2024-000813,2024-09-28,2024-09-30,CU-1620,Corporate,Central,Furniture,Furnishings,Eldon Image Series Desk Accessories,2,0.1,111.72,5.82
CA-2024-000814,2024-03-01,2024-03-05,CU-1365,Home Office,East,Furniture,Furnishings,Eldon Image Series Desk Accessories,1,0.0,60.76,-0.77
CA-2023-000815,2023-06-28,2023-07-05,CU-1232,Consumer,East,Furniture,Furnishings,DAX Two-Tone Rosewood/Black Document Frame,1,0.15,34.13,-17.78
CA-2024-000816,2024-05-13,2024-05-16,CU-1917,Consumer,Central,Technology,Machines,HP LaserJet Pro M404n Printer,2,0.15,736.83,89.99
CA-2024-000817,2024-12-24,2024-12-25,CU-1108,Home Office,Central,Furniture,Bookcases,Sauder Camden County Barrister Bookcase,1,0.0,752.05,12.87
CA-2024-000818,2024-07-29,2024-07-30,CU-1745,Corporate,West,Office Supplies,Art,Newell 312 Mechanical Pencil,1,0.0,9.1,-19.9
CA-2024-000819,2024-06-02,2024-06-06,CU-1868,Consumer,West,Office Supplies,Supplies,Stanley Bostitch Heavy-Duty Stapler,1,0.1,49.01,-13.55
CA-2024-000820,2024-03-01,2024-03-08,CU-1087,Corporate,South,Technology,Accessories,SanDisk Ultra 64GB USB Flash Drive,1,0.15,26.83,-17.7
CA-2024-000821,2024-02-29,2024-03-03,CU-1141,Corporate,West,Office Supplies,Fasteners,OIC Heavy-Duty Binder Clips,1,0.15,5.67,-21.43
CA-2024-000822,2024-02-24,2024-02-28,CU-1788,Consumer,Central,Office Supplies,Storage,Tennsco Industrial Steel Shelving,1,0.1,344.23,43.37
CA-2023-000823,2023-03-28,2023-03-31,CU-1676,Home Office,East,Office Supplies,Storage,Fellowes Bankers Box Heavy-Duty Storage Boxes,5,0.0,408.43,115.27
CA-2024-000824,2024-08-11,2024-08-12,CU-1429,Corporate,South,Technology,Machines,HP LaserJet Pro M404n Printer,5,0.15,1875.18,328.29
CA-2023-000825,2023-11-18,2023-11-21,CU-1456,Home Office,East,Technology,Copiers,Canon imageCLASS 2200 Advanced Copier,1,0.0,2381.29,728.65
CA-2024-000826,2024-07-11,2024-07-16,CU-1414,Consumer,South,Technology,Accessories,SanDisk Ultra 64GB USB Flash Drive,2,0.1,62.53,-6.23
CA-2023-000827,2023-03-28,2023-03-29,CU-1553,Corporate,East,Office Supplies,Art,Newell 312 Mechanical Pencil,1,0.1,9.23,-20.28
CA-2023-000828,2023-04-06,2023-04-11,CU-1815,Home Office,South,Office Supplies,Art,Newell 312 Mechanical Pencil,1,0.15,7.66,-21.42
CA-2023-000829,2023-09-05,2023-09-12,CU-1381,Corporate,South,Technology,Accessories,SanDisk Ultra 64GB USB Flash Drive,2,0.3,42.33,-19.46
CA-2023-000830,2023-05-07,2023-05-08,CU-1347,Consumer,East,Office Supplies,Supplies,Stanley Bostitch Heavy-Duty Stapler,4,0.0,227.38,35.32
CA-2023-000831,2023-12-25,2023-12-28,CU-1532,Home Office,East,Furniture,Furnishings,Eldon Image Series Desk Accessories,2,0.1,123.3,13.98
CA-2023-000832,2023-04-18,2023-04-21,CU-1435,Corporate,Central,Office Supplies,Art,Newell 312 Mechanical Pencil,1,0.15,8.09,-21.21
CA-2023-000833,2023-04-05,2023-04-06,CU-1412,Home Office,West,Office Supplies,Paper,Hammermill Copy Plus Paper,1,0.0,38.24,-8.81
CA-2023-000834,2023-09-28,2023-10-03,CU-1996,Corporate,East,Office Supplies,Art,Newell 312 Mechanical Pencil,1,0.0,10.34,-19.24
CA-2023-000835,2023-05-28,2023-06-02,CU-1120,Home Office,East,Technology,Accessories,Logitech MX Master Wireless Mouse,2,0.0,336.75,86.92
CA-2024-000836,2024-04-11,2024-04-15,CU-1872,Corporate,Central,Technology,Phones,Cisco TelePresence System EX90 Videoconferencing Unit,1,0.1,3143.96,320.38
CA-2023-000837,2023-05-04,2023-05-07,CU-1310,Corporate,West,Office Supplies,Envelopes,Avery Self-Adhesive Address Labels,1,0.0,21.64,-13.95
CA-2023-000838,2023-01-29,2023-02-05,CU-1290,Consumer,East,Technology,Accessories,Logitech MX Master Wireless Mouse,2,0.0,350.21,75.72
CA-2024-000839,2024-05-15,2024-05-16,CU-1579,Corporate,South,Technology,Accessories,Logitech MX Master Wireless Mouse,1,0.2,128.05,-0.1
CA-2024-000840,2024-01-22,2024-01-26,CU-1779,Corporate,West,Technology,Accessories,Belkin 8-Outlet Surge Protector,3,0.0,227.98,42.44
CA-2023-000841,2023-06-02,2023-06-09,CU-1921,Corporate,South,Office Supplies,Supplies,Stanley Bostitch Heavy-Duty Stapler,1,0.1,51.62,-11.97
CA-2024-000842,2024-07-07,2024-07-08,CU-1724,Consumer,South,Office Supplies,Storage,Tennsco Industrial Steel Shelving,3,0.1,981.9,201.24
CA-2024-000843,2024-07-28,2024-08-03,CU-1054,Home Office,East,Technology,Accessories,Logitech MX Master Wireless Mouse,2,0.0,331.78,77.69
CA-2024-000844,2024-05-02,2024-05-07,CU-1805,Consumer,East,Furniture,Furnishings,DAX Two-Tone Rosewood/Black Document Frame,1,0.2,31.19,-19.47
CA-2024-000845,2024-12-23,2024-12-30,CU-1046,Corporate,Central,Furniture,Furnishings,DAX Two-Tone Rosewood/Black Document Frame,1,0.15,35.82,-16.65
CA-2023-000846,2023-12-15,2023-12-19,CU-1101,Home Office,East,Technology,Accessories,Logitech G910 Mechanical Keyboard,1,0.0,260.25,40.46
CA-2023-000847,2023-10-20,2023-10-22,CU-1060,Home Office,South,Technology,Accessories,Logitech G910 Mechanical Keyboard,2,0.0,574.52,145.19
CA-2023-000848,2023-07-05,2023-07-06,CU-1264,Corporate,Central,Office Supplies,Labels,"Avery 5"" x 8"" Label",1,0.0,16.6,-16.07
CA-2023-000849,2023-02-23,2023-02-25,CU-1972,Consumer,South,Furniture,Bookcases,Bush Westfield Collection Bookcase,2,0.0,1124.14,111.41
CA-2023-000850,2023-03-04,2023-03-07,CU-1907,Consumer,South,Office Supplies,Appliances,Hoover Commercial Lightweight Vacuum,1,0.0,464.8,59.17
CA-2024-000851,2024-07-21,2024-07-26,CU-1416,Corporate,Central,Office Supplies,Labels,"Avery 5"" x 8"" Label",1,0.1,16.76,-17.78
CA-2024-000852,2024-10-13,2024-10-18,CU-1550,Corporate,West,Technology,Machines,Zebra ZP 450 Thermal Label Printer,4,0.0,2246.45,521.02
CA-2023-000853,2023-02-12,2023-02-13,CU-1061,Corporate,South,Technology,Accessories,Belkin 8-Outlet Surge Protector,4,0.1,300.4,34.2
CA-2024-000854,2024-09-04,2024-09-07,CU-1522,Corporate,Central,Technology,Accessories,Belkin 8-Outlet Surge Protector,1,0.0,83.14,-0.04
CA-2023-000855,2023-06-15,2023-06-21,CU-1742,Home Office,South,Office Supplies,Art,Newell 312 Mechanical Pencil,1,0.0,9.94,-19.15
CA-2024-000856,2024-03-18,2024-03-20,CU-1267,Home Office,West,Office Supplies,Fasteners,OIC Heavy-Duty Binder Clips,4,0.0,27.45,-10.51
CA-2023-000857,2023-10-07,2023-10-09,CU-1935,Home Office,East,Office Supplies,Fasteners,OIC Heavy-Duty Binder Clips,1,0.0,7.19,-20.4
CA-2024-000858,2024-10-23,2024-10-24,CU-1713,Home Office,West,Office Supplies,Fasteners,OIC Heavy-Duty Binder Clips,1,0.0,6.26,-20.73
CA-2024-000859,2024-02-07,2024-02-12,CU-1835,Home Office,West,Office Supplies,Binders,GBC Ibimaster 500 Manual ProClick Binding System,3,0.1,2208.25,354.61
CA-2024-000860,2024-11-19,2024-11-20,CU-1786,Home Office,Central,Office Supplies,Paper,Xerox Premium Multipurpose Paper,3,0.15,128.47,12.62
CA-2023-000861,2023-05-08,2023-05-12,CU-1696,Home Office,South,Office Supplies,Paper,Xerox Premium Multipurpose Paper,1,0.0,53.93,-1.21
CA-2023-000862,2023-07-16,2023-07-17,CU-1990,Corporate,Central,Technology,Accessories,Belkin 8-Outlet Surge Protector,2,0.15,131.22,6.09
CA-2023-000863,2023-10-15,2023-10-19,CU-1405,Consumer,South,Furniture,Tables,Hon Every-Day Round Conference Table,2,0.0,2654.06,309.69
CA-2024-000864,2024-08-05,2024-08-10,CU-1578,Consumer,Central,Office Supplies,Art,Newell 312 Mechanical Pencil,2,0.1,17.49,-16.81
CA-2024-000865,2024-08-25,2024-08-27,CU-1746,Corporate,East,Office Supplies,Supplies,Stanley Bostitch Heavy-Duty Stapler,1,0.2,47.74,-13.84
CA-2024-000866,2024-11-25,2024-11-26,CU-1464,Consumer,West,Technology,Machines,HP LaserJet Pro M404n Printer,2,0.0,790.62,169.67
CA-2024-000867,2024-10-18,2024-10-24,CU-1280,Consumer,West,Office Supplies,Storage,Tennsco Industrial Steel Shelving,1,0.2,280.15,26.43
CA-2024-000868,2024-05-22,2024-05-25,CU-1545,Corporate,South,Office Supplies,Art,Newell 312 Mechanical Pencil,1,0.1,7.94,-20.53
CA-2023-000869,2023-01-06,2023-01-10,CU-1706,Corporate,Central,Technology,Machines,Zebra ZP 450 Thermal Label Printer,1,0.1,425.86,52.34
CA-2023-000870,2023-09-13,2023-09-15,CU-1827,Consumer,South,Technology,Accessories,Logitech G910 Mechanical Keyboard,1,0.1,222.06,24.61
CA-2023-000871,2023-09-14,2023-09-16,CU-1813,Consumer,Central,Technology,Phones,Polycom CX600 IP Phone,1,0.0,380.68,39.57
CA-2024-000872,2024-09-06,2024-09-11,CU-1938,Consumer,West,Office Supplies,Paper,Hammermill Copy Plus Paper,1,0.0,38.59,-7.76
CA-2023-000873,2023-11-17,2023-11-24,CU-1625,Home Office,West,Office Supplies,Labels,"Avery 5"" x 8"" Label",2,0.0,37.36,-8.79
CA-2023-000874,2023-03-09,2023-03-10,CU-1770,Corporate,East,Office Supplies,Labels,"Avery 5"" x 8"" Label",2,0.0,34.7,-9.75
CA-2024-000875,2024-09-05,2024-09-12,CU-1634,Consumer,South,Office Supplies,Fasteners,OIC Heavy-Duty Binder Clips,1,0.0,6.99,-20.18
CA-2024-000876,2024-10-28,2024-11-03,CU-1609,Home Office,Central,Technology,Accessories,SanDisk Ultra 64GB USB Flash Drive,1,0.0,30.71,-15.04
CA-2024-000877,2024-08-30,2024-09-06,CU-1492,Home Office,West,Technology,Accessories,Belkin 8-Outlet Surge Protector,3,0.0,244.06,41.62
CA-2023-000878,2023-07-10,2023-07-12,CU-1667,Corporate,South,Technology,Accessories,Logitech MX Master Wireless Mouse,1,0.0,164.9,25.75
CA-2024-000879,2024-08-20,2024-08-25,CU-1008,Home Office,East,Technology,Accessories,SanDisk Ultra 64GB USB Flash Drive,1,0.0,31.58,-14.11
CA-2023-000880,2023-02-28,2023-03-02,CU-1205,Home Office,East,Office Supplies,Art,Newell 312 Mechanical Pencil,3,0.15,24.14,-15.79
CA-2023-000881,2023-03-12,2023-03-15,CU-1872,Home Office,South,Technology,Machines,Zebra ZP 450 Thermal Label Printer,1,0.1,462.51,57.24
CA-2024-000882,2024-09-22,2024-09-25,CU-1224,Consumer,East,Office Supplies,Paper,Hammermill Copy Plus Paper,1,0.0,43.49,-8.96
CA-2024-000883,2024-12-10,2024-12-12,CU-1826,Home Office,West,Office Supplies,Appliances,Hoover Commercial Lightweight Vacuum,1,0.0,495.2,87.62
CA-2023-000884,2023-07-30,2023-08-03,CU-1117,Consumer,South,Technology,Accessories,Logitech G910 Mechanical Keyboard,5,0.0,1228.2,273.82
CA-2024-000885,2024-03-26,2024-03-28,CU-1290,Consumer,East,Office Supplies,Fasteners,OIC Heavy-Duty Binder Clips,3,0.0,21.63,-13.6
CA-2023-000886,2023-09-26,2023-10-02,CU-1268,Consumer,Central,Technology,Accessories,Logitech G910 Mechanical Keyboard,3,0.0,754.3,167.77
CA-2024-000887,2024-11-24,2024-11-26,CU-1245,Corporate,South,Office Supplies,Paper,Xerox Premium Multipurpose Paper,2,0.0,111.42,18.94
CA-2024-000888,2024-11-07,2024-11-09,CU-1066,Consumer,East,Office Supplies,Storage,Tennsco Industrial Steel Shelving,5,0.3,1324.95,122.22
CA-2023-000889,2023-05-14,2023-05-21,CU-1651,Consumer,Central,Technology,Machines,Zebra ZP 450 Thermal Label Printer,1,0.1,450.12,45.6
CA-2024-000890,2024-09-22,2024-09-27,CU-1814,Corporate,East,Technology,Machines,Zebra ZP 450 Thermal Label Printer,1,0.15,425.88,16.25
CA-2024-000891,2024-06-04,2024-06-09,CU-1066,Consumer,West,Furniture,Furnishings,DAX Two-Tone Rosewood/Black Document Frame,1,0.0,41.13,-11.01
CA-2024-000892,2024-10-22,2024-10-29,CU-1711,Corporate,West,Office Supplies,Art,Newell 312 Mechanical Pencil,1,0.0,9.3,-19.8
CA-2024-000893,2024-04-30,2024-05-03,CU-1916,Consumer,West,Office Supplies,Envelopes,Avery Self-Adhesive Address Labels,2,0.15,38.66,-12.03
CA-2023-000894,2023-08-29,2023-09-02,CU-1260,Home Office,Central,Furniture,Chairs,Global Deluxe High-Back Manager's Chair,1,0.0,582.4,85.25
CA-2023-000895,2023-05-18,2023-05-25,CU-1636,Corporate,West,Office Supplies,Binders,GBC Ibimaster 500 Manual ProClick Binding System,1,0.0,824.43,138.7
CA-2024-000896,2024-04-06,2024-04-10,CU-1452,Consumer,South,Office Supplies,Paper,Hammermill Copy Plus Paper,1,0.0,39.69,-10.32
CA-2024-000897,2024-10-22,2024-10-23,CU-1804,Corporate,East,Office Supplies,Paper,Xerox Premium Multipurpose Paper,1,0.15,44.04,-9.74
CA-2023-000898,2023-04-11,2023-04-12,CU-1309,Home Office,South,Office Supplies,Binders,GBC Ibimaster 500 Manual ProClick Binding System,1,0.0,768.37,119.29
CA-2023-000899,2023-07-15,2023-07-21,CU-1267,Consumer,South,Office Supplies,Fasteners,OIC Heavy-Duty Binder Clips,1,0.15,5.86,-21.46
CA-2023-000900,2023-10-16,2023-10-23,CU-1012,Corporate,East,Office Supplies,Storage,Fellowes Bankers Box Heavy-Duty Storage Boxes,5,0.2,374.77,58.8
CA-2024-000901,2024-02-12,2024-02-14,CU-1775,Corporate,West,Furniture,Chairs,Global Deluxe High-Back Manager's Chair,2,0.0,1244.06,203.62
CA-2023-000902,2023-12-15,2023-12-22,CU-1449,Corporate,Central,Office Supplies,Binders,GBC Ibimaster 500 Manual ProClick Binding System,3,0.0,2628.75,484.55
CA-2024-000903,2024-01-19,2024-01-21,CU-1854,Corporate,South,Office Supplies,Envelopes,Avery Self-Adhesive Address Labels,1,0.2,16.17,-18.64
CA-2023-000904,2023-08-19,2023-08-23,CU-1601,Consumer,Central,Office Supplies,Paper,Hammermill Copy Plus Paper,2,0.15,72.69,-3.97
CA-2023-000905,2023-05-23,2023-05-25,CU-1587,Corporate,West,Technology,Machines,HP LaserJet Pro M404n Printer,5,0.1,1960.07,393.8
CA-2023-000906,2023-07-29,2023-08-02,CU-1654,Corporate,Central,Office Supplies,Binders,GBC DocuBind TL300 Electric Binding System,1,0.0,930.67,215.25
CA-2023-000907,2023-06-25,2023-06-26,CU-1203,Consumer,West,Office Supplies,Labels,"Avery 5"" x 8"" Label",1,0.15,15.34,-19.11
CA-2023-000908,2023-10-18,2023-10-20,CU-1175,Corporate,West,Furniture,Bookcases,Bush Westfield Collection Bookcase,2,0.0,1033.89,101.72
CA-2024-000909,2024-02-05,2024-02-07,CU-1925,Consumer,East,Technology,Machines,HP LaserJet Pro M404n Printer,1,0.0,431.44,75.82
CA-2023-000910,2023-07-30,2023-08-02,CU-1601,Consumer,West,Office Supplies,Paper,Hammermill Copy Plus Paper,2,0.0,84.24,11.09
CA-2023-000911,2023-10-10,2023-10-12,CU-1538,Corporate,West,Technology,Copiers,Canon imageCLASS 2200 Advanced Copier,1,0.0,2175.51,682.29
CA-2024-000912,2024-04-16,2024-04-20,CU-1717,Home Office,South,Office Supplies,Envelopes,Avery Self-Adhesive Address Labels,2,0.0,47.32,-4.18
CA-2024-000913,2024-02-05,2024-02-10,CU-1442,Corporate,West,Technology,Accessories,Belkin 8-Outlet Surge Protector,3,0.0,229.76,42.61
CA-2024-000914,2024-11-05,2024-11-07,CU-1161,Corporate,South,Office Supplies,Labels,"Avery 5"" x 8"" Label",1,0.1,14.65,-17.87
CA-2024-000915,2024-11-13,2024-11-14,CU-1566,Consumer,South,Office Supplies,Labels,"Avery 5"" x 8"" Label",2,0.0,35.4,-6.91
CA-2023-000916,2023-03-20,2023-03-27,CU-1518,Consumer,West,Technology,Phones,Polycom CX600 IP Phone,2,0.0,819.81,107.46
CA-2023-000917,2023-01-28,2023-01-29,CU-1199,Corporate,Central,Office Supplies,Fasteners,OIC Heavy-Duty Binder Clips,2,0.0,12.93,-17.53
CA-2023-000918,2023-01-11,2023-01-14,CU-1069,Consumer,East,Technology,Accessories,Logitech MX Master Wireless Mouse,3,0.0,508.96,128.18
CA-2024-000919,2024-12-31,2025-01-04,CU-1102,Consumer,South,Technology,Accessories,Logitech MX Master Wireless Mouse,3,0.15,389.94,42.96
CA-2023-000920,2023-05-08,2023-05-13,CU-1451,Corporate,East,Office Supplies,Supplies,Stanley Bostitch Heavy-Duty Stapler,1,0.1,46.1,-13.65
CA-2023-000921,2023-08-10,2023-08-16,CU-1830,Home Office,Central,Furniture,Chairs,HON 5400 Series Task Chairs for Big and Tall,2,0.0,2140.11,418.94
CA-2024-000922,2024-02-04,2024-02-10,CU-1951,Consumer,South,Furniture,Furnishings,Eldon Image Series Desk Accessories,1,0.0,69.69,1.99
CA-2023-000923,2023-09-02,2023-09-04,CU-1685,Consumer,East,Technology,Phones,Polycom CX600 IP Phone,1,0.3,281.06,-30.81
CA-2023-000924,2023-04-09,2023-04-16,CU-1835,Corporate,South,Technology,Accessories,Belkin 8-Outlet Surge Protector,2,0.1,134.32,5.79
CA-2024-000925,2024-07-29,2024-08-04,CU-1218,Consumer,South,Technology,Machines,Zebra ZP 450 Thermal Label Printer,1,0.0,557.33,81.82
CA-2023-000926,2023-11-28,2023-11-30,CU-1673,Corporate,South,Office Supplies,Binders,Fellowes PB500 Electric Punch Plastic Comb Binding Machine with Manual Bind,2,0.0,2522.28,550.2
CA-2023-000927,2023-02-14,2023-02-15,CU-1729,Home Office,East,Furniture,Furnishings,DAX Two-Tone Rosewood/Black Document Frame,1,0.15,35.15,-15.13
CA-2023-000928,2023-09-15,2023-09-16,CU-1710,Consumer,South,Office Supplies,Envelopes,Avery Self-Adhesive Address Labels,5,0.1,102.85,17.02
CA-2023-000929,2023-06-29,2023-07-05,CU-1018,Home Office,West,Technology,Accessories,SanDisk Ultra 64GB USB Flash Drive,2,0.3,46.84,-18.95
CA-2024-000930,2024-01-27,2024-02-01,CU-1631,Consumer,South,Office Supplies,Fasteners,OIC Heavy-Duty Binder Clips,1,0.1,6.51,-21.17
CA-2023-000931,2023-08-31,2023-09-06,CU-1206,Consumer,West,Office Supplies,Paper,Hammermill Copy Plus Paper,1,0.0,38.68,-9.19
CA-2023-000932,2023-07-29,2023-08-04,CU-1336,Consumer,South,Furniture,Chairs,HON 5400 Series Task Chairs for Big and Tall,4,0.1,4017.44,535.1
CA-2023-000933,2023-11-22,2023-11-28,CU-1768,Consumer,East,Technology,Accessories,SanDisk Ultra 64GB USB Flash Drive,1,0.15,27.2,-16.96
CA-2023-000934,2023-12-06,2023-12-09,CU-1703,Home Office,East,Furniture,Bookcases,Bush Westfield Collection Bookcase,1,0.2,462.17,-33.19
CA-2024-000935,2024-09-14,2024-09-21,CU-1071,Consumer,Central,Office Supplies,Paper,Xerox Premium Multipurpose Paper,1,0.0,47.14,-3.64
CA-2024-000936,2024-10-11,2024-10-13,CU-1209,Consumer,Central,Furniture,Bookcases,Sauder Camden County Barrister Bookcase,1,0.0,715.07,50.2
CA-2024-000937,2024-03-12,2024-03-18,CU-1310,Corporate,West,Office Supplies,Appliances,Hoover Commercial Lightweight Vacuum,1,0.0,466.19,73.29
CA-2024-000938,2024-10-12,2024-10-14,CU-1171,Corporate,West,Furniture,Furnishings,Eldon Image Series Desk Accessories,2,0.0,144.12,25.37
CA-2024-000939,2024-03-08,2024-03-13,CU-1780,Corporate,West,Office Supplies,Fasteners,OIC Heavy-Duty Binder Clips,1,0.0,7.18,-20.31
CA-2023-000940,2023-03-27,2023-04-03,CU-1389,Corporate,South,Furniture,Tables,Hon Every-Day Round Conference Table,1,0.0,1416.24,81.0
CA-2024-000941,2024-04-09,2024-04-12,CU-1158,Consumer,Central,Office Supplies,Paper,Xerox Premium Multipurpose Paper,2,0.0,96.68,14.55
CA-2023-000942,2023-01-14,2023-01-21,CU-1993,Home Office,South,Office Supplies,Art,Newell 312 Mechanical Pencil,2,0.0,20.66,-13.86
CA-2024-000943,2024-01-29,2024-02-02,CU-1127,Corporate,East,Furniture,Furnishings,Eldon Image Series Desk Accessories,5,0.0,355.09,114.38
CA-2023-000944,2023-07-18,2023-07-25,CU-1500,Home Office,South,Office Supplies,Paper,Hammermill Copy Plus Paper,1,0.2,34.39,-14.93
CA-2024-000945,2024-12-14,2024-12-15,CU-1832,Corporate,Central,Office Supplies,Fasteners,OIC Heavy-Duty Binder Clips,4,0.1,22.83,-14.69
CA-2024-000946,2024-12-15,2024-12-21,CU-1616,Home Office,East,Office Supplies,Fasteners,OIC Heavy-Duty Binder Clips,1,0.0,6.86,-20.6
CA-2023-000947,2023-01-13,2023-01-14,CU-1922,Consumer,East,Technology,Accessories,SanDisk Ultra 64GB USB Flash Drive,2,0.2,51.03,-13.33
CA-2024-000948,2024-03-09,2024-03-11,CU-1391,Home Office,South,Technology,Accessories,Belkin 8-Outlet Surge Protector,1,0.0,88.0,1.86
CA-2024-000949,2024-02-26,2024-03-04,CU-1352,Consumer,South,Furniture,Furnishings,DAX Two-Tone Rosewood/Black Document Frame,2,0.0,84.71,3.4
CA-2023-000950,2023-08-03,2023-08-09,CU-1071,Home Office,West,Office Supplies,Paper,Xerox Premium Multipurpose Paper,1,0.3,38.22,-17.0
CA-2024-000951,2024-06-21,2024-06-25,CU-1202,Corporate,East,Office Supplies,Fasteners,OIC Heavy-Duty Binder Clips,2,0.0,13.0,-17.18
CA-2024-000952,2024-05-29,2024-05-30,CU-1777,Consumer,South,Office Supplies,Paper,Hammermill Copy Plus Paper,3,0.0,114.3,16.64
CA-2024-000953,2024-02-23,2024-02-27,CU-1386,Consumer,South,Office Supplies,Fasteners,OIC Heavy-Duty Binder Clips,2,0.15,10.63,-19.71
CA-2023-000954,2023-03-07,2023-03-10,CU-1272,Consumer,Central,Office Supplies,Binders,Fellowes PB500 Electric Punch Plastic Comb Binding Machine with Manual Bind,1,0.0,1390.9,269.26
CA-2023-000955,2023-04-10,2023-04-12,CU-1954,Corporate,West,Office Supplies,Art,Newell 312 Mechanical Pencil,1,0.1,9.39,-20.03
CA-2023-000956,2023-12-12,2023-12-17,CU-1963,Corporate,West,Office Supplies,Paper,Hammermill Copy Plus Paper,1,0.2,36.03,-13.61
CA-2024-000957,2024-01-23,2024-01-28,CU-1715,Corporate,East,Office Supplies,Binders,GBC DocuBind TL300 Electric Binding System,1,0.0,891.56,169.18
CA-2023-000958,2023-01-27,2023-02-01,CU-1462,Home Office,West,Technology,Accessories,Logitech MX Master Wireless Mouse,1,0.2,135.78,-2.18
CA-2024-000959,2024-06-11,2024-06-15,CU-1648,Corporate,Central,Office Supplies,Fasteners,OIC Heavy-Duty Binder Clips,1,0.1,6.45,-21.14
CA-2023-000960,2023-11-30,2023-12-06,CU-1438,Corporate,Central,Office Supplies,Paper,Hammermill Copy Plus Paper,2,0.0,84.36,5.34
CA-2024-000961,2024-01-30,2024-02-02,CU-1733,Home Office,Central,Office Supplies,Fasteners,OIC Heavy-Duty Binder Clips,2,0.15,12.05,-18.67
CA-2023-000962,2023-05-11,2023-05-15,CU-1172,Corporate,Central,Technology,Accessories,SanDisk Ultra 64GB USB Flash Drive,1,0.1,29.49,-15.34
CA-2024-000963,2024-05-08,2024-05-14,CU-1108,Corporate,Central,Office Supplies,Art,Newell 312 Mechanical Pencil,1,0.0,10.35,-19.06
CA-2023-000964,2023-06-14,2023-06-17,CU-1919,Home Office,Central,Furniture,Tables,Hon Every-Day Round Conference Table,2,0.0,2684.84,239.5
CA-2024-000965,2024-11-12,2024-11-14,CU-1229,Home Office,Central,Furniture,Bookcases,Sauder Camden County Barrister Bookcase,2,0.0,1492.47,75.54
CA-2024-000966,2024-10-21,2024-10-24,CU-1575,Corporate,East,Office Supplies,Paper,Xerox Premium Multipurpose Paper,2,0.1,91.08,8.12
CA-2023-000967,2023-08-17,2023-08-20,CU-1762,Consumer,South,Technology,Accessories,Logitech MX Master Wireless Mouse,1,0.0,169.42,32.86
CA-2023-000968,2023-05-11,2023-05-18,CU-1194,Corporate,West,Office Supplies,Storage,Fellowes Bankers Box Heavy-Duty Storage Boxes,1,0.1,77.06,-3.3
CA-2023-000969,2023-11-24,2023-12-01,CU-1227,Consumer,West,Office Supplies,Paper,Xerox Premium Multipurpose Paper,2,0.15,88.19,4.17
CA-2023-000970,2023-01-10,2023-01-15,CU-1696,Corporate,East,Furniture,Furnishings,DAX Two-Tone Rosewood/Black Document Frame,1,0.15,33.88,-17.54
CA-2024-000971,2024-09-07,2024-09-10,CU-1316,Home Office,Central,Technology,Accessories,Logitech MX Master Wireless Mouse,2,0.15,286.16,38.47
CA-2023-000972,2023-10-08,2023-10-15,CU-1385,Consumer,South,Office Supplies,Labels,"Avery 5"" x 8"" Label",1,0.15,15.05,-18.38
CA-2023-000973,2023-06-06,2023-06-13,CU-1945,Consumer,West,Office Supplies,Labels,"Avery 5"" x 8"" Label",3,0.2,40.45,-10.19
CA-2024-000974,2024-02-06,2024-02-09,CU-1345,Corporate,West,Technology,Machines,HP LaserJet Pro M404n Printer,2,0.15,764.51,93.72
CA-2023-000975,2023-12-23,2023-12-30,CU-1717,Home Office,West,Office Supplies,Paper,Xerox Premium Multipurpose Paper,1,0.1,44.72,-7.18
CA-2023-000976,2023-04-10,2023-04-12,CU-1311,Corporate,East,Office Supplies,Storage,Fellowes Bankers Box Heavy-Duty Storage Boxes,2,0.15,138.66,12.83
CA-2024-000977,2024-08-14,2024-08-16,CU-1200,Home Office,Central,Office Supplies,Paper,Hammermill Copy Plus Paper,1,0.2,31.37,-14.97
CA-2024-000978,2024-01-06,2024-01-12,CU-1437,Home Office,East,Furniture,Furnishings,DAX Two-Tone Rosewood/Black Document Frame,1,0.15,37.39,-16.4
CA-2023-000979,2023-02-27,2023-02-28,CU-1346,Home Office,West,Office Supplies,Paper,Xerox Premium Multipurpose Paper,1,0.2,38.53,-13.05
CA-2023-000980,2023-06-02,2023-06-08,CU-1610,Consumer,West,Office Supplies,Supplies,Stanley Bostitch Heavy-Duty Stapler,1,0.0,55.08,-8.23
CA-2024-000981,2024-12-09,2024-12-16,CU-1647,Home Office,West,Office Supplies,Fasteners,OIC Heavy-Duty Binder Clips,1,0.0,7.02,-20.45
CA-2024-000982,2024-01-12,2024-01-13,CU-1023,Home Office,West,Technology,Accessories,Logitech MX Master Wireless Mouse,1,0.0,167.34,26.44
CA-2023-000983,2023-10-08,2023-10-14,CU-1444,Corporate,East,Office Supplies,Supplies,Stanley Bostitch Heavy-Duty Stapler,2,0.0,111.92,10.98
CA-2023-000984,2023-04-12,2023-04-15,CU-1020,Corporate,West,Office Supplies,Binders,GBC DocuBind TL300 Electric Binding System,3,0.15,2310.43,334.3
CA-2023-000985,2023-03-07,2023-03-12,CU-1212,Home Office,Central,Technology,Accessories,Belkin 8-Outlet Surge Protector,1,0.15,70.9,-8.98
CA-2023-000986,2023-07-05,2023-07-12,CU-1131,Home Office,East,Office Supplies,Envelopes,Avery Self-Adhesive Address Labels,1,0.1,21.01,-16.96
CA-2024-000987,2024-10-30,2024-11-01,CU-1305,Corporate,East,Technology,Phones,Polycom CX600 IP Phone,1,0.15,325.47,-4.37
CA-2024-000988,2024-03-09,2024-03-15,CU-1674,Home Office,West,Technology,Copiers,Canon imageCLASS 2200 Advanced Copier,1,0.2,1778.38,336.45
CA-2023-000989,2023-05-24,2023-05-29,CU-1522,Consumer,Central,Office Supplies,Art,Newell 312 Mechanical Pencil,1,0.2,8.36,-21.05
CA-2024-000990,2024-11-09,2024-11-16,CU-1137,Home Office,East,Furniture,Chairs,HON 5400 Series Task Chairs for Big and Tall,1,0.0,1099.42,148.96
CA-2024-000991,2024-08-28,2024-08-31,CU-1665,Consumer,West,Furniture,Furnishings,Eldon Image Series Desk Accessories,2,0.0,134.1,20.47
CA-2024-000992,2024-04-12,2024-04-13,CU-1644,Home Office,South,Office Supplies,Storage,Tennsco Industrial Steel Shelving,2,0.2,531.06,37.88
CA-2024-000993,2024-10-10,2024-10-16,CU-1167,Corporate,East,Office Supplies,Fasteners,OIC Heavy-Duty Binder Clips,2,0.1,12.28,-18.48
CA-2023-000994,2023-11-20,2023-11-27,CU-1112,Home Office,West,Office Supplies,Paper,Hammermill Copy Plus Paper,1,0.1,34.42,-13.9
CA-2023-000995,2023-03-09,2023-03-12,CU-1231,Corporate,Central,Office Supplies,Fasteners,OIC Heavy-Duty Binder Clips,1,0.0,6.38,-20.51
CA-2023-000996,2023-04-11,2023-04-15,CU-1539,Home Office,South,Technology,Machines,HP LaserJet Pro M404n Printer,1,0.2,347.49,7.34
CA-2024-000997,2024-08-25,2024-09-01,CU-1277,Home Office,Central,Technology,Accessories,SanDisk Ultra 64GB USB Flash Drive,1,0.0,32.92,-13.93
CA-2023-000998,2023-02-19,2023-02-21,CU-1807,Home Office,West,Office Supplies,Storage,Fellowes Bankers Box Heavy-Duty Storage Boxes,2,0.0,186.89,38.58
CA-2024-000999,2024-05-03,2024-05-08,CU-1387,Home Office,South,Technology,Accessories,Logitech MX Master Wireless Mouse,1,0.0,152.48,17.3
CA-2023-001000,2023-02-24,2023-03-02,CU-1468,Consumer,West,Office Supplies,Fasteners,OIC Heavy-Duty Binder Clips,1,0.15,5.83,-21.54
CA-2023-001001,2023-12-29,2024-01-05,CU-1945,Consumer,South,Office Supplies,Appliances,Hoover Commercial Lightweight Vacuum,1,0.2,379.47,13.1
CA-2024-001002,2024-10-12,2024-10-19,CU-1078,Home Office,East,Office Supplies,Binders,GBC Ibimaster 500 Manual ProClick Binding System,1,0.15,732.92,64.63
CA-2023-001003,2023-04-06,2023-04-08,CU-1010,Corporate,East,Office Supplies,Envelopes,Avery Self-Adhesive Address Labels,1,0.0,23.85,-13.29
CA-2024-001004,2024-05-06,2024-05-10,CU-1631,Consumer,Central,Office Supplies,Art,Newell 312 Mechanical Pencil,5,0.2,39.76,-11.07
CA-2024-001005,2024-03-11,2024-03-17,CU-1901,Home Office,Central,Office Supplies,Art,Newell 312 Mechanical Pencil,1,0.3,6.92,-21.78
CA-2024-001006,2024-09-13,2024-09-17,CU-1076,Corporate,East,Office Supplies,Storage,Tennsco Industrial Steel Shelving,2,0.2,569.5,43.31
CA-2024-001007,2024-06-10,2024-06-13,CU-1935,Home Office,East,Office Supplies,Storage,Tennsco Industrial Steel Shelving,1,0.0,346.45,55.47
CA-2024-001008,2024-07-06,2024-07-13,CU-1755,Home Office,West,Technology,Accessories,SanDisk Ultra 64GB USB Flash Drive,1,0.0,31.29,-14.59
CA-2023-001009,2023-08-11,2023-08-14,CU-1913,Home Office,West,Furniture,Bookcases,Sauder Camden County Barrister Bookcase,4,0.0,3034.41,324.56
CA-2023-001010,2023-02-28,2023-03-03,CU-1739,Consumer,West,Technology,Copiers,Canon imageCLASS 2200 Advanced Copier,1,0.0,2060.2,569.4
CA-2023-001011,2023-12-30,2023-12-31,CU-1126,Corporate,Central,Technology,Phones,Polycom CX600 IP Phone,1,0.0,414.58,39.25
CA-2023-001012,2023-06-09,2023-06-16,CU-1186,Home Office,South,Office Supplies,Fasteners,OIC Heavy-Duty Binder Clips,1,0.0,6.4,-20.73
CA-2023-001013,2023-04-22,2023-04-26,CU-1904,Home Office,East,Office Supplies,Fasteners,OIC Heavy-Duty Binder Clips,1,0.0,6.95,-20.69
CA-2023-001014,2023-04-24,2023-04-26,CU-1682,Consumer,West,Furniture,Furnishings,Eldon Image Series Desk Accessories,1,0.0,64.46,-3.74
CA-2024-001015,2024-11-12,2024-11-15,CU-1769,Corporate,West,Technology,Accessories,Logitech MX Master Wireless Mouse,1,0.0,167.72,21.42
CA-2023-001016,2023-05-15,2023-05-16,CU-1700,Consumer,Central,Office Supplies,Storage,Tennsco Industrial Steel Shelving,2,0.0,689.2,128.49
CA-2024-001017,2024-11-25,2024-12-02,CU-1497,Consumer,West,Office Supplies,Storage,Fellowes Bankers Box Heavy-Duty Storage Boxes,5,0.1,394.09,71.93
CA-2023-001018,2023-09-11,2023-09-16,CU-1717,Consumer,West,Technology,Accessories,Logitech MX Master Wireless Mouse,1,0.0,170.18,32.11
CA-2023-001019,2023-07-23,2023-07-27,CU-1875,Home Office,East,Office Supplies,Labels,"Avery 5"" x 8"" Label",3,0.1,47.87,-6.91
CA-2023-001020,2023-08-23,2023-08-24,CU-1631,Consumer,Central,Technology,Accessories,Logitech MX Master Wireless Mouse,1,0.3,122.42,-9.93
CA-2023-001021,2023-02-22,2023-02-26,CU-1490,Consumer,West,Office Supplies,Paper,Xerox Premium Multipurpose Paper,1,0.1,44.29,-9.41
CA-2024-001022,2024-10-21,2024-10-22,CU-1327,Consumer,East,Furniture,Furnishings,Eldon Image Series Desk Accessories,1,0.0,64.69,-1.68
CA-2023-001023,2023-02-11,2023-02-12,CU-1103,Corporate,East,Office Supplies,Binders,GBC DocuBind TL300 Electric Binding System,2,0.0,1910.36,458.81
CA-2023-001024,2023-09-16,2023-09-20,CU-1882,Consumer,South,Office Supplies,Paper,Xerox Premium Multipurpose Paper,1,0.0,47.22,-4.81
CA-2024-001025,2024-01-05,2024-01-11,CU-1282,Consumer,West,Technology,Accessories,SanDisk Ultra 64GB USB Flash Drive,2,0.1,59.57,-9.65
CA-2023-001026,2023-03-31,2023-04-01,CU-1670,Consumer,East,Technology,Accessories,Logitech MX Master Wireless Mouse,2,0.0,329.93,85.97
CA-2024-001027,2024-12-22,2024-12-26,CU-1779,Consumer,East,Furniture,Bookcases,Sauder Camden County Barrister Bookcase,1,0.0,689.05,43.65
CA-2023-001028,2023-02-14,2023-02-16,CU-1928,Home Office,South,Technology,Machines,Zebra ZP 450 Thermal Label Printer,2,0.0,1103.28,250.03
CA-2024-001029,2024-01-10,2024-01-14,CU-1975,Home Office,Central,Office Supplies,Fasteners,OIC Heavy-Duty Binder Clips,1,0.0,6.62,-20.57
CA-2023-001030,2023-06-20,2023-06-25,CU-1995,Home Office,East,Furniture,Furnishings,Eldon Image Series Desk Accessories,4,0.0,287.43,66.61
CA-2024-001031,2024-02-12,2024-02-16,CU-1393,Home Office,West,Office Supplies,Labels,"Avery 5"" x 8"" Label",3,0.3,34.99,-14.09
CA-2024-001032,2024-02-15,2024-02-20,CU-1900,Home Office,West,Furniture,Furnishings,Eldon Image Series Desk Accessories,1,0.0,63.11,-0.8
CA-2024-001033,2024-05-30,2024-06-05,CU-1121,Consumer,East,Office Supplies,Supplies,Stanley Bostitch Heavy-Duty Stapler,1,0.15,45.97,-15.09
CA-2023-001034,2023-02-16,2023-02-21,CU-1276,Consumer,East,Furniture,Bookcases,Bush Westfield Collection Bookcase,1,0.0,599.58,68.55
CA-2023-001035,2023-08-04,2023-08-09,CU-1969,Home Office,South,Technology,Accessories,Logitech MX Master Wireless Mouse,2,0.1,317.03,47.75
CA-2023-001036,2023-05-17,2023-05-21,CU-1364,Consumer,South,Furniture,Furnishings,DAX Two-Tone Rosewood/Black Document Frame,1,0.3,29.6,-21.49
CA-2023-001037,2023-06-30,2023-07-03,CU-1108,Home Office,West,Technology,Machines,HP LaserJet Pro M404n Printer,1,0.3,303.81,1.16
CA-2024-001038,2024-10-31,2024-11-03,CU-1275,Consumer,West,Furniture,Furnishings,DAX Two-Tone Rosewood/Black Document Frame,2,0.1,78.64,-6.77
CA-2023-001039,2023-06-09,2023-06-13,CU-1185,Corporate,East,Furniture,Bookcases,Bush Westfield Collection Bookcase,2,0.0,1202.87,81.36
CA-2023-001040,2023-06-30,2023-07-02,CU-1906,Consumer,West,Office Supplies,Envelopes,Avery Self-Adhesive Address Labels,4,0.0,85.18,10.59
CA-2024-001041,2024-12-04,2024-12-09,CU-1412,Consumer,East,Technology,Machines,Zebra ZP 450 Thermal Label Printer,1,0.0,512.77,94.87
CA-2023-001042,2023-01-13,2023-01-18,CU-1957,Consumer,East,Technology,Phones,Polycom CX600 IP Phone,1,0.0,377.67,54.08
CA-2023-001043,2023-09-12,2023-09-19,CU-1980,Consumer,South,Office Supplies,Binders,GBC Ibimaster 500 Manual ProClick Binding System,1,0.1,667.66,94.49
CA-2024-001044,2024-12-25,2024-12-26,CU-1339,Corporate,East,Technology,Machines,Zebra ZP 450 Thermal Label Printer,1,0.1,460.59,37.39
CA-2023-001045,2023-09-07,2023-09-08,CU-1557,Corporate,Central,Office Supplies,Art,Newell 312 Mechanical Pencil,1,0.0,8.77,-20.26
CA-2024-001046,2024-06-07,2024-06-14,CU-1361,Home Office,South,Office Supplies,Paper,Hammermill Copy Plus Paper,1,0.0,39.33,-9.3
CA-2023-001047,2023-08-20,2023-08-26,CU-1112,Consumer,Central,Office Supplies,Paper,Xerox Premium Multipurpose Paper,3,0.15,122.71,10.91
CA-2023-001048,2023-10-16,2023-10-19,CU-1044,Home Office,East,Office Supplies,Binders,GBC Ibimaster 500 Manual ProClick Binding System,1,0.0,873.76,121.84
CA-2023-001049,2023-07-02,2023-07-06,CU-1308,Home Office,South,Office Supplies,Art,Newell 312 Mechanical Pencil,2,0.1,16.2,-17.35
CA-2023-001050,2023-12-23,2023-12-24,CU-1817,Consumer,Central,Furniture,Furnishings,Eldon Image Series Desk Accessories,1,0.0,63.68,0.47
CA-2023-001051,2023-06-02,2023-06-09,CU-1489,Consumer,Central,Office Supplies,Fasteners,OIC Heavy-Duty Binder Clips,1,0.0,6.9,-20.28
CA-2024-001052,2024-08-14,2024-08-18,CU-1394,Corporate,South,Office Supplies,Storage,Tennsco Industrial Steel Shelving,1,0.0,385.7,66.58
CA-2024-001053,2024-05-21,2024-05-25,CU-1966,Home Office,East,Office Supplies,Appliances,Hoover Commercial Lightweight Vacuum,5,0.1,2178.47,218.04
CA-2024-001054,2024-01-28,2024-02-01,CU-1085,Home Office,West,Office Supplies,Art,Newell 312 Mechanical Pencil,1,0.0,9.67,-19.75
CA-2024-001055,2024-06-23,2024-06-28,CU-1208,Consumer,South,Technology,Accessories,SanDisk Ultra 64GB USB Flash Drive,3,0.0,90.31,4.01
CA-2024-001056,2024-07-25,2024-07-29,CU-1887,Consumer,South,Office Supplies,Storage,Tennsco Industrial Steel Shelving,4,0.0,1379.73,373.33
CA-2024-001057,2024-04-16,2024-04-18,CU-1229,Consumer,East,Technology,Accessories,Belkin 8-Outlet Surge Protector,2,0.2,128.14,-6.36
CA-2023-001058,2023-05-01,2023-05-07,CU-1718,Consumer,Central,Office Supplies,Labels,"Avery 5"" x 8"" Label",1,0.0,19.18,-15.64
CA-2024-001059,2024-05-03,2024-05-10,CU-1012,Home Office,West,Office Supplies,Envelopes,Avery Self-Adhesive Address Labels,1,0.0,20.73,-15.6
CA-2023-001060,2023-06-03,2023-06-10,CU-1421,Home Office,South,Technology,Accessories,Logitech G910 Mechanical Keyboard,2,0.1,495.44,77.17
CA-2024-001061,2024-03-30,2024-04-06,CU-1618,Consumer,East,Office Supplies,Fasteners,OIC Heavy-Duty Binder Clips,1,0.0,6.13,-20.76
CA-2023-001062,2023-01-12,2023-01-16,CU-1941,Home Office,South,Technology,Accessories,Belkin 8-Outlet Surge Protector,2,0.2,131.22,0.56
CA-2024-001063,2024-12-27,2024-12-29,CU-1128,Home Office,East,Office Supplies,Paper,Hammermill Copy Plus Paper,1,0.3,29.05,-16.97
CA-2024-001064,2024-02-15,2024-02-20,CU-1079,Home Office,West,Office Supplies,Binders,GBC DocuBind TL300 Electric Binding System,1,0.15,885.18,98.63
CA-2024-001065,2024-05-03,2024-05-06,CU-1434,Consumer,South,Office Supplies,Fasteners,OIC Heavy-Duty Binder Clips,1,0.0,6.11,-20.89
CA-2023-001066,2023-04-22,2023-04-23,CU-1554,Consumer,Central,Office Supplies,Binders,GBC Ibimaster 500 Manual ProClick Binding System,2,0.15,1264.72,93.19
CA-2023-001067,2023-08-05,2023-08-10,CU-1246,Corporate,Central,Office Supplies,Binders,Fellowes PB500 Electric Punch Plastic Comb Binding Machine with Manual Bind,3,0.0,3775.57,1049.65
CA-2024-001068,2024-08-06,2024-08-11,CU-1316,Consumer,South,Furniture,Chairs,HON 5400 Series Task Chairs for Big and Tall,5,0.0,4752.69,676.92
CA-2023-001069,2023-10-17,2023-10-21,CU-1690,Consumer,South,Office Supplies,Art,Newell 312 Mechanical Pencil,1,0.0,9.36,-19.96
CA-2024-001070,2024-02-22,2024-02-28,CU-1488,Home Office,Central,Office Supplies,Art,Newell 312 Mechanical Pencil,1,0.15,7.47,-21.02
CA-2023-001071,2023-10-25,2023-10-27,CU-1905,Consumer,East,Technology,Accessories,Logitech MX Master Wireless Mouse,1,0.2,120.55,-0.08
CA-2023-001072,2023-06-14,2023-06-19,CU-1804,Consumer,South,Office Supplies,Art,Newell 312 Mechanical Pencil,2,0.1,18.6,-16.87
CA-2023-001073,2023-10-25,2023-10-28,CU-1244,Consumer,Central,Office Supplies,Fasteners,OIC Heavy-Duty Binder Clips,4,0.0,27.59,-9.69
CA-2023-001074,2023-06-06,2023-06-11,CU-1560,Consumer,West,Office Supplies,Fasteners,OIC Heavy-Duty Binder Clips,1,0.15,5.29,-21.57
CA-2023-001075,2023-04-07,2023-04-11,CU-1091,Consumer,East,Office Supplies,Storage,Fellowes Bankers Box Heavy-Duty Storage Boxes,4,0.0,340.56,81.36
CA-2024-001076,2024-12-28,2025-01-04,CU-1946,Consumer,Central,Office Supplies,Paper,Hammermill Copy Plus Paper,5,0.3,151.52,5.71
CA-2024-001077,2024-08-05,2024-08-09,CU-1132,Corporate,South,Furniture,Chairs,HON 5400 Series Task Chairs for Big and Tall,3,0.0,3298.75,679.96
CA-2024-001078,2024-06-08,2024-06-15,CU-1898,Home Office,Central,Office Supplies,Fasteners,OIC Heavy-Duty Binder Clips,1,0.0,6.54,-20.64
CA-2024-001079,2024-09-27,2024-10-03,CU-1107,Corporate,West,Office Supplies,Binders,GBC DocuBind TL300 Electric Binding System,2,0.1,1746.65,207.31
CA-2023-001080,2023-06-12,2023-06-17,CU-1477,Corporate,West,Office Supplies,Paper,Xerox Premium Multipurpose Paper,1,0.0,51.34,-5.03
CA-2023-001081,2023-04-22,2023-04-23,CU-1411,Corporate,Central,Technology,Accessories,Logitech G910 Mechanical Keyboard,1,0.2,208.76,8.4
CA-2023-001082,2023-11-21,2023-11-24,CU-1039,Home Office,East,Technology,Machines,HP LaserJet Pro M404n Printer,1,0.1,370.59,36.25
CA-2024-001083,2024-04-26,2024-04-28,CU-1958,Corporate,West,Office Supplies,Fasteners,OIC Heavy-Duty Binder Clips,1,0.0,6.77,-20.57
CA-2024-001084,2024-04-29,2024-05-01,CU-1650,Consumer,Central,Office Supplies,Binders,GBC DocuBind TL300 Electric Binding System,3,0.2,2379.32,170.24
CA-2023-001085,2023-05-26,2023-05-27,CU-1219,Home Office,South,Furniture,Furnishings,Eldon Image Series Desk Accessories,1,0.2,52.71,-12.1
CA-2023-001086,2023-07-08,2023-07-15,CU-1203,Corporate,West,Office Supplies,Binders,GBC DocuBind TL300 Electric Binding System,3,0.0,3117.71,611.35
CA-2024-001087,2024-05-08,2024-05-12,CU-1584,Corporate,Central,Office Supplies,Art,Newell 312 Mechanical Pencil,2,0.3,13.29,-19.87
CA-2024-001088,2024-07-28,2024-08-04,CU-1680,Home Office,South,Furniture,Furnishings,DAX Two-Tone Rosewood/Black Document Frame,1,0.1,37.74,-15.91
CA-2023-001089,2023-01-15,2023-01-17,CU-1690,Corporate,South,Furniture,Furnishings,DAX Two-Tone Rosewood/Black Document Frame,4,0.0,160.0,27.84
CA-2024-001090,2024-06-17,2024-06-23,CU-1992,Home Office,Central,Technology,Copiers,Canon imageCLASS 2200 Advanced Copier,1,0.15,1757.4,338.04
CA-2023-001091,2023-02-07,2023-02-09,CU-1221,Corporate,East,Office Supplies,Supplies,Stanley Bostitch Heavy-Duty Stapler,1,0.1,52.98,-10.74
CA-2023-001092,2023-07-15,2023-07-21,CU-1514,Consumer,West,Office Supplies,Envelopes,Avery Self-Adhesive Address Labels,1,0.15,17.21,-17.66
CA-2024-001093,2024-10-26,2024-10-30,CU-1343,Consumer,East,Office Supplies,Paper,Hammermill Copy Plus Paper,1,0.15,34.68,-12.51
CA-2024-001094,2024-04-14,2024-04-18,CU-1675,Home Office,West,Office Supplies,Paper,Xerox Premium Multipurpose Paper,2,0.0,102.2,15.23
CA-2024-001095,2024-10-11,2024-10-14,CU-1857,Consumer,Central,Office Supplies,Labels,"Avery 5"" x 8"" Label",4,0.2,52.66,-8.77
CA-2024-001096,2024-10-27,2024-10-28,CU-1102,Home Office,West,Office Supplies,Fasteners,OIC Heavy-Duty Binder Clips,1,0.0,6.95,-20.18
CA-2024-001097,2024-05-30,2024-06-04,CU-1564,Corporate,Central,Technology,Accessories,SanDisk Ultra 64GB USB Flash Drive,2,0.15,52.39,-10.69
CA-2023-001098,2023-07-20,2023-07-27,CU-1840,Home Office,West,Office Supplies,Appliances,Hoover Commercial Lightweight Vacuum,1,0.3,355.22,-19.25
CA-2023-001099,2023-01-08,2023-01-11,CU-1924,Corporate,East,Technology,Accessories,SanDisk Ultra 64GB USB Flash Drive,1,0.0,33.41,-13.71
CA-2023-001100,2023-01-05,2023-01-09,CU-1759,Home Office,South,Technology,Phones,Cisco TelePresence System EX90 Videoconferencing Unit,1,0.15,2929.46,302.79
CA-2023-001101,2023-12-10,2023-12-12,CU-1659,Corporate,Central,Office Supplies,Storage,Tennsco Industrial Steel Shelving,5,0.0,1921.78,428.53
CA-2024-001102,2024-08-14,2024-08-18,CU-1529,Consumer,West,Technology,Accessories,Logitech MX Master Wireless Mouse,2,0.3,214.22,8.75
CA-2023-001103,2023-08-25,2023-08-26,CU-1780,Home Office,South,Office Supplies,Labels,"Avery 5"" x 8"" Label",1,0.0,17.97,-16.14
CA-2024-001104,2024-07-20,2024-07-22,CU-1607,Consumer,Central,Office Supplies,Storage,Tennsco Industrial Steel Shelving,1,0.0,350.5,70.85
CA-2024-001105,2024-09-24,2024-09-30,CU-1464,Home Office,South,Office Supplies,Art,Newell 312 Mechanical Pencil,5,0.1,39.54,-7.73
CA-2023-001106,2023-07-11,2023-07-13,CU-1826,Corporate,South,Office Supplies,Fasteners,OIC Heavy-Duty Binder Clips,1,0.0,7.05,-20.23
CA-2024-001107,2024-11-06,2024-11-07,CU-1105,Consumer,West,Furniture,Furnishings,Eldon Image Series Desk Accessories,4,0.1,245.16,48.77
CA-2024-001108,2024-09-02,2024-09-03,CU-1370,Consumer,West,Technology,Phones,Polycom CX600 IP Phone,1,0.2,306.81,-5.63
CA-2023-001109,2023-04-14,2023-04-18,CU-1429,Corporate,South,Technology,Accessories,SanDisk Ultra 64GB USB Flash Drive,1,0.0,33.22,-14.03
CA-2024-001110,2024-10-10,2024-10-14,CU-1621,Consumer,Central,Technology,Accessories,SanDisk Ultra 64GB USB Flash Drive,1,0.0,30.63,-13.92
CA-2023-001111,2023-12-18,2023-12-21,CU-1948,Consumer,East,Office Supplies,Art,Newell 312 Mechanical Pencil,2,0.0,18.03,-15.42
CA-2024-001112,2024-09-12,2024-09-13,CU-1920,Consumer,Central,Office Supplies,Art,Newell 312 Mechanical Pencil,1,0.15,7.75,-21.18
CA-2023-001113,2023-12-02,2023-12-04,CU-1976,Consumer,South,Furniture,Chairs,Global Deluxe High-Back Manager's Chair,2,0.2,951.35,12.77
CA-2024-001114,2024-12-26,2024-12-31,CU-1944,Consumer,South,Office Supplies,Fasteners,OIC Heavy-Duty Binder Clips,1,0.15,5.59,-21.4
CA-2023-001115,2023-06-27,2023-06-29,CU-1784,Home Office,South,Office Supplies,Labels,"Avery 5"" x 8"" Label",3,0.0,52.16,-0.6
CA-2023-001116,2023-06-19,2023-06-26,CU-1278,Corporate,Central,Technology,Machines,Zebra ZP 450 Thermal Label Printer,2,0.0,1023.89,209.25
CA-2024-001117,2024-09-13,2024-09-17,CU-1171,Consumer,South,Office Supplies,Paper,Hammermill Copy Plus Paper,2,0.0,84.66,5.33
CA-2024-001118,2024-08-23,2024-08-27,CU-1030,Consumer,East,Furniture,Furnishings,Eldon Image Series Desk Accessories,3,0.1,194.32,30.17
CA-2023-001119,2023-11-27,2023-12-01,CU-1798,Corporate,Central,Technology,Accessories,SanDisk Ultra 64GB USB Flash Drive,1,0.0,33.4,-13.55
CA-2023-001120,2023-01-10,2023-01-13,CU-1238,Home Office,Central,Office Supplies,Labels,"Avery 5"" x 8"" Label",2,0.0,35.87,-8.62
CA-2024-001121,2024-01-30,2024-02-02,CU-1904,Home Office,Central,Office Supplies,Envelopes,Avery Self-Adhesive Address Labels,1,0.0,21.28,-14.77
CA-2024-001122,2024-08-10,2024-08-16,CU-1821,Corporate,West,Office Supplies,Paper,Hammermill Copy Plus Paper,2,0.0,80.06,4.59
CA-2023-001123,2023-02-17,2023-02-20,CU-1590,Consumer,South,Office Supplies,Paper,Hammermill Copy Plus Paper,1,0.0,40.08,-9.03
CA-2023-001124,2023-01-19,2023-01-25,CU-1990,Corporate,Central,Technology,Accessories,SanDisk Ultra 64GB USB Flash Drive,2,0.0,64.54,-5.14
CA-2024-001125,2024-06-30,2024-07-05,CU-1740,Corporate,South,Furniture,Chairs,HON 5400 Series Task Chairs for Big and Tall,2,0.0,1918.42,367.86
CA-2023-001126,2023-11-21,2023-11-28,CU-1305,Home Office,West,Office Supplies,Storage,Fellowes Bankers Box Heavy-Duty Storage Boxes,1,0.15,75.23,-9.31
CA-2024-001127,2024-05-20,2024-05-27,CU-1229,Consumer,Central,Office Supplies,Fasteners,OIC Heavy-Duty Binder Clips,3,0.15,18.26,-16.99
CA-2023-001128,2023-05-23,2023-05-24,CU-1741,Corporate,Central,Technology,Machines,HP LaserJet Pro M404n Printer,3,0.1,1062.06,132.28
CA-2024-001129,2024-12-05,2024-12-12,CU-1270,Corporate,West,Office Supplies,Binders,GBC DocuBind TL300 Electric Binding System,3,0.0,2647.91,517.18
CA-2023-001130,2023-10-04,2023-10-10,CU-1771,Home Office,West,Technology,Accessories,Logitech G910 Mechanical Keyboard,1,0.0,248.13,52.78
CA-2024-001131,2024-10-14,2024-10-18,CU-1287,Corporate,West,Office Supplies,Fasteners,OIC Heavy-Duty Binder Clips,1,0.0,6.62,-20.59
CA-2023-001132,2023-08-20,2023-08-21,CU-1675,Home Office,East,Furniture,Furnishings,Eldon Image Series Desk Accessories,1,0.0,67.15,1.61
CA-2024-001133,2024-12-12,2024-12-13,CU-1394,Consumer,West,Office Supplies,Binders,GBC Ibimaster 500 Manual ProClick Binding System,1,0.0,836.96,141.37
CA-2023-001134,2023-04-18,2023-04-21,CU-1319,Home Office,West,Furniture,Chairs,Global Deluxe High-Back Manager's Chair,2,0.0,1319.82,214.79
CA-2024-001135,2024-11-02,2024-11-04,CU-1463,Home Office,East,Technology,Accessories,Belkin 8-Outlet Surge Protector,1,0.0,87.27,-0.26
CA-2024-001136,2024-02-14,2024-02-16,CU-1104,Consumer,West,Office Supplies,Binders,GBC Ibimaster 500 Manual ProClick Binding System,1,0.1,789.88,91.57
CA-2023-001137,2023-04-20,2023-04-26,CU-1543,Corporate,South,Technology,Phones,Polycom CX600 IP Phone,1,0.0,396.33,46.69
CA-2023-001138,2023-09-29,2023-09-30,CU-1520,Corporate,Central,Furniture,Bookcases,Sauder Camden County Barrister Bookcase,1,0.0,664.75,29.41
CA-2024-001139,2024-03-27,2024-03-30,CU-1193,Corporate,East,Office Supplies,Paper,Xerox Premium Multipurpose Paper,1,0.0,55.64,-2.99
CA-2024-001140,2024-08-31,2024-09-03,CU-1981,Consumer,East,Office Supplies,Art,Newell 312 Mechanical Pencil,1,0.0,9.91,-19.31
CA-2023-001141,2023-04-28,2023-04-29,CU-1903,Home Office,West,Furniture,Furnishings,DAX Two-Tone Rosewood/Black Document Frame,2,0.0,83.17,-0.44
CA-2024-001142,2024-02-06,2024-02-10,CU-1804,Consumer,South,Technology,Phones,Polycom CX600 IP Phone,2,0.2,634.31,-0.77
CA-2024-001143,2024-10-14,2024-10-17,CU-1637,Corporate,South,Office Supplies,Labels,"Avery 5"" x 8"" Label",1,0.0,16.73,-15.98
CA-2024-001144,2024-12-05,2024-12-07,CU-1985,Consumer,West,Technology,Accessories,Logitech G910 Mechanical Keyboard,2,0.0,515.76,118.68
CA-2024-001145,2024-03-14,2024-03-17,CU-1009,Home Office,South,Office Supplies,Binders,Fellowes PB500 Electric Punch Plastic Comb Binding Machine with Manual Bind,5,0.2,5004.72,730.92
CA-2024-001146,2024-04-30,2024-05-05,CU-1696,Corporate,East,Technology,Copiers,Canon imageCLASS 2200 Advanced Copier,3,0.0,6107.2,1572.47
CA-2024-001147,2024-06-21,2024-06-26,CU-1463,Corporate,South,Technology,Accessories,Logitech G910 Mechanical Keyboard,1,0.0,256.58,52.8
CA-2024-001148,2024-07-12,2024-07-15,CU-1341,Home Office,West,Office Supplies,Fasteners,OIC Heavy-Duty Binder Clips,1,0.0,7.03,-20.48
CA-2023-001149,2023-04-26,2023-04-29,CU-1675,Consumer,South,Office Supplies,Labels,"Avery 5"" x 8"" Label",2,0.0,38.47,-5.86
CA-2024-001150,2024-05-24,2024-05-25,CU-1198,Corporate,Central,Furniture,Bookcases,Bush Westfield Collection Bookcase,2,0.3,766.01,-54.87
CA-2023-001151,2023-10-08,2023-10-14,CU-1271,Home Office,South,Office Supplies,Labels,"Avery 5"" x 8"" Label",3,0.0,57.51,1.54
CA-2023-001152,2023-12-06,2023-12-10,CU-1718,Corporate,Central,Office Supplies,Envelopes,Avery Self-Adhesive Address Labels,4,0.0,83.73,11.8
CA-2024-001153,2024-03-19,2024-03-26,CU-1510,Home Office,East,Office Supplies,Paper,Hammermill Copy Plus Paper,4,0.15,135.3,20.43
CA-2024-001154,2024-04-22,2024-04-28,CU-1295,Consumer,South,Technology,Accessories,Logitech MX Master Wireless Mouse,4,0.1,601.96,111.12
CA-2023-001155,2023-01-16,2023-01-20,CU-1440,Corporate,Central,Furniture,Chairs,HON 5400 Series Task Chairs for Big and Tall,1,0.1,856.33,65.57
CA-2023-001156,2023-02-21,2023-02-24,CU-1574,Consumer,Central,Technology,Accessories,Logitech MX Master Wireless Mouse,3,0.15,414.41,78.34
CA-2024-001157,2024-12-31,2025-01-03,CU-1032,Corporate,South,Technology,Accessories,Logitech MX Master Wireless Mouse,2,0.0,349.13,75.0
CA-2023-001158,2023-09-12,2023-09-19,CU-1942,Corporate,South,Office Supplies,Labels,"Avery 5"" x 8"" Label",1,0.0,18.99,-14.94
CA-2023-001159,2023-06-27,2023-07-02,CU-1256,Consumer,West,Office Supplies,Paper,Hammermill Copy Plus Paper,3,0.15,98.67,6.83
CA-2024-001160,2024-07-21,2024-07-23,CU-1384,Corporate,Central,Furniture,Furnishings,Eldon Image Series Desk Accessories,1,0.1,61.18,-5.92
CA-2023-001161,2023-05-22,2023-05-27,CU-1437,Corporate,West,Office Supplies,Paper,Hammermill Copy Plus Paper,1,0.2,34.33,-15.04
CA-2024-001162,2024-02-25,2024-02-29,CU-1629,Corporate,East,Office Supplies,Binders,Fellowes PB500 Electric Punch Plastic Comb Binding Machine with Manual Bind,2,0.2,2096.71,291.6
CA-2024-001163,2024-08-17,2024-08-22,CU-1865,Corporate,East,Office Supplies,Paper,Xerox Premium Multipurpose Paper,2,0.2,88.28,-2.32
CA-2024-001164,2024-02-17,2024-02-23,CU-1056,Corporate,Central,Technology,Copiers,Canon imageCLASS 2200 Advanced Copier,3,0.2,5279.02,738.13
CA-2023-001165,2023-12-08,2023-12-13,CU-1758,Home Office,Central,Technology,Phones,Polycom CX600 IP Phone,1,0.0,401.09,34.22
CA-2024-001166,2024-12-19,2024-12-21,CU-1655,Consumer,South,Office Supplies,Art,Newell 312 Mechanical Pencil,2,0.3,12.58,-20.1
CA-2024-001167,2024-10-05,2024-10-08,CU-1068,Consumer,East,Office Supplies,Supplies,Stanley Bostitch Heavy-Duty Stapler,4,0.15,195.02,12.39
CA-2024-001168,2024-09-10,2024-09-11,CU-1400,Consumer,Central,Office Supplies,Art,Newell 312 Mechanical Pencil,1,0.0,8.79,-19.93
CA-2023-001169,2023-11-04,2023-11-08,CU-1627,Home Office,West,Office Supplies,Art,Newell 312 Mechanical Pencil,1,0.0,10.19,-19.5
CA-2024-001170,2024-11-04,2024-11-09,CU-1246,Consumer,East,Technology,Accessories,Logitech MX Master Wireless Mouse,1,0.0,152.09,24.72
CA-2024-001171,2024-05-02,2024-05-06,CU-1400,Corporate,Central,Furniture,Furnishings,Eldon Image Series Desk Accessories,2,0.2,106.2,1.96
CA-2024-001172,2024-04-20,2024-04-24,CU-1594,Corporate,Central,Technology,Accessories,Belkin 8-Outlet Surge Protector,1,0.0,75.73,-3.36
CA-2024-001173,2024-10-22,2024-10-28,CU-1479,Home Office,West,Furniture,Furnishings,DAX Two-Tone Rosewood/Black Document Frame,2,0.0,88.7,6.0
CA-2023-001174,2023-10-11,2023-10-12,CU-1723,Home Office,West,Technology,Machines,HP LaserJet Pro M404n Printer,1,0.15,351.7,24.61
CA-2024-001175,2024-06-09,2024-06-10,CU-1879,Consumer,South,Technology,Accessories,Logitech G910 Mechanical Keyboard,1,0.1,241.94,28.55
CA-2024-001176,2024-11-05,2024-11-08,CU-1620,Home Office,East,Furniture,Bookcases,Sauder Camden County Barrister Bookcase,1,0.15,600.82,-7.66
CA-2024-001177,2024-08-12,2024-08-18,CU-1978,Home Office,South,Furniture,Bookcases,Sauder Camden County Barrister Bookcase,2,0.0,1324.15,63.41
CA-2024-001178,2024-08-21,2024-08-26,CU-1681,Consumer,West,Technology,Accessories,Belkin 8-Outlet Surge Protector,1,0.0,84.61,-2.01
CA-2024-001179,2024-11-26,2024-11-30,CU-1107,Consumer,West,Office Supplies,Storage,Fellowes Bankers Box Heavy-Duty Storage Boxes,1,0.15,80.92,-3.36
CA-2024-001180,2024-03-06,2024-03-07,CU-1383,Home Office,Central,Office Supplies,Binders,GBC DocuBind TL300 Electric Binding System,1,0.0,1002.72,192.03
CA-2023-001181,2023-06-28,2023-07-01,CU-1200,Corporate,West,Technology,Phones,Polycom CX600 IP Phone,1,0.0,423.64,54.28
CA-2024-001182,2024-03-24,2024-03-30,CU-1196,Consumer,Central,Furniture,Furnishings,Eldon Image Series Desk Accessories,1,0.0,70.17,2.4
CA-2024-001183,2024-10-06,2024-10-12,CU-1581,Home Office,Central,Technology,Phones,Polycom CX600 IP Phone,1,0.0,377.05,52.26
CA-2023-001184,2023-12-15,2023-12-17,CU-1212,Home Office,West,Office Supplies,Labels,"Avery 5"" x 8"" Label",4,0.1,64.12,-1.11
CA-2024-001185,2024-05-27,2024-05-30,CU-1640,Corporate,Central,Office Supplies,Paper,Xerox Premium Multipurpose Paper,3,0.15,138.9,18.49
CA-2024-001186,2024-08-05,2024-08-06,CU-1553,Corporate,Central,Technology,Accessories,Logitech MX Master Wireless Mouse,1,0.0,162.41,19.01
CA-2023-001187,2023-08-18,2023-08-25,CU-1892,Consumer,South,Office Supplies,Storage,Tennsco Industrial Steel Shelving,4,0.0,1469.16,307.31
CA-2023-001188,2023-03-18,2023-03-23,CU-1058,Home Office,Central,Office Supplies,Envelopes,Avery Self-Adhesive Address Labels,3,0.2,53.17,-8.38
CA-2024-001189,2024-08-19,2024-08-23,CU-1205,Corporate,Central,Furniture,Bookcases,Sauder Camden County Barrister Bookcase,5,0.1,2924.12,16.2
CA-2023-001190,2023-05-23,2023-05-25,CU-1241,Corporate,Central,Office Supplies,Art,Newell 312 Mechanical Pencil,2,0.2,15.81,-18.2
CA-2024-001191,2024-07-31,2024-08-05,CU-1612,Home Office,Central,Office Supplies,Labels,"Avery 5"" x 8"" Label",2,0.0,38.49,-5.57
CA-2024-001192,2024-07-18,2024-07-22,CU-1665,Corporate,West,Office Supplies,Storage,Tennsco Industrial Steel Shelving,1,0.0,325.12,60.83
CA-2024-001193,2024-05-04,2024-05-07,CU-1800,Consumer,West,Technology,Accessories,SanDisk Ultra 64GB USB Flash Drive,3,0.0,104.96,5.72
CA-2024-001194,2024-11-29,2024-12-05,CU-1440,Home Office,West,Office Supplies,Supplies,Stanley Bostitch Heavy-Duty Stapler,2,0.0,117.55,13.21
CA-2024-001195,2024-07-16,2024-07-18,CU-1351,Corporate,Central,Technology,Accessories,Logitech MX Master Wireless Mouse,1,0.1,156.72,11.86
CA-2023-001196,2023-09-01,2023-09-03,CU-1549,Home Office,Central,Technology,Phones,Polycom CX600 IP Phone,1,0.0,432.14,64.53
CA-2023-001197,2023-01-16,2023-01-23,CU-1044,Corporate,South,Office Supplies,Supplies,Stanley Bostitch Heavy-Duty Stapler,3,0.0,157.16,19.25
CA-2024-001198,2024-09-08,2024-09-14,CU-1672,Consumer,Central,Furniture,Furnishings,DAX Two-Tone Rosewood/Black Document Frame,5,0.0,203.0,39.57
CA-2023-001199,2023-09-14,2023-09-19,CU-1454,Home Office,South,Technology,Machines,Zebra ZP 450 Thermal Label Printer,2,0.15,941.01,125.45
CA-2024-001200,2024-01-11,2024-01-18,CU-1554,Home Office,Central,Office Supplies,Art,Newell 312 Mechanical Pencil,3,0.0,30.81,-10.47
CA-2023-001201,2023-02-25,2023-02-28,CU-1140,Home Office,East,Furniture,Tables,Hon Every-Day Round Conference Table,2,0.1,2426.33,15.62
CA-2023-001202,2023-11-09,2023-11-15,CU-1240,Home Office,West,Office Supplies,Art,Newell 312 Mechanical Pencil,1,0.1,9.08,-20.69
CA-2024-001203,2024-10-27,2024-11-03,CU-1393,Corporate,Central,Office Supplies,Paper,Hammermill Copy Plus Paper,1,0.0,37.92,-10.16
CA-2023-001204,2023-03-03,2023-03-06,CU-1229,Consumer,West,Furniture,Furnishings,DAX Two-Tone Rosewood/Black Document Frame,1,0.0,40.49,-11.93
CA-2023-001205,2023-07-08,2023-07-14,CU-1026,Home Office,South,Office Supplies,Paper,Hammermill Copy Plus Paper,1,0.0,41.66,-8.57
CA-2023-001206,2023-09-26,2023-10-03,CU-1886,Corporate,Central,Office Supplies,Supplies,Stanley Bostitch Heavy-Duty Stapler,1,0.0,58.37,-5.82
CA-2023-001207,2023-04-22,2023-04-27,CU-1474,Corporate,South,Office Supplies,Paper,Xerox Premium Multipurpose Paper,2,0.1,98.99,13.24
CA-2023-001208,2023-06-16,2023-06-20,CU-1698,Corporate,Central,Office Supplies,Appliances,Hoover Commercial Lightweight Vacuum,5,0.0,2534.68,438.57
CA-2023-001209,2023-09-13,2023-09-20,CU-1675,Corporate,Central,Office Supplies,Art,Newell 312 Mechanical Pencil,1,0.0,9.8,-19.59
CA-2023-001210,2023-05-08,2023-05-11,CU-1450,Consumer,West,Office Supplies,Envelopes,Avery Self-Adhesive Address Labels,1,0.0,20.88,-15.18
CA-2023-001211,2023-02-07,2023-02-10,CU-1283,Home Office,South,Office Supplies,Appliances,Hoover Commercial Lightweight Vacuum,3,0.0,1306.25,283.23
CA-2023-001212,2023-03-07,2023-03-11,CU-1645,Consumer,East,Technology,Accessories,Logitech G910 Mechanical Keyboard,2,0.0,566.63,117.87
CA-2024-001213,2024-09-24,2024-09-30,CU-1593,Corporate,Central,Furniture,Chairs,HON 5400 Series Task Chairs for Big and Tall,1,0.0,1067.79,199.12
CA-2024-001214,2024-07-20,2024-07-26,CU-1865,Corporate,Central,Furniture,Chairs,Global Deluxe High-Back Manager's Chair,4,0.3,1883.91,-134.49
CA-2024-001215,2024-09-06,2024-09-08,CU-1333,Home Office,South,Office Supplies,Paper,Xerox Premium Multipurpose Paper,1,0.0,51.79,-4.27
CA-2024-001216,2024-11-28,2024-12-02,CU-1368,Corporate,West,Office Supplies,Binders,GBC Ibimaster 500 Manual ProClick Binding System,1,0.0,743.46,131.17
CA-2024-001217,2024-10-29,2024-11-01,CU-1952,Consumer,Central,Office Supplies,Appliances,Hoover Commercial Lightweight Vacuum,5,0.1,1997.94,183.03
CA-2023-001218,2023-04-19,2023-04-24,CU-1729,Corporate,East,Furniture,Chairs,Global Deluxe High-Back Manager's Chair,1,0.1,582.34,47.56
CA-2024-001219,2024-01-23,2024-01-30,CU-1978,Consumer,East,Office Supplies,Envelopes,Avery Self-Adhesive Address Labels,2,0.0,46.38,-3.86
CA-2024-001220,2024-08-01,2024-08-06,CU-1899,Home Office,Central,Technology,Machines,HP LaserJet Pro M404n Printer,2,0.1,749.52,88.31
CA-2024-001221,2024-09-13,2024-09-17,CU-1932,Consumer,South,Office Supplies,Fasteners,OIC Heavy-Duty Binder Clips,1,0.0,6.29,-20.7
CA-2023-001222,2023-09-06,2023-09-13,CU-1246,Corporate,West,Technology,Accessories,SanDisk Ultra 64GB USB Flash Drive,1,0.0,33.92,-14.08
CA-2024-001223,2024-01-06,2024-01-07,CU-1459,Corporate,East,Office Supplies,Paper,Xerox Premium Multipurpose Paper,1,0.2,42.48,-11.64
CA-2024-001224,2024-08-06,2024-08-13,CU-1598,Home Office,East,Technology,Accessories,Belkin 8-Outlet Surge Protector,1,0.0,85.23,-0.65
CA-2024-001225,2024-09-12,2024-09-15,CU-1151,Home Office,West,Technology,Accessories,SanDisk Ultra 64GB USB Flash Drive,1,0.0,31.96,-13.65
CA-2024-001226,2024-10-09,2024-10-16,CU-1783,Home Office,West,Technology,Machines,Zebra ZP 450 Thermal Label Printer,1,0.0,486.21,79.91
CA-2023-001227,2023-04-14,2023-04-16,CU-1527,Home Office,West,Furniture,Furnishings,DAX Two-Tone Rosewood/Black Document Frame,3,0.0,116.69,7.12
CA-2024-001228,2024-03-08,2024-03-11,CU-1844,Corporate,Central,Technology,Accessories,Logitech MX Master Wireless Mouse,2,0.0,312.95,65.91
CA-2023-001229,2023-02-16,2023-02-17,CU-1854,Corporate,South,Office Supplies,Supplies,Stanley Bostitch Heavy-Duty Stapler,1,0.0,55.21,-7.54
CA-2024-001230,2024-05-03,2024-05-09,CU-1085,Consumer,Central,Technology,Accessories,Logitech MX Master Wireless Mouse,1,0.15,148.33,12.45
CA-2024-001231,2024-08-30,2024-09-04,CU-1602,Corporate,Central,Office Supplies,Paper,Xerox Premium Multipurpose Paper,2,0.0,102.25,17.08
CA-2023-001232,2023-08-26,2023-08-29,CU-1950,Corporate,South,Office Supplies,Art,Newell 312 Mechanical Pencil,1,0.0,9.64,-19.55
CA-2023-001233,2023-11-27,2023-12-01,CU-1748,Consumer,West,Office Supplies,Storage,Fellowes Bankers Box Heavy-Duty Storage Boxes,1,0.0,93.57,7.81
CA-2024-001234,2024-06-15,2024-06-18,CU-1280,Corporate,West,Office Supplies,Envelopes,Avery Self-Adhesive Address Labels,2,0.0,42.61,-7.29
CA-2023-001235,2023-08-18,2023-08-20,CU-1682,Corporate,East,Furniture,Furnishings,Eldon Image Series Desk Accessories,3,0.3,145.87,5.87
CA-2023-001236,2023-04-09,2023-04-11,CU-1912,Home Office,East,Office Supplies,Art,Newell 312 Mechanical Pencil,1,0.0,9.77,-19.85
CA-2023-001237,2023-01-07,2023-01-11,CU-1749,Corporate,East,Technology,Accessories,Belkin 8-Outlet Surge Protector,1,0.0,87.62,1.14
CA-2024-001238,2024-04-09,2024-04-12,CU-1505,Corporate,Central,Furniture,Bookcases,Sauder Camden County Barrister Bookcase,2,0.2,1057.41,-33.29
CA-2023-001239,2023-05-21,2023-05-24,CU-1744,Consumer,South,Office Supplies,Supplies,Stanley Bostitch Heavy-Duty Stapler,1,0.0,51.91,-7.1
CA-2023-001240,2023-06-10,2023-06-15,CU-1704,Corporate,Central,Office Supplies,Storage,Fellowes Bankers Box Heavy-Duty Storage Boxes,1,0.1,82.19,-5.32
CA-2024-001241,2024-03-19,2024-03-20,CU-1898,Home Office,Central,Furniture,Bookcases,Sauder Camden County Barrister Bookcase,2,0.0,1504.06,115.83
CA-2024-001242,2024-10-11,2024-10-17,CU-1271,Corporate,East,Technology,Copiers,Canon imageCLASS 2200 Advanced Copier,1,0.0,2390.26,726.33
CA-2024-001243,2024-05-11,2024-05-18,CU-1528,Home Office,East,Technology,Machines,Zebra ZP 450 Thermal Label Printer,1,0.0,529.32,75.15
CA-2023-001244,2023-01-04,2023-01-08,CU-1269,Home Office,West,Office Supplies,Binders,GBC Ibimaster 500 Manual ProClick Binding System,2,0.0,1531.36,272.36
CA-2024-001245,2024-10-08,2024-10-13,CU-1860,Consumer,South,Furniture,Bookcases,Bush Westfield Collection Bookcase,1,0.0,606.66,67.25
CA-2024-001246,2024-11-15,2024-11-19,CU-1224,Consumer,South,Office Supplies,Art,Newell 312 Mechanical Pencil,2,0.1,17.42,-17.38
CA-2024-001247,2024-03-05,2024-03-09,CU-1116,Corporate,West,Office Supplies,Storage,Fellowes Bankers Box Heavy-Duty Storage Boxes,2,0.0,176.11,29.92
CA-2024-001248,2024-12-22,2024-12-24,CU-1240,Consumer,South,Technology,Accessories,SanDisk Ultra 64GB USB Flash Drive,1,0.15,27.56,-17.75
CA-2023-001249,2023-10-02,2023-10-07,CU-1691,Corporate,West,Furniture,Chairs,Global Deluxe High-Back Manager's Chair,3,0.0,1881.5,250.54
CA-2024-001250,2024-02-05,2024-02-12,CU-1347,Home Office,Central,Office Supplies,Paper,Hammermill Copy Plus Paper,1,0.2,31.72,-15.06
CA-2023-001251,2023-11-12,2023-11-16,CU-1970,Home Office,South,Office Supplies,Paper,Hammermill Copy Plus Paper,2,0.0,78.38,6.69
CA-2023-001252,2023-05-13,2023-05-18,CU-1341,Corporate,Central,Office Supplies,Art,Newell 312 Mechanical Pencil,4,0.0,37.57,-6.14
CA-2024-001253,2024-11-01,2024-11-02,CU-1880,Home Office,East,Office Supplies,Art,Newell 312 Mechanical Pencil,1,0.0,9.01,-19.81
CA-2023-001254,2023-10-25,2023-11-01,CU-1013,Consumer,Central,Technology,Accessories,Logitech G910 Mechanical Keyboard,1,0.0,268.35,45.86
CA-2024-001255,2024-06-23,2024-06-24,CU-1646,Home Office,East,Office Supplies,Art,Newell 312 Mechanical Pencil,2,0.0,18.45,-16.29
CA-2023-001256,2023-02-04,2023-02-07,CU-1897,Corporate,Central,Office Supplies,Supplies,Stanley Bostitch Heavy-Duty Stapler,3,0.0,165.38,29.94
CA-2023-001257,2023-03-20,2023-03-21,CU-1554,Home Office,East,Office Supplies,Art,Newell 312 Mechanical Pencil,2,0.1,15.81,-17.41
CA-2023-001258,2023-04-08,2023-04-14,CU-1435,Home Office,Central,Office Supplies,Envelopes,Avery Self-Adhesive Address Labels,1,0.15,20.03,-16.83
CA-2023-001259,2023-11-06,2023-11-09,CU-1439,Consumer,East,Office Supplies,Paper,Hammermill Copy Plus Paper,1,0.3,29.33,-18.32
CA-2024-001260,2024-02-21,2024-02-26,CU-1508,Home Office,West,Furniture,Furnishings,Eldon Image Series Desk Accessories,1,0.1,59.88,-7.09
CA-2024-001261,2024-01-17,2024-01-24,CU-1237,Corporate,South,Office Supplies,Art,Newell 312 Mechanical Pencil,1,0.0,10.41,-19.28
CA-2024-001262,2024-05-03,2024-05-08,CU-1574,Consumer,East,Technology,Phones,Polycom CX600 IP Phone,1,0.0,423.1,38.17
CA-2024-001263,2024-05-16,2024-05-21,CU-1580,Consumer,Central,Furniture,Bookcases,Bush Westfield Collection Bookcase,1,0.1,502.71,15.24
CA-2024-001264,2024-05-20,2024-05-23,CU-1613,Corporate,Central,Office Supplies,Paper,Hammermill Copy Plus Paper,2,0.15,64.48,-4.21
CA-2023-001265,2023-10-02,2023-10-08,CU-1241,Corporate,West,Furniture,Chairs,Global Deluxe High-Back Manager's Chair,2,0.0,1240.52,220.19
CA-2024-001266,2024-12-26,2024-12-30,CU-1716,Consumer,West,Office Supplies,Art,Newell 312 Mechanical Pencil,3,0.3,18.66,-19.44
CA-2023-001267,2023-05-11,2023-05-18,CU-1116,Consumer,West,Office Supplies,Binders,Fellowes PB500 Electric Punch Plastic Comb Binding Machine with Manual Bind,1,0.0,1257.49,327.68
CA-2024-001268,2024-05-22,2024-05-24,CU-1009,Corporate,Central,Office Supplies,Fasteners,OIC Heavy-Duty Binder Clips,1,0.0,7.09,-20.4
CA-2024-001269,2024-03-21,2024-03-24,CU-1577,Home Office,East,Office Supplies,Supplies,Stanley Bostitch Heavy-Duty Stapler,3,0.0,163.04,30.1
CA-2023-001270,2023-05-25,2023-05-28,CU-1257,Corporate,West,Office Supplies,Art,Newell 312 Mechanical Pencil,1,0.1,8.96,-20.38
CA-2023-001271,2023-08-04,2023-08-07,CU-1849,Corporate,Central,Furniture,Bookcases,Sauder Camden County Barrister Bookcase,2,0.15,1126.81,-32.96
CA-2023-001272,2023-11-22,2023-11-26,CU-1204,Home Office,Central,Technology,Accessories,Logitech G910 Mechanical Keyboard,1,0.3,169.69,-4.18
CA-2024-001273,2024-07-04,2024-07-08,CU-1572,Consumer,South,Office Supplies,Storage,Fellowes Bankers Box Heavy-Duty Storage Boxes,1,0.0,83.19,1.73
CA-2024-001274,2024-10-05,2024-10-06,CU-1313,Corporate,West,Furniture,Bookcases,Sauder Camden County Barrister Bookcase,1,0.15,642.09,-25.97
CA-2023-001275,2023-09-18,2023-09-23,CU-1286,Consumer,South,Office Supplies,Art,Newell 312 Mechanical Pencil,2,0.0,18.01,-15.45
CA-2024-001276,2024-07-31,2024-08-01,CU-1873,Home Office,South,Technology,Accessories,Logitech MX Master Wireless Mouse,1,0.1,143.15,11.34
CA-2024-001277,2024-09-22,2024-09-28,CU-1951,Home Office,East,Furniture,Tables,Hon Every-Day Round Conference Table,1,0.0,1335.97,79.4
CA-2023-001278,2023-05-27,2023-05-29,CU-1826,Corporate,West,Office Supplies,Appliances,Hoover Commercial Lightweight Vacuum,1,0.0,512.17,63.67
CA-2024-001279,2024-11-11,2024-11-15,CU-1394,Home Office,West,Office Supplies,Storage,Fellowes Bankers Box Heavy-Duty Storage Boxes,1,0.0,89.56,3.89
CA-2023-001280,2023-12-30,2024-01-02,CU-1170,Home Office,South,Technology,Accessories,Belkin 8-Outlet Surge Protector,1,0.0,82.75,-2.61
CA-2024-001281,2024-12-29,2024-12-31,CU-1571,Corporate,South,Technology,Accessories,Belkin 8-Outlet Surge Protector,2,0.0,170.82,26.47
CA-2023-001282,2023-07-02,2023-07-03,CU-1631,Home Office,East,Furniture,Furnishings,DAX Two-Tone Rosewood/Black Document Frame,3,0.15,102.55,-2.98
CA-2024-001283,2024-01-27,2024-01-30,CU-1005,Home Office,South,Technology,Accessories,Logitech G910 Mechanical Keyboard,2,0.0,526.19,124.54
CA-2023-001284,2023-12-03,2023-12-04,CU-1662,Corporate,West,Furniture,Tables,Hon Every-Day Round Conference Table,3,0.0,3843.76,290.7
CA-2024-001285,2024-02-12,2024-02-13,CU-1031,Home Office,West,Technology,Machines,HP LaserJet Pro M404n Printer,2,0.0,761.79,163.34
CA-2024-001286,2024-09-14,2024-09-20,CU-1106,Consumer,South,Office Supplies,Paper,Hammermill Copy Plus Paper,1,0.1,38.19,-11.53
CA-2023-001287,2023-01-30,2023-02-04,CU-1429,Consumer,Central,Furniture,Furnishings,DAX Two-Tone Rosewood/Black Document Frame,1,0.1,39.67,-15.54
CA-2024-001288,2024-03-30,2024-04-05,CU-1670,Home Office,Central,Office Supplies,Labels,"Avery 5"" x 8"" Label",1,0.15,14.46,-18.42
CA-2023-001289,2023-12-07,2023-12-14,CU-1739,Corporate,Central,Office Supplies,Labels,"Avery 5"" x 8"" Label",3,0.2,40.02,-9.53
CA-2024-001290,2024-11-11,2024-11-15,CU-1151,Home Office,South,Office Supplies,Paper,Hammermill Copy Plus Paper,2,0.0,78.17,7.45
CA-2023-001291,2023-03-27,2023-03-29,CU-1764,Consumer,South,Office Supplies,Paper,Hammermill Copy Plus Paper,1,0.0,41.4,-9.24
CA-2023-001292,2023-10-08,2023-10-13,CU-1474,Consumer,Central,Office Supplies,Paper,Xerox Premium Multipurpose Paper,1,0.1,48.15,-7.26
CA-2023-001293,2023-04-03,2023-04-05,CU-1807,Consumer,East,Office Supplies,Supplies,Stanley Bostitch Heavy-Duty Stapler,1,0.1,54.7,-9.59
CA-2024-001294,2024-10-15,2024-10-18,CU-1965,Consumer,East,Office Supplies,Paper,Hammermill Copy Plus Paper,3,0.2,95.85,2.42
CA-2023-001295,2023-11-14,2023-11-15,CU-1855,Consumer,South,Office Supplies,Paper,Xerox Premium Multipurpose Paper,1,0.0,52.29,-3.33
CA-2023-001296,2023-07-24,2023-07-26,CU-1372,Corporate,West,Technology,Machines,HP LaserJet Pro M404n Printer,1,0.0,383.49,63.7
CA-2024-001297,2024-10-08,2024-10-14,CU-1215,Home Office,West,Technology,Accessories,Belkin 8-Outlet Surge Protector,1,0.15,67.64,-10.83
CA-2023-001298,2023-12-22,2023-12-28,CU-1849,Home Office,South,Technology,Accessories,SanDisk Ultra 64GB USB Flash Drive,2,0.0,67.29,-2.34
CA-2023-001299,2023-04-03,2023-04-08,CU-1674,Home Office,East,Technology,Accessories,SanDisk Ultra 64GB USB Flash Drive,1,0.0,29.77,-15.28
CA-2024-001300,2024-05-01,2024-05-03,CU-1330,Home Office,Central,Office Supplies,Appliances,Hoover Commercial Lightweight Vacuum,1,0.1,437.34,51.37
CA-2024-001301,2024-10-06,2024-10-09,CU-1102,Consumer,South,Furniture,Furnishings,DAX Two-Tone Rosewood/Black Document Frame,1,0.0,40.14,-11.37
CA-2023-001302,2023-11-10,2023-11-12,CU-1589,Home Office,West,Office Supplies,Appliances,Hoover Commercial Lightweight Vacuum,1,0.0,498.64,74.1
CA-2024-001303,2024-02-13,2024-02-17,CU-1307,Consumer,East,Technology,Accessories,Belkin 8-Outlet Surge Protector,1,0.0,78.87,-0.68
CA-2024-001304,2024-06-03,2024-06-04,CU-1524,Consumer,South,Office Supplies,Paper,Hammermill Copy Plus Paper,2,0.2,65.0,-9.44
CA-2024-001305,2024-09-03,2024-09-09,CU-1341,Consumer,Central,Office Supplies,Storage,Tennsco Industrial Steel Shelving,1,0.3,259.26,-10.83
CA-2023-001306,2023-11-13,2023-11-20,CU-1151,Consumer,East,Technology,Accessories,SanDisk Ultra 64GB USB Flash Drive,3,0.0,91.65,1.77
CA-2023-001307,2023-11-05,2023-11-08,CU-1701,Home Office,South,Office Supplies,Binders,GBC Ibimaster 500 Manual ProClick Binding System,1,0.0,752.95,111.32
CA-2023-001308,2023-01-06,2023-01-10,CU-1483,Home Office,West,Technology,Accessories,Logitech G910 Mechanical Keyboard,1,0.0,260.82,43.14
CA-2024-001309,2024-04-19,2024-04-25,CU-1409,Corporate,South,Furniture,Bookcases,Bush Westfield Collection Bookcase,3,0.0,1629.13,228.33
CA-2024-001310,2024-11-21,2024-11-27,CU-1993,Home Office,Central,Furniture,Furnishings,DAX Two-Tone Rosewood/Black Document Frame,2,0.0,80.45,1.33
CA-2023-001311,2023-08-16,2023-08-21,CU-1613,Corporate,Central,Technology,Accessories,Logitech G910 Mechanical Keyboard,1,0.0,265.91,39.97
CA-2024-001312,2024-10-23,2024-10-25,CU-1669,Consumer,West,Technology,Accessories,Logitech MX Master Wireless Mouse,1,0.0,160.58,22.23
CA-2023-001313,2023-06-04,2023-06-07,CU-1183,Consumer,West,Office Supplies,Storage,Fellowes Bankers Box Heavy-Duty Storage Boxes,2,0.0,169.68,36.59
CA-2024-001314,2024-11-29,2024-12-04,CU-1883,Corporate,Central,Technology,Accessories,Belkin 8-Outlet Surge Protector,1,0.0,83.92,-3.07
CA-2023-001315,2023-06-14,2023-06-17,CU-1686,Corporate,West,Technology,Accessories,Logitech MX Master Wireless Mouse,1,0.1,133.49,9.79
CA-2023-001316,2023-02-25,2023-02-28,CU-1514,Corporate,West,Office Supplies,Paper,Hammermill Copy Plus Paper,2,0.0,87.24,12.11
CA-2024-001317,2024-12-30,2025-01-02,CU-1777,Corporate,Central,Technology,Accessories,Belkin 8-Outlet Surge Protector,5,0.0,382.89,81.0
CA-2023-001318,2023-06-03,2023-06-04,CU-1745,Corporate,West,Office Supplies,Storage,Fellowes Bankers Box Heavy-Duty Storage Boxes,4,0.1,301.81,62.13
CA-2023-001319,2023-02-19,2023-02-23,CU-1702,Corporate,South,Furniture,Furnishings,Eldon Image Series Desk Accessories,1,0.0,64.88,0.84
CA-2024-001320,2024-03-11,2024-03-14,CU-1427,Consumer,West,Office Supplies,Labels,"Avery 5"" x 8"" Label",2,0.0,33.97,-9.5
CA-2023-001321,2023-11-29,2023-12-02,CU-1254,Consumer,Central,Office Supplies,Fasteners,OIC Heavy-Duty Binder Clips,2,0.0,12.2,-17.56
CA-2024-001322,2024-07-01,2024-07-02,CU-1469,Home Office,East,Technology,Accessories,Logitech MX Master Wireless Mouse,1,0.0,173.83,26.1
CA-2024-001323,2024-06-20,2024-06-25,CU-1653,Consumer,West,Office Supplies,Paper,Hammermill Copy Plus Paper,1,0.0,38.75,-7.69
CA-2024-001324,2024-06-08,2024-06-14,CU-1973,Home Office,South,Office Supplies,Binders,GBC Ibimaster 500 Manual ProClick Binding System,4,0.1,2883.82,269.66
CA-2024-001325,2024-10-30,2024-11-05,CU-1267,Corporate,East,Furniture,Furnishings,DAX Two-Tone Rosewood/Black Document Frame,3,0.0,115.58,7.93
CA-2024-001326,2024-12-11,2024-12-18,CU-1705,Consumer,South,Furniture,Chairs,HON 5400 Series Task Chairs for Big and Tall,2,0.0,2228.08,337.02
CA-2024-001327,2024-05-28,2024-06-03,CU-1212,Consumer,West,Furniture,Chairs,HON 5400 Series Task Chairs for Big and Tall,1,0.0,994.18,115.7
CA-2024-001328,2024-11-03,2024-11-05,CU-1230,Consumer,South,Furniture,Furnishings,Eldon Image Series Desk Accessories,1,0.15,57.85,-10.72
CA-2023-001329,2023-08-15,2023-08-16,CU-1609,Corporate,West,Office Supplies,Fasteners,OIC Heavy-Duty Binder Clips,2,0.1,11.87,-18.74
CA-2024-001330,2024-05-02,2024-05-07,CU-1760,Corporate,East,Office Supplies,Binders,Fellowes PB500 Electric Punch Plastic Comb Binding Machine with Manual Bind,1,0.0,1316.01,301.11
CA-2024-001331,2024-06-29,2024-07-05,CU-1080,Home Office,West,Technology,Accessories,Logitech G910 Mechanical Keyboard,1,0.0,273.45,54.24
CA-2024-001332,2024-07-28,2024-07-31,CU-1462,Home Office,West,Office Supplies,Binders,GBC Ibimaster 500 Manual ProClick Binding System,2,0.0,1567.82,321.14
CA-2023-001333,2023-01-31,2023-02-02,CU-1023,Corporate,West,Office Supplies,Fasteners,OIC Heavy-Duty Binder Clips,1,0.0,6.57,-20.35
CA-2023-001334,2023-08-29,2023-09-02,CU-1223,Consumer,Central,Furniture,Bookcases,Sauder Camden County Barrister Bookcase,1,0.1,677.76,-32.18
CA-2024-001335,2024-08-07,2024-08-10,CU-1418,Corporate,East,Technology,Accessories,Logitech G910 Mechanical Keyboard,1,0.15,235.41,18.97
CA-2024-001336,2024-03-04,2024-03-09,CU-1648,Home Office,South,Furniture,Furnishings,Eldon Image Series Desk Accessories,2,0.1,123.12,13.66
CA-2024-001337,2024-05-29,2024-06-03,CU-1946,Corporate,East,Office Supplies,Art,Newell 312 Mechanical Pencil,1,0.0,10.05,-19.55
CA-2023-001338,2023-07-01,2023-07-05,CU-1929,Consumer,West,Furniture,Furnishings,Eldon Image Series Desk Accessories,1,0.0,66.03,-2.51
CA-2024-001339,2024-08-17,2024-08-23,CU-1624,Home Office,Central,Office Supplies,Paper,Hammermill Copy Plus Paper,1,0.0,37.89,-10.33
CA-2024-001340,2024-09-05,2024-09-10,CU-1483,Home Office,Central,Office Supplies,Supplies,Stanley Bostitch Heavy-Duty Stapler,4,0.0,214.48,41.65
CA-2024-001341,2024-01-15,2024-01-16,CU-1870,Consumer,West,Office Supplies,Supplies,Stanley Bostitch Heavy-Duty Stapler,3,0.1,152.94,17.26
CA-2024-001342,2024-01-13,2024-01-19,CU-1300,Consumer,Central,Furniture,Furnishings,DAX Two-Tone Rosewood/Black Document Frame,1,0.2,35.56,-18.0
CA-2023-001343,2023-07-31,2023-08-05,CU-1996,Corporate,Central,Office Supplies,Paper,Hammermill Copy Plus Paper,1,0.1,40.46,-9.98
CA-2024-001344,2024-09-10,2024-09-17,CU-1007,Home Office,Central,Office Supplies,Storage,Fellowes Bankers Box Heavy-Duty Storage Boxes,4,0.0,352.06,101.79
CA-2024-001345,2024-11-29,2024-12-05,CU-1980,Corporate,Central,Office Supplies,Paper,Xerox Premium Multipurpose Paper,1,0.0,50.64,-2.48
CA-2024-001346,2024-09-13,2024-09-19,CU-1831,Corporate,Central,Technology,Machines,HP LaserJet Pro M404n Printer,2,0.0,875.36,155.37
CA-2024-001347,2024-01-08,2024-01-12,CU-1149,Corporate,Central,Office Supplies,Labels,"Avery 5"" x 8"" Label",1,0.1,15.75,-18.38
CA-2023-001348,2023-06-23,2023-06-26,CU-1099,Corporate,Central,Office Supplies,Paper,Hammermill Copy Plus Paper,1,0.2,34.83,-15.64
CA-2024-001349,2024-04-14,2024-04-20,CU-1806,Corporate,South,Office Supplies,Art,Newell 312 Mechanical Pencil,1,0.0,9.26,-19.77
CA-2024-001350,2024-08-04,2024-08-07,CU-1379,Home Office,South,Office Supplies,Envelopes,Avery Self-Adhesive Address Labels,2,0.0,42.64,-6.93
CA-2024-001351,2024-12-31,2025-01-03,CU-1689,Corporate,East,Furniture,Furnishings,Eldon Image Series Desk Accessories,2,0.1,115.46,11.55
CA-2024-001352,2024-12-12,2024-12-14,CU-1216,Home Office,South,Technology,Accessories,Logitech MX Master Wireless Mouse,1,0.0,166.42,19.76
CA-2023-001353,2023-06-01,2023-06-06,CU-1488,Home Office,East,Office Supplies,Binders,Fellowes PB500 Electric Punch Plastic Comb Binding Machine with Manual Bind,1,0.0,1416.89,332.24
CA-2023-001354,2023-12-19,2023-12-25,CU-1496,Home Office,East,Technology,Accessories,Logitech G910 Mechanical Keyboard,3,0.0,779.65,217.2
CA-2024-001355,2024-06-21,2024-06-25,CU-1316,Consumer,East,Technology,Accessories,Logitech G910 Mechanical Keyboard,3,0.0,861.03,206.34
CA-2023-001356,2023-06-03,2023-06-06,CU-1583,Home Office,Central,Office Supplies,Fasteners,OIC Heavy-Duty Binder Clips,2,0.0,12.58,-17.6
CA-2024-001357,2024-06-20,2024-06-22,CU-1519,Consumer,South,Office Supplies,Supplies,Stanley Bostitch Heavy-Duty Stapler,1,0.0,57.38,-4.6
CA-2024-001358,2024-07-20,2024-07-25,CU-1535,Consumer,East,Technology,Accessories,Belkin 8-Outlet Surge Protector,1,0.0,85.54,-0.3
CA-2023-001359,2023-09-20,2023-09-27,CU-1467,Consumer,Central,Office Supplies,Supplies,Stanley Bostitch Heavy-Duty Stapler,2,0.1,96.44,0.72
CA-2024-001360,2024-09-15,2024-09-18,CU-1924,Consumer,South,Office Supplies,Art,Newell 312 Mechanical Pencil,1,0.0,10.16,-19.68
CA-2023-001361,2023-03-04,2023-03-06,CU-1800,Consumer,South,Furniture,Chairs,Global Deluxe High-Back Manager's Chair,2,0.1,1109.4,90.33
CA-2024-001362,2024-10-11,2024-10-12,CU-1220,Home Office,West,Technology,Machines,Zebra ZP 450 Thermal Label Printer,1,0.0,489.03,85.35
CA-2023-001363,2023-11-04,2023-11-09,CU-1658,Consumer,West,Technology,Copiers,Canon imageCLASS 2200 Advanced Copier,1,0.2,1841.73,299.16
CA-2023-001364,2023-01-01,2023-01-04,CU-1526,Corporate,South,Office Supplies,Supplies,Stanley Bostitch Heavy-Duty Stapler,2,0.0,105.76,7.9
CA-2023-001365,2023-09-28,2023-10-05,CU-1114,Consumer,West,Office Supplies,Art,Newell 312 Mechanical Pencil,1,0.1,8.64,-20.44
CA-2023-001366,2023-01-07,2023-01-10,CU-1689,Corporate,Central,Furniture,Furnishings,DAX Two-Tone Rosewood/Black Document Frame,1,0.0,38.98,-11.39
CA-2024-001367,2024-03-29,2024-04-01,CU-1218,Corporate,South,Office Supplies,Fasteners,OIC Heavy-Duty Binder Clips,1,0.0,6.97,-20.25
CA-2023-001368,2023-11-24,2023-12-01,CU-1158,Corporate,East,Office Supplies,Art,Newell 312 Mechanical Pencil,1,0.0,9.78,-19.43
CA-2023-001369,2023-07-16,2023-07-23,CU-1528,Corporate,West,Office Supplies,Paper,Xerox Premium Multipurpose Paper,1,0.0,53.18,-3.36
CA-2023-001370,2023-10-03,2023-10-05,CU-1341,Home Office,South,Furniture,Bookcases,Sauder Camden County Barrister Bookcase,1,0.15,581.48,-46.22
CA-2023-001371,2023-11-19,2023-11-23,CU-1056,Corporate,South,Furniture,Furnishings,Eldon Image Series Desk Accessories,2,0.15,103.03,6.52
CA-2024-001372,2024-10-23,2024-10-30,CU-1677,Home Office,South,Technology,Accessories,Logitech MX Master Wireless Mouse,1,0.0,171.68,23.53
CA-2023-001373,2023-10-29,2023-11-05,CU-1204,Consumer,West,Office Supplies,Paper,Xerox Premium Multipurpose Paper,1,0.15,42.57,-10.5
CA-2023-001374,2023-10-08,2023-10-09,CU-1974,Consumer,West,Office Supplies,Binders,GBC Ibimaster 500 Manual ProClick Binding System,1,0.1,788.57,92.37
CA-2024-001375,2024-12-05,2024-12-11,CU-1654,Corporate,South,Office Supplies,Art,Newell 312 Mechanical Pencil,1,0.1,8.45,-20.86
CA-2024-001376,2024-07-04,2024-07-07,CU-1793,Home Office,West,Office Supplies,Paper,Hammermill Copy Plus Paper,1,0.0,44.16,-8.61
CA-2023-001377,2023-06-05,2023-06-12,CU-1586,Home Office,South,Technology,Accessories,Logitech MX Master Wireless Mouse,1,0.0,150.52,18.19
CA-2024-001378,2024-07-24,2024-07-29,CU-1716,Home Office,South,Technology,Accessories,Belkin 8-Outlet Surge Protector,2,0.0,170.26,28.84
CA-2024-001379,2024-01-05,2024-01-12,CU-1341,Consumer,South,Office Supplies,Paper,Hammermill Copy Plus Paper,3,0.0,123.35,22.59
CA-2023-001380,2023-09-19,2023-09-24,CU-1498,Consumer,Central,Office Supplies,Supplies,Stanley Bostitch Heavy-Duty Stapler,1,0.0,55.23,-7.78
CA-2024-001381,2024-06-08,2024-06-11,CU-1809,Home Office,West,Office Supplies,Binders,Fellowes PB500 Electric Punch Plastic Comb Binding Machine with Manual Bind,1,0.0,1330.17,340.4
CA-2023-001382,2023-10-17,2023-10-22,CU-1115,Home Office,East,Office Supplies,Storage,Fellowes Bankers Box Heavy-Duty Storage Boxes,1,0.0,82.18,2.8
CA-2024-001383,2024-06-09,2024-06-16,CU-1074,Home Office,West,Technology,Accessories,Belkin 8-Outlet Surge Protector,2,0.0,166.8,18.69
CA-2023-001384,2023-10-11,2023-10-15,CU-1663,Home Office,South,Office Supplies,Paper,Hammermill Copy Plus Paper,3,0.1,114.64,8.88
CA-2024-001385,2024-04-09,2024-04-14,CU-1300,Consumer,West,Technology,Accessories,SanDisk Ultra 64GB USB Flash Drive,2,0.2,55.59,-13.22
CA-2023-001386,2023-01-20,2023-01-21,CU-1334,Home Office,West,Furniture,Chairs,Global Deluxe High-Back Manager's Chair,1,0.0,589.65,78.69
CA-2024-001387,2024-10-31,2024-11-06,CU-1590,Consumer,East,Technology,Machines,Zebra ZP 450 Thermal Label Printer,3,0.2,1327.51,131.68
CA-2023-001388,2023-06-01,2023-06-03,CU-1130,Home Office,South,Furniture,Furnishings,Eldon Image Series Desk Accessories,1,0.0,71.72,-1.43
CA-2023-001389,2023-03-12,2023-03-15,CU-1277,Consumer,East,Furniture,Furnishings,DAX Two-Tone Rosewood/Black Document Frame,4,0.1,140.96,6.14
CA-2023-001390,2023-12-30,2023-12-31,CU-1454,Home Office,East,Technology,Accessories,Logitech MX Master Wireless Mouse,3,0.0,516.39,125.87
CA-2024-001391,2024-01-25,2024-01-26,CU-1095,Consumer,Central,Office Supplies,Paper,Hammermill Copy Plus Paper,1,0.0,40.47,-7.5
CA-2023-001392,2023-06-16,2023-06-23,CU-1425,Consumer,East,Furniture,Chairs,Global Deluxe High-Back Manager's Chair,4,0.1,2176.67,280.04
CA-2023-001393,2023-04-03,2023-04-10,CU-1389,Corporate,West,Office Supplies,Art,Newell 312 Mechanical Pencil,1,0.0,10.37,-19.62
CA-2023-001394,2023-04-13,2023-04-16,CU-1234,Home Office,Central,Office Supplies,Paper,Xerox Premium Multipurpose Paper,1,0.0,55.8,-0.89
CA-2024-001395,2024-10-28,2024-11-03,CU-1918,Corporate,Central,Technology,Accessories,SanDisk Ultra 64GB USB Flash Drive,3,0.0,105.54,11.82
CA-2023-001396,2023-05-25,2023-06-01,CU-1780,Consumer,Central,Furniture,Bookcases,Bush Westfield Collection Bookcase,2,0.0,1053.56,118.99
CA-2024-001397,2024-09-02,2024-09-09,CU-1429,Consumer,East,Furniture,Chairs,Global Deluxe High-Back Manager's Chair,2,0.0,1266.55,211.52
CA-2024-001398,2024-06-15,2024-06-17,CU-1166,Consumer,West,Office Supplies,Supplies,Stanley Bostitch Heavy-Duty Stapler,3,0.0,179.74,24.41
CA-2023-001399,2023-07-28,2023-07-31,CU-1026,Corporate,Central,Office Supplies,Paper,Xerox Premium Multipurpose Paper,1,0.15,44.89,-11.67
CA-2024-001400,2024-04-26,2024-04-27,CU-1739,Home Office,East,Office Supplies,Supplies,Stanley Bostitch Heavy-Duty Stapler,1,0.0,56.52,-5.74
CA-2023-001401,2023-06-11,2023-06-12,CU-1487,Corporate,West,Office Supplies,Binders,Fellowes PB500 Electric Punch Plastic Comb Binding Machine with Manual Bind,3,0.0,4334.47,925.33
CA-2024-001402,2024-07-03,2024-07-07,CU-1924,Corporate,East,Technology,Accessories,Logitech MX Master Wireless Mouse,2,0.1,282.59,43.24
CA-2023-001403,2023-11-27,2023-12-03,CU-1851,Home Office,East,Office Supplies,Art,Newell 312 Mechanical Pencil,4,0.1,32.07,-11.4
CA-2023-001404,2023-05-09,2023-05-11,CU-1734,Corporate,South,Office Supplies,Art,Newell 312 Mechanical Pencil,3,0.0,29.61,-9.98
CA-2024-001405,2024-09-21,2024-09-22,CU-1473,Home Office,South,Furniture,Bookcases,Bush Westfield Collection Bookcase,1,0.1,487.19,13.54
CA-2023-001406,2023-05-15,2023-05-18,CU-1927,Corporate,Central,Office Supplies,Paper,Hammermill Copy Plus Paper,2,0.1,80.2,-1.21
CA-2023-001407,2023-07-22,2023-07-24,CU-1011,Home Office,West,Office Supplies,Binders,Fellowes PB500 Electric Punch Plastic Comb Binding Machine with Manual Bind,2,0.15,2154.03,302.97
CA-2024-001408,2024-05-10,2024-05-17,CU-1219,Corporate,South,Office Supplies,Storage,Fellowes Bankers Box Heavy-Duty Storage Boxes,2,0.15,152.72,10.65
CA-2024-001409,2024-07-12,2024-07-16,CU-1913,Consumer,South,Technology,Accessories,Logitech MX Master Wireless Mouse,1,0.15,148.52,5.37
CA-2023-001410,2023-12-16,2023-12-23,CU-1781,Home Office,South,Furniture,Furnishings,DAX Two-Tone Rosewood/Black Document Frame,2,0.0,76.75,1.32
CA-2023-001411,2023-03-06,2023-03-13,CU-1468,Consumer,Central,Office Supplies,Paper,Xerox Premium Multipurpose Paper,2,0.3,67.54,-10.51
CA-2024-001412,2024-07-17,2024-07-23,CU-1084,Home Office,East,Furniture,Furnishings,Eldon Image Series Desk Accessories,3,0.0,197.11,52.73
CA-2024-001413,2024-02-12,2024-02-19,CU-1017,Consumer,South,Office Supplies,Storage,Tennsco Industrial Steel Shelving,5,0.0,1879.63,422.99
CA-2024-001414,2024-06-22,2024-06-27,CU-1552,Consumer,East,Technology,Accessories,SanDisk Ultra 64GB USB Flash Drive,2,0.0,59.73,-4.62
CA-2024-001415,2024-01-19,2024-01-21,CU-1769,Home Office,East,Technology,Phones,Polycom CX600 IP Phone,1,0.1,380.01,32.14
CA-2024-001416,2024-07-07,2024-07-12,CU-1399,Home Office,West,Office Supplies,Paper,Hammermill Copy Plus Paper,1,0.0,44.8,-7.22
CA-2024-001417,2024-05-02,2024-05-06,CU-1684,Corporate,East,Office Supplies,Storage,Fellowes Bankers Box Heavy-Duty Storage Boxes,2,0.0,163.8,31.25
CA-2024-001418,2024-09-19,2024-09-24,CU-1782,Consumer,West,Office Supplies,Storage,Tennsco Industrial Steel Shelving,1,0.0,331.94,70.98
CA-2023-001419,2023-06-13,2023-06-19,CU-1971,Corporate,East,Office Supplies,Paper,Hammermill Copy Plus Paper,2,0.0,80.5,4.93
CA-2024-001420,2024-02-16,2024-02-17,CU-1282,Corporate,Central,Office Supplies,Supplies,Stanley Bostitch Heavy-Duty Stapler,2,0.1,95.72,-3.65
CA-2024-001421,2024-10-14,2024-10-15,CU-1448,Corporate,Central,Office Supplies,Art,Newell 312 Mechanical Pencil,1,0.15,8.31,-21.08
CA-2024-001422,2024-07-08,2024-07-14,CU-1896,Corporate,Central,Office Supplies,Fasteners,OIC Heavy-Duty Binder Clips,1,0.2,5.56,-21.68
CA-2024-001423,2024-01-26,2024-02-02,CU-1708,Corporate,South,Furniture,Furnishings,DAX Two-Tone Rosewood/Black Document Frame,1,0.0,41.98,-10.03
CA-2023-001424,2023-08-19,2023-08-24,CU-1890,Home Office,West,Technology,Phones,Polycom CX600 IP Phone,5,0.1,1893.69,182.54
CA-2024-001425,2024-12-19,2024-12-23,CU-1282,Corporate,South,Office Supplies,Paper,Hammermill Copy Plus Paper,2,0.15,67.54,-3.1
CA-2024-001426,2024-03-05,2024-03-11,CU-1248,Home Office,West,Technology,Accessories,Belkin 8-Outlet Surge Protector,5,0.0,377.27,90.98
CA-2023-001427,2023-08-15,2023-08-20,CU-1621,Home Office,West,Office Supplies,Paper,Hammermill Copy Plus Paper,1,0.3,30.63,-17.79
CA-2024-001428,2024-09-13,2024-09-18,CU-1658,Consumer,Central,Furniture,Furnishings,DAX Two-Tone Rosewood/Black Document Frame,2,0.0,76.93,1.28
CA-2023-001429,2023-05-01,2023-05-08,CU-1735,Home Office,Central,Furniture,Bookcases,Bush Westfield Collection Bookcase,2,0.1,1028.86,63.79
CA-2023-001430,2023-12-22,2023-12-28,CU-1832,Home Office,West,Technology,Accessories,SanDisk Ultra 64GB USB Flash Drive,3,0.1,88.09,2.11
CA-2024-001431,2024-11-16,2024-11-17,CU-1422,Consumer,West,Furniture,Chairs,Global Deluxe High-Back Manager's Chair,1,0.1,541.24,21.23
CA-2023-001432,2023-09-17,2023-09-20,CU-1048,Corporate,West,Technology,Accessories,Belkin 8-Outlet Surge Protector,1,0.3,54.31,-18.7
CA-2024-001433,2024-12-16,2024-12-22,CU-1329,Home Office,West,Furniture,Furnishings,Eldon Image Series Desk Accessories,2,0.0,139.34,25.4
CA-2023-001434,2023-12-23,2023-12-30,CU-1757,Consumer,South,Technology,Accessories,Belkin 8-Outlet Surge Protector,3,0.15,201.0,16.18
CA-2023-001435,2023-11-10,2023-11-11,CU-1774,Corporate,East,Furniture,Bookcases,Sauder Camden County Barrister Bookcase,1,0.0,724.28,42.13
CA-2023-001436,2023-09-29,2023-10-06,CU-1982,Consumer,South,Office Supplies,Labels,"Avery 5"" x 8"" Label",1,0.15,16.13,-17.91
CA-2023-001437,2023-01-17,2023-01-18,CU-1573,Home Office,East,Technology,Machines,Zebra ZP 450 Thermal Label Printer,1,0.0,530.02,84.07
CA-2024-001438,2024-02-12,2024-02-17,CU-1414,Corporate,East,Office Supplies,Labels,"Avery 5"" x 8"" Label",1,0.0,18.03,-15.41
CA-2023-001439,2023-12-15,2023-12-20,CU-1897,Corporate,Central,Office Supplies,Paper,Xerox Premium Multipurpose Paper,1,0.0,54.86,-0.9
CA-2023-001440,2023-11-28,2023-11-30,CU-1506,Consumer,East,Office Supplies,Paper,Hammermill Copy Plus Paper,1,0.0,42.58,-8.48
CA-2023-001441,2023-09-09,2023-09-11,CU-1878,Home Office,West,Office Supplies,Paper,Hammermill Copy Plus Paper,3,0.0,119.57,25.99
CA-2024-001442,2024-03-25,2024-03-29,CU-1409,Home Office,West,Office Supplies,Art,Newell 312 Mechanical Pencil,5,0.0,45.31,-3.43
CA-2023-001443,2023-09-25,2023-10-01,CU-1947,Consumer,South,Technology,Accessories,SanDisk Ultra 64GB USB Flash Drive,1,0.15,27.29,-17.91
CA-2024-001444,2024-07-07,2024-07-10,CU-1814,Home Office,East,Office Supplies,Binders,GBC Ibimaster 500 Manual ProClick Binding System,2,0.0,1719.35,347.83
CA-2023-001445,2023-04-09,2023-04-16,CU-1233,Home Office,South,Technology,Machines,HP LaserJet Pro M404n Printer,2,0.0,768.79,180.69
CA-2024-001446,2024-12-19,2024-12-25,CU-1471,Home Office,West,Technology,Machines,HP LaserJet Pro M404n Printer,3,0.0,1189.52,293.62
CA-2024-001447,2024-05-24,2024-05-29,CU-1058,Corporate,West,Office Supplies,Paper,Hammermill Copy Plus Paper,4,0.0,167.18,40.43
CA-2024-001448,2024-12-24,2024-12-26,CU-1918,Home Office,Central,Office Supplies,Binders,GBC DocuBind TL300 Electric Binding System,1,0.2,737.32,35.21
CA-2024-001449,2024-12-31,2025-01-05,CU-1462,Corporate,South,Office Supplies,Art,Newell 312 Mechanical Pencil,2,0.2,16.68,-18.76
CA-2023-001450,2023-12-05,2023-12-07,CU-1697,Home Office,South,Office Supplies,Envelopes,Avery Self-Adhesive Address Labels,3,0.2,49.79,-8.8
CA-2023-001451,2023-01-07,2023-01-12,CU-1065,Home Office,West,Office Supplies,Binders,GBC DocuBind TL300 Electric Binding System,2,0.1,1812.51,203.91
CA-2023-001452,2023-06-15,2023-06-21,CU-1030,Home Office,West,Technology,Machines,Zebra ZP 450 Thermal Label Printer,5,0.15,2388.52,350.77
CA-2023-001453,2023-05-03,2023-05-06,CU-1417,Corporate,West,Technology,Phones,Polycom CX600 IP Phone,4,0.1,1607.81,154.58
CA-2023-001454,2023-05-22,2023-05-29,CU-1511,Consumer,East,Office Supplies,Storage,Fellowes Bankers Box Heavy-Duty Storage Boxes,1,0.0,91.89,8.29
CA-2023-001455,2023-09-24,2023-09-28,CU-1096,Home Office,South,Technology,Machines,Zebra ZP 450 Thermal Label Printer,1,0.1,430.51,43.33
CA-2023-001456,2023-01-21,2023-01-26,CU-1541,Consumer,Central,Office Supplies,Binders,GBC DocuBind TL300 Electric Binding System,2,0.1,1603.37,168.73
CA-2023-001457,2023-12-01,2023-12-05,CU-1176,Consumer,West,Furniture,Furnishings,Eldon Image Series Desk Accessories,3,0.1,175.44,20.94
CA-2023-001458,2023-07-06,2023-07-11,CU-1587,Consumer,West,Furniture,Chairs,Global Deluxe High-Back Manager's Chair,1,0.2,532.71,1.67
CA-2024-001459,2024-12-24,2024-12-31,CU-1039,Home Office,Central,Furniture,Furnishings,DAX Two-Tone Rosewood/Black Document Frame,1,0.0,43.71,-12.43
CA-2023-001460,2023-11-16,2023-11-19,CU-1197,Home Office,East,Technology,Phones,Polycom CX600 IP Phone,2,0.1,700.23,37.71
CA-2024-001461,2024-09-19,2024-09-22,CU-1119,Home Office,Central,Furniture,Bookcases,Sauder Camden County Barrister Bookcase,4,0.0,2779.42,186.89
CA-2023-001462,2023-12-13,2023-12-15,CU-1366,Consumer,West,Office Supplies,Paper,Xerox Premium Multipurpose Paper,1,0.15,41.5,-11.34
CA-2024-001463,2024-11-06,2024-11-12,CU-1933,Home Office,West,Office Supplies,Supplies,Stanley Bostitch Heavy-Duty Stapler,2,0.15,88.45,-4.22
CA-2024-001464,2024-07-13,2024-07-19,CU-1436,Corporate,West,Technology,Machines,Zebra ZP 450 Thermal Label Printer,1,0.0,489.09,101.09
CA-2024-001465,2024-01-22,2024-01-23,CU-1509,Corporate,Central,Office Supplies,Art,Newell 312 Mechanical Pencil,1,0.0,9.58,-19.66
CA-2024-001466,2024-06-24,2024-07-01,CU-1555,Consumer,South,Furniture,Chairs,HON 5400 Series Task Chairs for Big and Tall,4,0.0,4199.68,866.53
CA-2023-001467,2023-02-19,2023-02-24,CU-1843,Home Office,West,Office Supplies,Binders,Fellowes PB500 Electric Punch Plastic Comb Binding Machine with Manual Bind,4,0.0,5176.26,1285.81
CA-2024-001468,2024-06-04,2024-06-09,CU-1468,Consumer,East,Technology,Accessories,Belkin 8-Outlet Surge Protector,1,0.1,67.18,-10.64
CA-2024-001469,2024-12-30,2025-01-02,CU-1944,Corporate,East,Office Supplies,Binders,GBC Ibimaster 500 Manual ProClick Binding System,1,0.0,832.6,110.36
CA-2024-001470,2024-12-06,2024-12-07,CU-1181,Corporate,East,Furniture,Bookcases,Sauder Camden County Barrister Bookcase,1,0.0,748.52,55.83
CA-2024-001471,2024-01-16,2024-01-23,CU-1944,Corporate,South,Office Supplies,Paper,Xerox Premium Multipurpose Paper,1,0.1,47.54,-8.65
CA-2023-001472,2023-07-29,2023-08-04,CU-1284,Consumer,West,Office Supplies,Supplies,Stanley Bostitch Heavy-Duty Stapler,1,0.1,49.75,-12.29
CA-2023-001473,2023-09-17,2023-09-22,CU-1706,Consumer,Central,Office Supplies,Binders,Fellowes PB500 Electric Punch Plastic Comb Binding Machine with Manual Bind,2,0.0,2784.92,589.65
CA-2024-001474,2024-10-14,2024-10-15,CU-1966,Home Office,South,Technology,Accessories,Logitech MX Master Wireless Mouse,3,0.0,459.86,107.71
CA-2024-001475,2024-11-28,2024-12-04,CU-1111,Consumer,West,Furniture,Bookcases,Sauder Camden County Barrister Bookcase,1,0.0,681.7,34.47
CA-2023-001476,2023-07-26,2023-07-27,CU-1111,Consumer,East,Office Supplies,Art,Newell 312 Mechanical Pencil,1,0.0,10.44,-19.21
CA-2023-001477,2023-02-08,2023-02-15,CU-1379,Corporate,East,Office Supplies,Paper,Xerox Premium Multipurpose Paper,1,0.1,42.93,-9.52
CA-2024-001478,2024-03-28,2024-04-02,CU-1742,Corporate,Central,Technology,Accessories,SanDisk Ultra 64GB USB Flash Drive,2,0.0,70.48,0.18
CA-2024-001479,2024-08-05,2024-08-06,CU-1205,Home Office,Central,Office Supplies,Storage,Tennsco Industrial Steel Shelving,1,0.2,304.88,15.14
CA-2024-001480,2024-02-05,2024-02-09,CU-1673,Home Office,West,Technology,Accessories,Logitech MX Master Wireless Mouse,1,0.0,153.3,18.35
CA-2023-001481,2023-01-26,2023-02-02,CU-1560,Corporate,Central,Office Supplies,Paper,Hammermill Copy Plus Paper,3,0.1,107.43,7.58
CA-2023-001482,2023-04-25,2023-05-01,CU-1329,Corporate,Central,Office Supplies,Binders,GBC DocuBind TL300 Electric Binding System,1,0.0,997.69,213.49
CA-2023-001483,2023-05-27,2023-05-28,CU-1580,Consumer,East,Office Supplies,Labels,"Avery 5"" x 8"" Label",1,0.0,16.33,-16.86
CA-2024-001484,2024-10-05,2024-10-06,CU-1660,Corporate,South,Office Supplies,Envelopes,Avery Self-Adhesive Address Labels,1,0.1,21.39,-15.44
CA-2024-001485,2024-12-03,2024-12-08,CU-1651,Corporate,West,Office Supplies,Paper,Xerox Premium Multipurpose Paper,3,0.0,154.81,34.94
CA-2023-001486,2023-06-06,2023-06-10,CU-1990,Corporate,South,Office Supplies,Art,Newell 312 Mechanical Pencil,1,0.0,9.84,-19.72
CA-2023-001487,2023-06-14,2023-06-17,CU-1900,Home Office,East,Office Supplies,Supplies,Stanley Bostitch Heavy-Duty Stapler,1,0.0,51.54,-8.8
CA-2024-001488,2024-02-16,2024-02-18,CU-1751,Corporate,West,Technology,Accessories,Belkin 8-Outlet Surge Protector,1,0.2,64.08,-14.06
CA-2024-001489,2024-02-02,2024-02-06,CU-1222,Home Office,East,Office Supplies,Paper,Xerox Premium Multipurpose Paper,1,0.0,53.75,-3.65
CA-2024-001490,2024-08-05,2024-08-07,CU-1883,Corporate,South,Office Supplies,Storage,Tennsco Industrial Steel Shelving,2,0.15,587.9,74.33
CA-2024-001491,2024-10-21,2024-10-24,CU-1852,Home Office,West,Furniture,Chairs,Global Deluxe High-Back Manager's Chair,1,0.0,637.11,67.87
CA-2023-001492,2023-02-22,2023-02-24,CU-1184,Corporate,Central,Furniture,Chairs,Global Deluxe High-Back Manager's Chair,2,0.0,1214.98,172.21
CA-2024-001493,2024-12-11,2024-12-13,CU-1159,Home Office,West,Office Supplies,Paper,Xerox Premium Multipurpose Paper,2,0.0,107.91,19.82
CA-2024-001494,2024-08-11,2024-08-18,CU-1780,Corporate,South,Technology,Accessories,SanDisk Ultra 64GB USB Flash Drive,1,0.0,31.01,-13.38
CA-2024-001495,2024-09-17,2024-09-24,CU-1087,Consumer,Central,Office Supplies,Fasteners,OIC Heavy-Duty Binder Clips,2,0.2,10.97,-19.47
CA-2023-001496,2023-02-24,2023-02-27,CU-1218,Corporate,Central,Furniture,Furnishings,DAX Two-Tone Rosewood/Black Document Frame,1,0.2,31.34,-19.12
CA-2024-001497,2024-01-07,2024-01-12,CU-1296,Corporate,Central,Furniture,Tables,Hon Every-Day Round Conference Table,2,0.15,2374.55,38.53
CA-2024-001498,2024-07-29,2024-07-31,CU-1162,Home Office,West,Furniture,Tables,Hon Every-Day Round Conference Table,1,0.0,1411.1,130.57
CA-2024-001499,2024-12-17,2024-12-20,CU-1455,Consumer,Central,Office Supplies,Labels,"Avery 5"" x 8"" Label",3,0.3,38.31,-15.01
CA-2023-001500,2023-05-19,2023-05-23,CU-1371,Corporate,East,Office Supplies,Appliances,Hoover Commercial Lightweight Vacuum,1,0.15,407.88,36.9
CA-2024-001501,2024-04-03,2024-04-04,CU-1907,Corporate,Central,Technology,Machines,HP LaserJet Pro M404n Printer,4,0.1,1590.98,324.58
CA-2023-001502,2023-07-01,2023-07-03,CU-1983,Home Office,East,Office Supplies,Fasteners,OIC Heavy-Duty Binder Clips,2,0.2,9.9,-19.78
CA-2024-001503,2024-10-11,2024-10-14,CU-1506,Consumer,West,Furniture,Furnishings,Eldon Image Series Desk Accessories,2,0.15,110.05,8.98
CA-2023-001504,2023-06-23,2023-06-26,CU-1501,Corporate,East,Technology,Accessories,Belkin 8-Outlet Surge Protector,1,0.0,81.52,1.66
CA-2023-001505,2023-02-23,2023-03-01,CU-1767,Home Office,West,Furniture,Bookcases,Bush Westfield Collection Bookcase,1,0.0,554.5,22.26
CA-2024-001506,2024-11-06,2024-11-07,CU-1587,Consumer,South,Office Supplies,Storage,Fellowes Bankers Box Heavy-Duty Storage Boxes,1,0.2,76.29,-11.62
CA-2024-001507,2024-01-25,2024-01-27,CU-1343,Corporate,West,Furniture,Tables,Hon Every-Day Round Conference Table,1,0.0,1446.01,143.48
CA-2024-001508,2024-02-21,2024-02-27,CU-1273,Consumer,West,Office Supplies,Storage,Fellowes Bankers Box Heavy-Duty Storage Boxes,4,0.1,321.99,59.55
CA-2024-001509,2024-11-18,2024-11-19,CU-1131,Consumer,East,Technology,Accessories,SanDisk Ultra 64GB USB Flash Drive,3,0.15,88.7,-6.87
CA-2023-001510,2023-03-18,2023-03-20,CU-1009,Home Office,Central,Office Supplies,Paper,Xerox Premium Multipurpose Paper,1,0.15,46.12,-8.24
CA-2023-001511,2023-12-16,2023-12-23,CU-1646,Corporate,Central,Furniture,Tables,Hon Every-Day Round Conference Table,1,0.1,1367.51,82.14
CA-2024-001512,2024-09-19,2024-09-20,CU-1735,Consumer,Central,Office Supplies,Binders,GBC DocuBind TL300 Electric Binding System,1,0.2,826.36,37.96
CA-2024-001513,2024-03-19,2024-03-26,CU-1197,Corporate,East,Office Supplies,Labels,"Avery 5"" x 8"" Label",1,0.1,15.63,-17.79
CA-2024-001514,2024-12-26,2024-12-30,CU-1062,Corporate,East,Office Supplies,Fasteners,OIC Heavy-Duty Binder Clips,1,0.0,6.86,-20.26
CA-2024-001515,2024-06-03,2024-06-04,CU-1193,Home Office,Central,Office Supplies,Binders,GBC Ibimaster 500 Manual ProClick Binding System,5,0.0,4335.12,869.29
CA-2024-001516,2024-12-20,2024-12-27,CU-1650,Home Office,South,Office Supplies,Binders,GBC Ibimaster 500 Manual ProClick Binding System,1,0.0,883.5,128.94
CA-2024-001517,2024-09-07,2024-09-11,CU-1543,Consumer,South,Office Supplies,Art,Newell 312 Mechanical Pencil,1,0.0,10.15,-19.14
CA-2023-001518,2023-10-16,2023-10-23,CU-1773,Corporate,Central,Technology,Accessories,Logitech G910 Mechanical Keyboard,1,0.0,284.92,45.87
CA-2024-001519,2024-11-21,2024-11-28,CU-1789,Corporate,Central,Furniture,Furnishings,DAX Two-Tone Rosewood/Black Document Frame,1,0.3,29.84,-20.75
CA-2024-001520,2024-08-05,2024-08-08,CU-1307,Corporate,South,Office Supplies,Supplies,Stanley Bostitch Heavy-Duty Stapler,1,0.0,59.24,-6.74
CA-2024-001521,2024-07-13,2024-07-19,CU-1472,Corporate,West,Technology,Machines,Zebra ZP 450 Thermal Label Printer,2,0.0,1006.7,194.76
CA-2024-001522,2024-04-19,2024-04-26,CU-1025,Consumer,South,Furniture,Furnishings,DAX Two-Tone Rosewood/Black Document Frame,1,0.0,43.19,-11.21
CA-2024-001523,2024-01-26,2024-02-02,CU-1176,Consumer,East,Office Supplies,Fasteners,OIC Heavy-Duty Binder Clips,1,0.0,6.99,-20.31
CA-2023-001524,2023-08-11,2023-08-12,CU-1162,Corporate,South,Office Supplies,Binders,Fellowes PB500 Electric Punch Plastic Comb Binding Machine with Manual Bind,1,0.0,1257.59,290.24
CA-2023-001525,2023-08-22,2023-08-24,CU-1992,Home Office,Central,Office Supplies,Art,Newell 312 Mechanical Pencil,2,0.0,20.73,-15.12
CA-2023-001526,2023-12-28,2023-12-29,CU-1965,Corporate,East,Office Supplies,Binders,GBC DocuBind TL300 Electric Binding System,1,0.0,923.92,159.8
CA-2024-001527,2024-03-02,2024-03-06,CU-1439,Home Office,Central,Office Supplies,Binders,Fellowes PB500 Electric Punch Plastic Comb Binding Machine with Manual Bind,1,0.0,1360.08,336.16
CA-2024-001528,2024-09-05,2024-09-07,CU-1578,Corporate,Central,Office Supplies,Art,Newell 312 Mechanical Pencil,1,0.0,9.93,-19.72
CA-2023-001529,2023-01-19,2023-01-23,CU-1924,Corporate,West,Office Supplies,Paper,Xerox Premium Multipurpose Paper,1,0.2,42.74,-10.53
CA-2023-001530,2023-10-15,2023-10-20,CU-1800,Home Office,East,Office Supplies,Storage,Fellowes Bankers Box Heavy-Duty Storage Boxes,2,0.1,170.92,26.91
CA-2024-001531,2024-12-26,2024-12-31,CU-1320,Home Office,Central,Office Supplies,Fasteners,OIC Heavy-Duty Binder Clips,3,0.0,20.16,-13.17
CA-2024-001532,2024-01-29,2024-02-05,CU-1969,Home Office,South,Technology,Accessories,Logitech MX Master Wireless Mouse,1,0.0,161.37,29.69
CA-2023-001533,2023-03-10,2023-03-14,CU-1796,Consumer,West,Office Supplies,Paper,Xerox Premium Multipurpose Paper,1,0.15,45.59,-10.25
CA-2023-001534,2023-09-10,2023-09-12,CU-1279,Corporate,West,Office Supplies,Fasteners,OIC Heavy-Duty Binder Clips,1,0.15,5.63,-21.74
CA-2023-001535,2023-11-18,2023-11-23,CU-1619,Consumer,South,Furniture,Furnishings,DAX Two-Tone Rosewood/Black Document Frame,1,0.15,33.19,-15.79
CA-2023-001536,2023-03-04,2023-03-10,CU-1717,Consumer,South,Furniture,Furnishings,DAX Two-Tone Rosewood/Black Document Frame,1,0.0,39.5,-12.43
CA-2023-001537,2023-09-25,2023-09-27,CU-1476,Consumer,West,Technology,Accessories,Logitech MX Master Wireless Mouse,1,0.1,153.05,7.68
CA-2024-001538,2024-10-02,2024-10-06,CU-1282,Consumer,West,Office Supplies,Art,Newell 312 Mechanical Pencil,2,0.15,15.18,-18.7
CA-2023-001539,2023-10-19,2023-10-21,CU-1488,Corporate,East,Office Supplies,Envelopes,Avery Self-Adhesive Address Labels,1,0.0,20.38,-15.61
CA-2023-001540,2023-11-19,2023-11-26,CU-1334,Home Office,Central,Office Supplies,Supplies,Stanley Bostitch Heavy-Duty Stapler,2,0.1,103.66,0.12
CA-2024-001541,2024-10-21,2024-10-24,CU-1730,Consumer,West,Office Supplies,Storage,Fellowes Bankers Box Heavy-Duty Storage Boxes,2,0.0,177.59,36.11
CA-2023-001542,2023-03-07,2023-03-08,CU-1368,Corporate,South,Technology,Accessories,Logitech MX Master Wireless Mouse,1,0.0,168.64,21.19
CA-2023-001543,2023-03-25,2023-03-29,CU-1808,Corporate,East,Office Supplies,Storage,Fellowes Bankers Box Heavy-Duty Storage Boxes,1,0.0,81.7,1.7
CA-2024-001544,2024-07-15,2024-07-22,CU-1232,Consumer,Central,Technology,Phones,Polycom CX600 IP Phone,1,0.0,432.88,66.8
CA-2024-001545,2024-10-22,2024-10-28,CU-1224,Consumer,East,Office Supplies,Envelopes,Avery Self-Adhesive Address Labels,1,0.15,17.91,-18.64
CA-2023-001546,2023-05-21,2023-05-26,CU-1296,Corporate,Central,Office Supplies,Storage,Fellowes Bankers Box Heavy-Duty Storage Boxes,1,0.1,78.27,-3.48
CA-2024-001547,2024-11-16,2024-11-22,CU-1596,Corporate,Central,Office Supplies,Labels,"Avery 5"" x 8"" Label",2,0.0,36.02,-8.89
CA-2023-001548,2023-12-24,2023-12-30,CU-1155,Home Office,Central,Office Supplies,Binders,GBC Ibimaster 500 Manual ProClick Binding System,3,0.0,2579.72,470.83
CA-2024-001549,2024-10-04,2024-10-10,CU-1772,Home Office,South,Office Supplies,Fasteners,OIC Heavy-Duty Binder Clips,1,0.0,6.51,-20.47
CA-2023-001550,2023-12-09,2023-12-11,CU-1617,Home Office,West,Office Supplies,Storage,Fellowes Bankers Box Heavy-Duty Storage Boxes,1,0.0,85.22,0.16
CA-2023-001551,2023-07-29,2023-07-31,CU-1777,Home Office,South,Technology,Phones,Polycom CX600 IP Phone,1,0.0,445.44,45.8
CA-2024-001552,2024-12-07,2024-12-13,CU-1235,Home Office,South,Furniture,Chairs,Global Deluxe High-Back Manager's Chair,2,0.0,1232.56,187.9
CA-2023-001553,2023-08-11,2023-08-16,CU-1969,Home Office,West,Office Supplies,Binders,Fellowes PB500 Electric Punch Plastic Comb Binding Machine with Manual Bind,1,0.15,1202.36,140.25
CA-2023-001554,2023-12-02,2023-12-06,CU-1292,Home Office,East,Technology,Machines,HP LaserJet Pro M404n Printer,2,0.0,825.82,178.32
CA-2023-001555,2023-03-21,2023-03-26,CU-1280,Consumer,South,Technology,Phones,Polycom CX600 IP Phone,1,0.0,380.36,29.7
CA-2024-001556,2024-03-31,2024-04-04,CU-1994,Corporate,South,Office Supplies,Supplies,Stanley Bostitch Heavy-Duty Stapler,4,0.0,219.21,44.43
CA-2023-001557,2023-03-19,2023-03-22,CU-1269,Corporate,East,Office Supplies,Paper,Hammermill Copy Plus Paper,1,0.15,37.65,-13.57
CA-2023-001558,2023-05-04,2023-05-10,CU-1014,Consumer,Central,Office Supplies,Supplies,Stanley Bostitch Heavy-Duty Stapler,2,0.0,120.87,12.14
CA-2023-001559,2023-08-29,2023-09-02,CU-1491,Consumer,East,Furniture,Furnishings,DAX Two-Tone Rosewood/Black Document Frame,2,0.1,71.39,-5.6
CA-2023-001560,2023-08-09,2023-08-10,CU-1179,Consumer,Central,Office Supplies,Paper,Xerox Premium Multipurpose Paper,1,0.0,51.06,-3.61
CA-2024-001561,2024-11-03,2024-11-04,CU-1273,Consumer,South,Office Supplies,Storage,Tennsco Industrial Steel Shelving,3,0.1,994.34,151.33
CA-2023-001562,2023-07-12,2023-07-14,CU-1877,Corporate,West,Office Supplies,Labels,"Avery 5"" x 8"" Label",3,0.3,34.19,-14.82
CA-2023-001563,2023-08-26,2023-09-01,CU-1483,Home Office,East,Technology,Accessories,Belkin 8-Outlet Surge Protector,1,0.0,82.65,-1.04
CA-2024-001564,2024-01-18,2024-01-24,CU-1416,Consumer,West,Furniture,Tables,Hon Every-Day Round Conference Table,2,0.0,2716.38,278.02
CA-2024-001565,2024-01-17,2024-01-21,CU-1691,Home Office,West,Technology,Machines,HP LaserJet Pro M404n Printer,2,0.0,852.49,207.26
CA-2024-001566,2024-01-04,2024-01-08,CU-1461,Home Office,East,Office Supplies,Binders,GBC Ibimaster 500 Manual ProClick Binding System,1,0.0,873.76,161.03
CA-2023-001567,2023-02-13,2023-02-16,CU-1851,Home Office,East,Office Supplies,Art,Newell 312 Mechanical Pencil,3,0.1,26.38,-13.52
CA-2024-001568,2024-08-10,2024-08-12,CU-1901,Consumer,Central,Technology,Machines,HP LaserJet Pro M404n Printer,2,0.15,690.0,97.46
CA-2024-001569,2024-06-16,2024-06-17,CU-1700,Home Office,South,Office Supplies,Envelopes,Avery Self-Adhesive Address Labels,1,0.1,21.51,-15.73
CA-2024-001570,2024-05-15,2024-05-16,CU-1839,Corporate,East,Office Supplies,Storage,Fellowes Bankers Box Heavy-Duty Storage Boxes,3,0.0,286.54,68.33
CA-2024-001571,2024-08-13,2024-08-16,CU-1159,Home Office,East,Office Supplies,Supplies,Stanley Bostitch Heavy-Duty Stapler,2,0.3,74.74,-14.06
CA-2023-001572,2023-01-01,2023-01-08,CU-1313,Consumer,West,Office Supplies,Storage,Tennsco Industrial Steel Shelving,2,0.0,761.43,185.96
CA-2023-001573,2023-11-07,2023-11-14,CU-1302,Consumer,East,Furniture,Chairs,Global Deluxe High-Back Manager's Chair,2,0.2,937.8,-22.68
CA-2023-001574,2023-07-10,2023-07-17,CU-1366,Home Office,West,Technology,Accessories,SanDisk Ultra 64GB USB Flash Drive,1,0.0,35.11,-12.88
CA-2023-001575,2023-01-11,2023-01-17,CU-1941,Corporate,Central,Office Supplies,Envelopes,Avery Self-Adhesive Address Labels,1,0.0,21.38,-14.71
CA-2024-001576,2024-11-26,2024-11-30,CU-1816,Corporate,Central,Technology,Machines,HP LaserJet Pro M404n Printer,1,0.0,395.52,70.21
CA-2024-001577,2024-03-08,2024-03-14,CU-1389,Consumer,West,Office Supplies,Envelopes,Avery Self-Adhesive Address Labels,3,0.2,54.92,-5.25
CA-2023-001578,2023-03-30,2023-04-03,CU-1096,Corporate,West,Furniture,Bookcases,Bush Westfield Collection Bookcase,1,0.0,594.29,53.67
CA-2023-001579,2023-12-12,2023-12-14,CU-1462,Consumer,West,Office Supplies,Envelopes,Avery Self-Adhesive Address Labels,1,0.0,22.36,-14.14
CA-2023-001580,2023-04-08,2023-04-09,CU-1070,Home Office,East,Office Supplies,Labels,"Avery 5"" x 8"" Label",2,0.1,29.22,-12.78
CA-2024-001581,2024-04-19,2024-04-22,CU-1599,Consumer,West,Office Supplies,Labels,"Avery 5"" x 8"" Label",1,0.2,14.56,-19.75
CA-2023-001582,2023-06-28,2023-07-02,CU-1158,Consumer,East,Furniture,Furnishings,Eldon Image Series Desk Accessories,1,0.0,64.46,-3.35
CA-2024-001583,2024-05-08,2024-05-12,CU-1385,Consumer,South,Furniture,Bookcases,Bush Westfield Collection Bookcase,1,0.1,518.94,-6.18
CA-2023-001584,2023-07-07,2023-07-09,CU-1717,Consumer,Central,Office Supplies,Storage,Fellowes Bankers Box Heavy-Duty Storage Boxes,2,0.15,143.36,8.45
CA-2023-001585,2023-06-18,2023-06-20,CU-1813,Home Office,West,Technology,Accessories,Logitech MX Master Wireless Mouse,5,0.1,668.99,136.46
CA-2023-001586,2023-01-22,2023-01-28,CU-1285,Corporate,West,Office Supplies,Art,Newell 312 Mechanical Pencil,2,0.1,16.07,-17.66
CA-2023-001587,2023-03-10,2023-03-11,CU-1249,Consumer,Central,Office Supplies,Binders,GBC Ibimaster 500 Manual ProClick Binding System,3,0.1,2183.23,283.01
CA-2023-001588,2023-01-25,2023-01-27,CU-1570,Corporate,West,Office Supplies,Binders,GBC Ibimaster 500 Manual ProClick Binding System,1,0.0,835.42,146.26
CA-2023-001589,2023-03-10,2023-03-17,CU-1307,Consumer,West,Office Supplies,Fasteners,OIC Heavy-Duty Binder Clips,2,0.0,12.2,-18.08
CA-2023-001590,2023-01-12,2023-01-15,CU-1009,Corporate,East,Office Supplies,Binders,GBC DocuBind TL300 Electric Binding System,2,0.0,1976.69,424.51
CA-2023-001591,2023-11-24,2023-11-26,CU-1101,Consumer,West,Furniture,Furnishings,DAX Two-Tone Rosewood/Black Document Frame,3,0.0,123.5,12.94
CA-2024-001592,2024-07-20,2024-07-26,CU-1148,Consumer,West,Office Supplies,Fasteners,OIC Heavy-Duty Binder Clips,3,0.0,20.53,-13.04
CA-2024-001593,2024-06-09,2024-06-10,CU-1230,Corporate,West,Office Supplies,Envelopes,Avery Self-Adhesive Address Labels,1,0.15,19.97,-17.51
CA-2023-001594,2023-03-03,2023-03-10,CU-1953,Corporate,West,Office Supplies,Paper,Hammermill Copy Plus Paper,3,0.15,96.57,5.44
CA-2024-001595,2024-04-05,2024-04-10,CU-1521,Corporate,East,Technology,Accessories,Belkin 8-Outlet Surge Protector,1,0.2,64.75,-11.2
CA-2023-001596,2023-09-05,2023-09-10,CU-1575,Consumer,East,Office Supplies,Art,Newell 312 Mechanical Pencil,1,0.0,9.77,-19.56
CA-2024-001597,2024-10-18,2024-10-19,CU-1310,Home Office,South,Office Supplies,Paper,Xerox Premium Multipurpose Paper,1,0.0,54.51,-0.26
CA-2023-001598,2023-11-12,2023-11-19,CU-1711,Home Office,East,Office Supplies,Storage,Tennsco Industrial Steel Shelving,1,0.0,377.89,80.06
CA-2024-001599,2024-04-25,2024-04-28,CU-1257,Home Office,South,Technology,Phones,Polycom CX600 IP Phone,1,0.0,414.78,55.13
CA-2023-001600,2023-10-05,2023-10-12,CU-1579,Consumer,South,Furniture,Furnishings,Eldon Image Series Desk Accessories,1,0.0,71.27,3.38
CA-2023-001601,2023-11-10,2023-11-12,CU-1674,Consumer,East,Technology,Accessories,Belkin 8-Outlet Surge Protector,1,0.0,77.81,-2.59
CA-2024-001602,2024-12-05,2024-12-08,CU-1473,Home Office,East,Technology,Machines,Zebra ZP 450 Thermal Label Printer,2,0.1,939.2,104.17
CA-2023-001603,2023-05-01,2023-05-07,CU-1345,Consumer,West,Office Supplies,Supplies,Stanley Bostitch Heavy-Duty Stapler,1,0.0,57.1,-6.15
CA-2024-001604,2024-01-19,2024-01-21,CU-1260,Home Office,Central,Office Supplies,Paper,Xerox Premium Multipurpose Paper,2,0.2,82.11,-1.94
CA-2023-001605,2023-09-16,2023-09-17,CU-1956,Corporate,West,Office Supplies,Storage,Tennsco Industrial Steel Shelving,3,0.3,678.45,13.5
CA-2024-001606,2024-04-10,2024-04-15,CU-1437,Home Office,West,Office Supplies,Envelopes,Avery Self-Adhesive Address Labels,1,0.1,18.86,-17.78
CA-2024-001607,2024-09-01,2024-09-02,CU-1820,Consumer,Central,Office Supplies,Appliances,Hoover Commercial Lightweight Vacuum,1,0.0,445.74,60.31
CA-2023-001608,2023-03-13,2023-03-16,CU-1433,Consumer,Central,Technology,Phones,Polycom CX600 IP Phone,1,0.0,383.74,52.64
CA-2024-001609,2024-11-07,2024-11-12,CU-1246,Consumer,East,Office Supplies,Binders,GBC DocuBind TL300 Electric Binding System,1,0.3,698.27,-8.01
CA-2024-001610,2024-09-25,2024-09-30,CU-1566,Home Office,South,Office Supplies,Envelopes,Avery Self-Adhesive Address Labels,1,0.1,21.14,-16.87
CA-2023-001611,2023-08-14,2023-08-16,CU-1093,Home Office,South,Technology,Accessories,SanDisk Ultra 64GB USB Flash Drive,3,0.0,99.49,11.57
CA-2024-001612,2024-05-12,2024-05-13,CU-1177,Consumer,South,Technology,Phones,Polycom CX600 IP Phone,3,0.0,1231.62,164.86
CA-2023-001613,2023-04-20,2023-04-21,CU-1218,Consumer,Central,Furniture,Bookcases,Bush Westfield Collection Bookcase,1,0.1,514.07,2.3
CA-2023-001614,2023-03-25,2023-03-29,CU-1389,Consumer,South,Office Supplies,Labels,"Avery 5"" x 8"" Label",1,0.1,15.62,-17.81
CA-2023-001615,2023-07-30,2023-08-05,CU-1630,Corporate,West,Office Supplies,Art,Newell 312 Mechanical Pencil,2,0.0,18.59,-15.53
CA-2024-001616,2024-09-13,2024-09-15,CU-1806,Corporate,East,Office Supplies,Paper,Xerox Premium Multipurpose Paper,2,0.1,96.35,7.93
CA-2023-001617,2023-08-12,2023-08-15,CU-1898,Corporate,Central,Office Supplies,Paper,Xerox Premium Multipurpose Paper,1,0.1,49.82,-7.43
CA-2024-001618,2024-12-03,2024-12-08,CU-1353,Corporate,West,Furniture,Bookcases,Bush Westfield Collection Bookcase,2,0.0,1182.44,107.49
CA-2023-001619,2023-01-21,2023-01-25,CU-1275,Corporate,South,Office Supplies,Paper,Hammermill Copy Plus Paper,1,0.0,40.88,-8.84
CA-2024-001620,2024-05-05,2024-05-07,CU-1866,Consumer,West,Technology,Accessories,Logitech G910 Mechanical Keyboard,3,0.1,730.44,154.93
CA-2024-001621,2024-01-09,2024-01-10,CU-1051,Corporate,Central,Technology,Accessories,SanDisk Ultra 64GB USB Flash Drive,1,0.2,24.1,-18.7
CA-2024-001622,2024-06-21,2024-06-24,CU-1234,Corporate,South,Office Supplies,Paper,Hammermill Copy Plus Paper,1,0.15,33.76,-12.98
CA-2023-001623,2023-06-20,2023-06-25,CU-1892,Home Office,East,Office Supplies,Binders,GBC DocuBind TL300 Electric Binding System,3,0.1,2625.45,455.64
CA-2023-001624,2023-10-23,2023-10-28,CU-1617,Home Office,Central,Office Supplies,Appliances,Hoover Commercial Lightweight Vacuum,1,0.0,431.93,78.44
CA-2023-001625,2023-03-10,2023-03-17,CU-1779,Corporate,East,Technology,Phones,Polycom CX600 IP Phone,3,0.0,1157.47,180.99
CA-2023-001626,2023-06-06,2023-06-11,CU-1525,Consumer,Central,Furniture,Bookcases,Sauder Camden County Barrister Bookcase,1,0.0,753.8,52.48
CA-2024-001627,2024-02-08,2024-02-10,CU-1376,Home Office,South,Technology,Accessories,Logitech G910 Mechanical Keyboard,1,0.15,215.56,18.94
CA-2024-001628,2024-04-18,2024-04-20,CU-1043,Consumer,West,Office Supplies,Paper,Hammermill Copy Plus Paper,2,0.1,69.95,-0.92
CA-2023-001629,2023-05-20,2023-05-21,CU-1743,Corporate,West,Furniture,Furnishings,Eldon Image Series Desk Accessories,1,0.0,69.47,0.7
CA-2024-001630,2024-10-24,2024-10-29,CU-1536,Corporate,East,Office Supplies,Paper,Xerox Premium Multipurpose Paper,2,0.1,97.18,11.1
CA-2024-001631,2024-05-30,2024-06-06,CU-1305,Consumer,West,Office Supplies,Art,Newell 312 Mechanical Pencil,3,0.0,29.32,-11.01
CA-2024-001632,2024-01-27,2024-01-31,CU-1793,Home Office,East,Furniture,Furnishings,Eldon Image Series Desk Accessories,1,0.0,69.43,-1.17
CA-2024-001633,2024-04-05,2024-04-12,CU-1145,Consumer,East,Office Supplies,Envelopes,Avery Self-Adhesive Address Labels,2,0.0,46.63,-4.69
CA-2024-001634,2024-03-25,2024-03-28,CU-1425,Consumer,East,Office Supplies,Art,Newell 312 Mechanical Pencil,1,0.0,10.25,-19.31
CA-2023-001635,2023-05-30,2023-06-05,CU-1669,Corporate,Central,Furniture,Bookcases,Sauder Camden County Barrister Bookcase,1,0.0,704.48,26.07
CA-2024-001636,2024-09-04,2024-09-07,CU-1490,Consumer,South,Office Supplies,Paper,Xerox Premium Multipurpose Paper,1,0.0,55.68,0.02
CA-2023-001637,2023-12-06,2023-12-08,CU-1575,Corporate,Central,Office Supplies,Storage,Fellowes Bankers Box Heavy-Duty Storage Boxes,1,0.0,82.31,4.05
CA-2023-001638,2023-01-26,2023-01-31,CU-1471,Corporate,South,Furniture,Chairs,Global Deluxe High-Back Manager's Chair,1,0.0,609.61,88.21
CA-2023-001639,2023-10-19,2023-10-22,CU-1781,Home Office,Central,Office Supplies,Binders,GBC DocuBind TL300 Electric Binding System,1,0.0,949.42,184.04
CA-2024-001640,2024-11-13,2024-11-20,CU-1844,Corporate,South,Office Supplies,Art,Newell 312 Mechanical Pencil,2,0.0,20.91,-15.06
CA-2024-001641,2024-11-07,2024-11-13,CU-1095,Home Office,West,Office Supplies,Paper,Hammermill Copy Plus Paper,2,0.0,77.43,8.1
CA-2023-001642,2023-10-10,2023-10-14,CU-1198,Corporate,East,Furniture,Chairs,Global Deluxe High-Back Manager's Chair,1,0.0,579.71,65.07
CA-2024-001643,2024-03-13,2024-03-18,CU-1038,Corporate,West,Office Supplies,Envelopes,Avery Self-Adhesive Address Labels,5,0.0,120.46,23.46
CA-2023-001644,2023-03-09,2023-03-11,CU-1470,Corporate,South,Office Supplies,Appliances,Hoover Commercial Lightweight Vacuum,5,0.2,1888.2,63.71
CA-2024-001645,2024-04-25,2024-04-28,CU-1334,Home Office,East,Office Supplies,Envelopes,Avery Self-Adhesive Address Labels,1,0.2,18.48,-18.16
CA-2024-001646,2024-11-14,2024-11-20,CU-1251,Consumer,Central,Technology,Accessories,Belkin 8-Outlet Surge Protector,2,0.1,154.19,13.47
CA-2024-001647,2024-03-20,2024-03-24,CU-1052,Home Office,South,Furniture,Furnishings,Eldon Image Series Desk Accessories,4,0.0,288.24,88.32
CA-2023-001648,2023-09-21,2023-09-22,CU-1475,Consumer,Central,Technology,Accessories,Belkin 8-Outlet Surge Protector,2,0.15,131.16,5.82
CA-2024-001649,2024-12-15,2024-12-20,CU-1248,Consumer,West,Office Supplies,Art,Newell 312 Mechanical Pencil,1,0.0,9.71,-19.68
CA-2024-001650,2024-11-09,2024-11-10,CU-1424,Corporate,Central,Technology,Accessories,SanDisk Ultra 64GB USB Flash Drive,4,0.0,127.79,16.31
CA-2023-001651,2023-12-08,2023-12-11,CU-1602,Consumer,West,Technology,Accessories,Logitech MX Master Wireless Mouse,1,0.2,129.77,4.23
CA-2024-001652,2024-03-16,2024-03-23,CU-1607,Corporate,Central,Furniture,Bookcases,Bush Westfield Collection Bookcase,1,0.15,463.09,-6.37
CA-2023-001653,2023-04-14,2023-04-15,CU-1956,Home Office,East,Office Supplies,Binders,GBC Ibimaster 500 Manual ProClick Binding System,2,0.0,1603.86,347.77
CA-2023-001654,2023-02-22,2023-02-23,CU-1940,Home Office,South,Office Supplies,Appliances,Hoover Commercial Lightweight Vacuum,1,0.0,501.54,83.58
CA-2024-001655,2024-11-13,2024-11-18,CU-1084,Consumer,Central,Technology,Phones,Polycom CX600 IP Phone,1,0.0,384.04,60.48
CA-2023-001656,2023-07-16,2023-07-23,CU-1630,Home Office,Central,Technology,Accessories,Logitech G910 Mechanical Keyboard,1,0.3,173.07,-5.29
CA-2024-001657,2024-09-19,2024-09-22,CU-1527,Consumer,West,Technology,Accessories,Logitech MX Master Wireless Mouse,1,0.15,129.66,6.2
CA-2024-001658,2024-09-13,2024-09-15,CU-1829,Corporate,South,Office Supplies,Labels,"Avery 5"" x 8"" Label",1,0.15,15.5,-18.22
CA-2024-001659,2024-06-05,2024-06-08,CU-1867,Corporate,South,Furniture,Furnishings,Eldon Image Series Desk Accessories,2,0.0,140.19,22.2
CA-2023-001660,2023-08-04,2023-08-06,CU-1151,Consumer,West,Office Supplies,Paper,Hammermill Copy Plus Paper,2,0.0,76.2,7.36
CA-2023-001661,2023-05-10,2023-05-12,CU-1493,Corporate,West,Office Supplies,Supplies,Stanley Bostitch Heavy-Duty Stapler,1,0.0,54.32,-8.73
CA-2023-001662,2023-05-06,2023-05-12,CU-1917,Corporate,Central,Office Supplies,Fasteners,OIC Heavy-Duty Binder Clips,2,0.1,11.54,-18.63
CA-2024-001663,2024-01-08,2024-01-10,CU-1398,Consumer,West,Office Supplies,Paper,Xerox Premium Multipurpose Paper,1,0.0,54.83,-0.63
CA-2024-001664,2024-04-19,2024-04-25,CU-1763,Home Office,West,Office Supplies,Storage,Tennsco Industrial Steel Shelving,2,0.15,597.15,92.71
CA-2024-001665,2024-11-05,2024-11-08,CU-1168,Corporate,West,Office Supplies,Storage,Tennsco Industrial Steel Shelving,2,0.15,568.62,89.57
CA-2023-001666,2023-04-06,2023-04-10,CU-1507,Corporate,East,Furniture,Furnishings,DAX Two-Tone Rosewood/Black Document Frame,1,0.0,38.71,-12.24
CA-2023-001667,2023-07-04,2023-07-08,CU-1345,Consumer,Central,Furniture,Chairs,HON 5400 Series Task Chairs for Big and Tall,1,0.0,1004.87,166.22
CA-2024-001668,2024-05-09,2024-05-16,CU-1754,Home Office,South,Technology,Accessories,Belkin 8-Outlet Surge Protector,1,0.0,78.8,-0.83
CA-2024-001669,2024-06-27,2024-07-01,CU-1972,Home Office,Central,Furniture,Furnishings,DAX Two-Tone Rosewood/Black Document Frame,5,0.1,189.81,20.68
CA-2024-001670,2024-04-10,2024-04-16,CU-1018,Corporate,Central,Office Supplies,Envelopes,Avery Self-Adhesive Address Labels,1,0.3,15.38,-20.47
CA-2024-001671,2024-04-30,2024-05-07,CU-1322,Home Office,East,Furniture,Furnishings,DAX Two-Tone Rosewood/Black Document Frame,4,0.2,134.89,-2.51
CA-2024-001672,2024-04-05,2024-04-08,CU-1260,Corporate,South,Furniture,Furnishings,Eldon Image Series Desk Accessories,2,0.0,126.51,24.48
CA-2023-001673,2023-01-05,2023-01-10,CU-1048,Consumer,South,Furniture,Bookcases,Bush Westfield Collection Bookcase,1,0.15,454.83,-28.35
CA-2024-001674,2024-07-02,2024-07-09,CU-1785,Home Office,South,Furniture,Tables,Hon Every-Day Round Conference Table,4,0.0,5980.71,685.55
CA-2024-001675,2024-09-06,2024-09-12,CU-1118,Consumer,West,Office Supplies,Binders,GBC DocuBind TL300 Electric Binding System,5,0.0,4937.78,978.51
CA-2024-001676,2024-07-28,2024-08-03,CU-1662,Consumer,West,Office Supplies,Storage,Fellowes Bankers Box Heavy-Duty Storage Boxes,1,0.0,91.54,2.33
CA-2023-001677,2023-01-22,2023-01-23,CU-1425,Consumer,West,Technology,Accessories,Logitech MX Master Wireless Mouse,2,0.0,334.04,80.91
CA-2023-001678,2023-07-28,2023-08-03,CU-1561,Home Office,Central,Technology,Accessories,Logitech G910 Mechanical Keyboard,1,0.2,205.45,9.68
CA-2023-001679,2023-03-20,2023-03-22,CU-1813,Corporate,East,Furniture,Furnishings,DAX Two-Tone Rosewood/Black Document Frame,3,0.0,118.3,14.23
CA-2023-001680,2023-04-27,2023-05-04,CU-1125,Corporate,South,Office Supplies,Paper,Hammermill Copy Plus Paper,1,0.15,36.91,-13.29
CA-2023-001681,2023-03-27,2023-03-30,CU-1742,Consumer,Central,Technology,Accessories,SanDisk Ultra 64GB USB Flash Drive,1,0.0,30.69,-12.98
CA-2023-001682,2023-03-06,2023-03-08,CU-1946,Home Office,South,Technology,Accessories,Logitech MX Master Wireless Mouse,1,0.15,138.94,5.05
CA-2023-001683,2023-01-31,2023-02-03,CU-1412,Consumer,East,Furniture,Furnishings,DAX Two-Tone Rosewood/Black Document Frame,2,0.0,87.24,4.2
CA-2023-001684,2023-07-14,2023-07-19,CU-1232,Home Office,West,Office Supplies,Fasteners,OIC Heavy-Duty Binder Clips,2,0.1,11.04,-18.6
CA-2024-001685,2024-07-24,2024-07-31,CU-1192,Consumer,South,Office Supplies,Paper,Hammermill Copy Plus Paper,1,0.0,44.31,-8.7
CA-2023-001686,2023-01-18,2023-01-24,CU-1882,Corporate,Central,Furniture,Bookcases,Sauder Camden County Barrister Bookcase,2,0.0,1503.07,152.82
CA-2023-001687,2023-05-18,2023-05-25,CU-1566,Home Office,South,Technology,Phones,Polycom CX600 IP Phone,1,0.15,357.31,7.5
CA-2023-001688,2023-05-03,2023-05-08,CU-1435,Corporate,Central,Technology,Accessories,SanDisk Ultra 64GB USB Flash Drive,2,0.1,55.84,-9.21
CA-2023-001689,2023-04-20,2023-04-21,CU-1156,Corporate,South,Furniture,Bookcases,Sauder Camden County Barrister Bookcase,2,0.3,1027.11,-100.66
CA-2024-001690,2024-02-26,2024-02-27,CU-1026,Corporate,South,Technology,Machines,HP LaserJet Pro M404n Printer,1,0.0,431.11,76.36
CA-2023-001691,2023-07-09,2023-07-15,CU-1116,Consumer,South,Technology,Phones,Polycom CX600 IP Phone,1,0.0,420.86,38.4
CA-2023-001692,2023-12-08,2023-12-11,CU-1283,Corporate,Central,Furniture,Furnishings,DAX Two-Tone Rosewood/Black Document Frame,1,0.0,43.56,-11.75
CA-2024-001693,2024-12-30,2025-01-04,CU-1102,Corporate,Central,Furniture,Bookcases,Sauder Camden County Barrister Bookcase,3,0.0,2280.69,187.38
CA-2023-001694,2023-11-16,2023-11-20,CU-1967,Home Office,Central,Technology,Phones,Polycom CX600 IP Phone,1,0.1,348.09,6.58
CA-2023-001695,2023-04-20,2023-04-24,CU-1962,Home Office,East,Furniture,Chairs,HON 5400 Series Task Chairs for Big and Tall,3,0.0,2884.13,416.52
CA-2023-001696,2023-03-25,2023-03-28,CU-1017,Corporate,East,Technology,Accessories,Logitech G910 Mechanical Keyboard,2,0.1,509.78,93.6
CA-2024-001697,2024-12-26,2024-12-28,CU-1005,Home Office,South,Technology,Accessories,Logitech G910 Mechanical Keyboard,4,0.15,905.41,183.6
CA-2024-001698,2024-08-13,2024-08-20,CU-1627,Home Office,West,Office Supplies,Supplies,Stanley Bostitch Heavy-Duty Stapler,3,0.0,160.5,23.36
CA-2023-001699,2023-07-17,2023-07-24,CU-1294,Corporate,East,Office Supplies,Art,Newell 312 Mechanical Pencil,1,0.0,9.75,-19.18
CA-2024-001700,2024-09-23,2024-09-30,CU-1117,Corporate,East,Furniture,Furnishings,DAX Two-Tone Rosewood/Black Document Frame,2,0.0,84.25,-1.97
CA-2023-001701,2023-09-17,2023-09-23,CU-1135,Home Office,Central,Technology,Accessories,Logitech MX Master Wireless Mouse,1,0.1,136.31,10.69
CA-2023-001702,2023-08-25,2023-08-27,CU-1982,Consumer,Central,Office Supplies,Supplies,Stanley Bostitch Heavy-Duty Stapler,2,0.1,94.42,-3.36
CA-2024-001703,2024-10-29,2024-10-31,CU-1147,Consumer,Central,Office Supplies,Labels,"Avery 5"" x 8"" Label",3,0.0,49.44,-3.3
CA-2024-001704,2024-01-13,2024-01-16,CU-1878,Home Office,East,Technology,Machines,HP LaserJet Pro M404n Printer,1,0.0,396.94,76.55
CA-2023-001705,2023-07-31,2023-08-04,CU-1971,Corporate,West,Office Supplies,Paper,Xerox Premium Multipurpose Paper,3,0.15,135.62,18.05
CA-2023-001706,2023-02-20,2023-02-23,CU-1469,Home Office,South,Technology,Copiers,Canon imageCLASS 2200 Advanced Copier,1,0.0,2368.85,603.31
CA-2023-001707,2023-07-28,2023-08-01,CU-1484,Home Office,Central,Technology,Phones,Polycom CX600 IP Phone,1,0.0,389.72,54.65
CA-2024-001708,2024-08-23,2024-08-27,CU-1488,Corporate,South,Office Supplies,Storage,Fellowes Bankers Box Heavy-Duty Storage Boxes,2,0.0,183.18,31.44
CA-2023-001709,2023-06-14,2023-06-18,CU-1224,Home Office,East,Furniture,Chairs,Global Deluxe High-Back Manager's Chair,3,0.0,1772.78,257.75
CA-2023-001710,2023-04-23,2023-04-26,CU-1818,Corporate,West,Office Supplies,Supplies,Stanley Bostitch Heavy-Duty Stapler,1,0.1,48.46,-11.65
CA-2023-001711,2023-01-21,2023-01-22,CU-1775,Home Office,East,Office Supplies,Envelopes,Avery Self-Adhesive Address Labels,3,0.0,63.89,4.52
CA-2024-001712,2024-10-04,2024-10-08,CU-1567,Corporate,South,Technology,Machines,HP LaserJet Pro M404n Printer,1,0.2,320.64,19.45
CA-2023-001713,2023-01-02,2023-01-06,CU-1823,Corporate,East,Technology,Machines,Zebra ZP 450 Thermal Label Printer,1,0.0,541.24,84.4
CA-2024-001714,2024-10-05,2024-10-09,CU-1639,Consumer,East,Office Supplies,Fasteners,OIC Heavy-Duty Binder Clips,4,0.1,23.31,-13.86
CA-2023-001715,2023-11-29,2023-11-30,CU-1441,Home Office,Central,Furniture,Furnishings,DAX Two-Tone Rosewood/Black Document Frame,1,0.15,35.36,-16.49
CA-2024-001716,2024-12-07,2024-12-08,CU-1422,Home Office,Central,Technology,Phones,Polycom CX600 IP Phone,3,0.0,1321.61,182.8
CA-2023-001717,2023-04-16,2023-04-22,CU-1379,Consumer,Central,Technology,Machines,HP LaserJet Pro M404n Printer,1,0.1,353.64,31.69
CA-2023-001718,2023-09-20,2023-09-21,CU-1914,Consumer,Central,Furniture,Bookcases,Sauder Camden County Barrister Bookcase,1,0.3,508.88,-58.91
CA-2023-001719,2023-12-15,2023-12-17,CU-1960,Consumer,Central,Office Supplies,Fasteners,OIC Heavy-Duty Binder Clips,1,0.0,6.76,-20.38
CA-2024-001720,2024-05-02,2024-05-08,CU-1501,Consumer,West,Furniture,Furnishings,Eldon Image Series Desk Accessories,1,0.15,58.8,-6.59
CA-2023-001721,2023-12-05,2023-12-06,CU-1357,Corporate,West,Technology,Phones,Polycom CX600 IP Phone,2,0.2,635.42,10.53
CA-2024-001722,2024-07-23,2024-07-29,CU-1197,Consumer,East,Technology,Accessories,Logitech G910 Mechanical Keyboard,2,0.3,376.92,18.85
CA-2023-001723,2023-08-28,2023-09-03,CU-1062,Home Office,West,Furniture,Chairs,HON 5400 Series Task Chairs for Big and Tall,1,0.15,831.39,37.3
CA-2023-001724,2023-08-20,2023-08-25,CU-1901,Corporate,West,Technology,Accessories,Logitech MX Master Wireless Mouse,1,0.2,123.11,-0.48
CA-2023-001725,2023-06-07,2023-06-13,CU-1545,Consumer,West,Office Supplies,Binders,GBC DocuBind TL300 Electric Binding System,3,0.0,2627.19,527.73
CA-2023-001726,2023-04-22,2023-04-23,CU-1832,Consumer,South,Technology,Accessories,SanDisk Ultra 64GB USB Flash Drive,1,0.0,30.22,-14.87
CA-2024-001727,2024-12-31,2025-01-05,CU-1984,Home Office,South,Office Supplies,Labels,"Avery 5"" x 8"" Label",3,0.0,56.97,1.6
CA-2024-001728,2024-04-08,2024-04-10,CU-1176,Home Office,West,Technology,Accessories,Belkin 8-Outlet Surge Protector,2,0.1,138.8,6.09
CA-2023-001729,2023-10-13,2023-10-16,CU-1415,Corporate,West,Furniture,Tables,Bretford Rectangular Conference Table,1,0.1,1672.28,-21.21
CA-2024-001730,2024-07-02,2024-07-06,CU-1235,Home Office,Central,Furniture,Bookcases,Sauder Camden County Barrister Bookcase,3,0.0,2200.41,222.7
CA-2024-001731,2024-07-27,2024-07-31,CU-1184,Home Office,East,Office Supplies,Paper,Xerox Premium Multipurpose Paper,2,0.1,98.29,6.01
CA-2023-001732,2023-05-10,2023-05-12,CU-1565,Consumer,South,Furniture,Tables,Hon Every-Day Round Conference Table,1,0.1,1349.23,2.18
CA-2024-001733,2024-06-21,2024-06-26,CU-1502,Consumer,East,Technology,Phones,Polycom CX600 IP Phone,1,0.0,437.71,38.93
CA-2023-001734,2023-08-14,2023-08-20,CU-1559,Consumer,South,Office Supplies,Fasteners,OIC Heavy-Duty Binder Clips,1,0.1,5.53,-21.36
CA-2024-001735,2024-04-16,2024-04-18,CU-1027,Home Office,Central,Office Supplies,Labels,"Avery 5"" x 8"" Label",5,0.0,81.24,8.69
CA-2023-001736,2023-02-01,2023-02-02,CU-1194,Corporate,Central,Office Supplies,Storage,Fellowes Bankers Box Heavy-Duty Storage Boxes,2,0.15,152.95,6.19
CA-2024-001737,2024-03-25,2024-04-01,CU-1026,Home Office,East,Furniture,Furnishings,DAX Two-Tone Rosewood/Black Document Frame,2,0.0,84.63,4.67
CA-2023-001738,2023-12-28,2023-12-31,CU-1267,Consumer,Central,Office Supplies,Paper,Xerox Premium Multipurpose Paper,1,0.2,42.42,-11.15
CA-2024-001739,2024-07-12,2024-07-19,CU-1786,Consumer,East,Technology,Accessories,Logitech MX Master Wireless Mouse,2,0.0,312.58,70.44
CA-2023-001740,2023-06-29,2023-07-06,CU-1519,Corporate,West,Technology,Accessories,SanDisk Ultra 64GB USB Flash Drive,1,0.15,26.7,-17.82
CA-2023-001741,2023-01-27,2023-01-28,CU-1349,Consumer,South,Office Supplies,Envelopes,Avery Self-Adhesive Address Labels,1,0.0,21.14,-15.28
CA-2024-001742,2024-06-12,2024-06-15,CU-1275,Home Office,East,Office Supplies,Art,Newell 312 Mechanical Pencil,1,0.1,8.23,-20.91
CA-2023-001743,2023-11-26,2023-11-29,CU-1042,Home Office,Central,Office Supplies,Fasteners,OIC Heavy-Duty Binder Clips,1,0.15,5.94,-21.52
CA-2024-001744,2024-10-02,2024-10-06,CU-1632,Corporate,Central,Office Supplies,Binders,GBC DocuBind TL300 Electric Binding System,1,0.0,1020.87,205.46
CA-2024-001745,2024-10-01,2024-10-08,CU-1274,Consumer,Central,Office Supplies,Fasteners,OIC Heavy-Duty Binder Clips,4,0.2,20.08,-16.96
CA-2024-001746,2024-02-06,2024-02-09,CU-1640,Home Office,South,Technology,Accessories,Belkin 8-Outlet Surge Protector,1,0.1,73.49,-10.63
CA-2024-001747,2024-10-21,2024-10-23,CU-1735,Consumer,Central,Office Supplies,Art,Newell 312 Mechanical Pencil,1,0.2,7.34,-21.65
CA-2024-001748,2024-02-14,2024-02-17,CU-1743,Consumer,South,Furniture,Bookcases,Bush Westfield Collection Bookcase,2,0.0,1102.43,124.09
CA-2024-001749,2024-02-22,2024-02-25,CU-1742,Home Office,West,Technology,Accessories,Logitech G910 Mechanical Keyboard,1,0.0,276.12,50.51
CA-2023-001750,2023-08-08,2023-08-09,CU-1298,Home Office,West,Office Supplies,Storage,Fellowes Bankers Box Heavy-Duty Storage Boxes,2,0.0,189.02,41.47
CA-2023-001751,2023-06-10,2023-06-13,CU-1807,Consumer,South,Office Supplies,Storage,Tennsco Industrial Steel Shelving,1,0.0,378.03,64.93
CA-2023-001752,2023-12-15,2023-12-20,CU-1086,Corporate,West,Office Supplies,Labels,"Avery 5"" x 8"" Label",1,0.2,15.22,-19.61
CA-2023-001753,2023-11-12,2023-11-16,CU-1938,Consumer,East,Technology,Accessories,SanDisk Ultra 64GB USB Flash Drive,3,0.0,105.46,10.11
CA-2023-001754,2023-04-22,2023-04-25,CU-1742,Consumer,West,Furniture,Bookcases,Bush Westfield Collection Bookcase,2,0.0,1188.51,97.37
CA-2024-001755,2024-09-16,2024-09-23,CU-1873,Corporate,East,Office Supplies,Labels,"Avery 5"" x 8"" Label",2,0.0,34.11,-8.51
CA-2023-001756,2023-07-29,2023-07-31,CU-1322,Home Office,Central,Furniture,Chairs,Global Deluxe High-Back Manager's Chair,2,0.0,1313.2,160.76
CA-2024-001757,2024-02-09,2024-02-15,CU-1538,Corporate,Central,Furniture,Chairs,Global Deluxe High-Back Manager's Chair,1,0.0,575.47,72.78
CA-2024-001758,2024-07-11,2024-07-12,CU-1221,Consumer,West,Office Supplies,Fasteners,OIC Heavy-Duty Binder Clips,1,0.1,6.13,-21.35
CA-2024-001759,2024-10-21,2024-10-24,CU-1085,Home Office,West,Technology,Machines,HP LaserJet Pro M404n Printer,1,0.0,379.23,54.28
CA-2023-001760,2023-12-02,2023-12-06,CU-1537,Consumer,Central,Technology,Phones,Polycom CX600 IP Phone,4,0.15,1475.86,134.94
CA-2023-001761,2023-07-09,2023-07-11,CU-1114,Home Office,East,Technology,Accessories,Belkin 8-Outlet Surge Protector,5,0.0,377.67,90.28
CA-2024-001762,2024-09-03,2024-09-08,CU-1270,Home Office,South,Furniture,Bookcases,Sauder Camden County Barrister Bookcase,1,0.0,705.39,43.99
CA-2024-001763,2024-09-02,2024-09-03,CU-1401,Corporate,South,Office Supplies,Storage,Tennsco Industrial Steel Shelving,3,0.2,908.62,116.41
CA-2023-001764,2023-05-18,2023-05-19,CU-1588,Corporate,Central,Office Supplies,Binders,GBC Ibimaster 500 Manual ProClick Binding System,2,0.15,1472.13,154.45
CA-2024-001765,2024-07-06,2024-07-09,CU-1774,Corporate,East,Furniture,Chairs,Global Deluxe High-Back Manager's Chair,1,0.0,657.66,85.9
CA-2023-001766,2023-06-24,2023-07-01,CU-1462,Corporate,South,Office Supplies,Supplies,Stanley Bostitch Heavy-Duty Stapler,4,0.1,202.24,17.75
CA-2023-001767,2023-12-12,2023-12-16,CU-1133,Home Office,West,Office Supplies,Binders,GBC Ibimaster 500 Manual ProClick Binding System,1,0.0,847.9,161.35
CA-2023-001768,2023-02-13,2023-02-20,CU-1438,Corporate,Central,Office Supplies,Paper,Xerox Premium Multipurpose Paper,1,0.15,41.88,-9.44
CA-2024-001769,2024-06-15,2024-06-21,CU-1966,Consumer,Central,Technology,Phones,Polycom CX600 IP Phone,2,0.0,878.12,165.0
CA-2024-001770,2024-06-16,2024-06-18,CU-1395,Consumer,West,Office Supplies,Paper,Xerox Premium Multipurpose Paper,1,0.1,49.16,-6.14
CA-2023-001771,2023-03-16,2023-03-19,CU-1348,Corporate,Central,Office Supplies,Storage,Tennsco Industrial Steel Shelving,1,0.2,297.08,11.86
CA-2024-001772,2024-03-16,2024-03-21,CU-1781,Home Office,East,Office Supplies,Art,Newell 312 Mechanical Pencil,1,0.0,9.81,-19.49
CA-2024-001773,2024-09-28,2024-09-30,CU-1311,Home Office,Central,Technology,Machines,HP LaserJet Pro M404n Printer,3,0.0,1342.97,257.15
CA-2024-001774,2024-06-24,2024-06-28,CU-1754,Home Office,East,Technology,Accessories,SanDisk Ultra 64GB USB Flash Drive,1,0.0,34.6,-11.68
CA-2024-001775,2024-02-22,2024-02-23,CU-1379,Corporate,Central,Furniture,Chairs,Global Deluxe High-Back Manager's Chair,2,0.1,1041.72,47.15
CA-2024-001776,2024-09-12,2024-09-19,CU-1292,Home Office,East,Furniture,Chairs,HON 5400 Series Task Chairs for Big and Tall,1,0.1,964.85,115.3
CA-2023-001777,2023-01-17,2023-01-23,CU-1723,Home Office,West,Technology,Machines,HP LaserJet Pro M404n Printer,5,0.1,1749.96,326.98
CA-2024-001778,2024-10-01,2024-10-06,CU-1777,Home Office,West,Technology,Accessories,SanDisk Ultra 64GB USB Flash Drive,3,0.1,92.9,1.32
CA-2023-001779,2023-04-02,2023-04-07,CU-1254,Consumer,South,Furniture,Furnishings,Eldon Image Series Desk Accessories,1,0.0,65.08,1.25
CA-2024-001780,2024-08-01,2024-08-02,CU-1877,Consumer,East,Furniture,Furnishings,Eldon Image Series Desk Accessories,2,0.2,107.65,3.38
CA-2023-001781,2023-07-14,2023-07-15,CU-1992,Corporate,West,Technology,Machines,Zebra ZP 450 Thermal Label Printer,2,0.15,846.54,61.87
CA-2024-001782,2024-07-31,2024-08-05,CU-1158,Corporate,Central,Office Supplies,Storage,Tennsco Industrial Steel Shelving,1,0.1,291.88,35.84
CA-2024-001783,2024-04-13,2024-04-20,CU-1575,Home Office,East,Office Supplies,Paper,Hammermill Copy Plus Paper,3,0.1,105.16,7.37
CA-2024-001784,2024-06-16,2024-06-21,CU-1972,Home Office,East,Furniture,Chairs,Global Deluxe High-Back Manager's Chair,2,0.1,1089.01,62.7
CA-2024-001785,2024-11-04,2024-11-09,CU-1983,Corporate,Central,Office Supplies,Supplies,Stanley Bostitch Heavy-Duty Stapler,3,0.3,124.74,-4.95
CA-2023-001786,2023-05-26,2023-06-01,CU-1415,Home Office,South,Office Supplies,Envelopes,Avery Self-Adhesive Address Labels,1,0.0,23.35,-13.55
CA-2024-001787,2024-07-11,2024-07-17,CU-1352,Corporate,Central,Technology,Accessories,Logitech MX Master Wireless Mouse,2,0.0,327.84,76.38
CA-2023-001788,2023-08-10,2023-08-11,CU-1784,Consumer,South,Office Supplies,Envelopes,Avery Self-Adhesive Address Labels,3,0.0,70.38,7.83
CA-2024-001789,2024-08-08,2024-08-11,CU-1554,Consumer,East,Technology,Machines,HP LaserJet Pro M404n Printer,2,0.0,781.66,149.14
CA-2024-001790,2024-08-24,2024-08-31,CU-1852,Consumer,West,Technology,Accessories,SanDisk Ultra 64GB USB Flash Drive,3,0.0,104.4,12.48
CA-2023-001791,2023-08-18,2023-08-19,CU-1064,Consumer,Central,Technology,Copiers,Canon imageCLASS 2200 Advanced Copier,3,0.0,6516.42,2131.87
CA-2024-001792,2024-02-01,2024-02-06,CU-1843,Consumer,Central,Technology,Machines,Zebra ZP 450 Thermal Label Printer,1,0.0,527.21,105.74
CA-2023-001793,2023-03-09,2023-03-13,CU-1878,Home Office,South,Office Supplies,Art,Newell 312 Mechanical Pencil,2,0.0,18.5,-15.41
CA-2023-001794,2023-02-25,2023-03-01,CU-1453,Home Office,West,Office Supplies,Paper,Xerox Premium Multipurpose Paper,1,0.1,44.0,-8.64
CA-2024-001795,2024-10-04,2024-10-06,CU-1451,Corporate,South,Furniture,Chairs,HON 5400 Series Task Chairs for Big and Tall,1,0.1,892.31,111.44
CA-2024-001796,2024-02-05,2024-02-07,CU-1421,Home Office,East,Office Supplies,Binders,GBC DocuBind TL300 Electric Binding System,4,0.2,3195.62,362.9
CA-2024-001797,2024-09-02,2024-09-04,CU-1845,Corporate,West,Office Supplies,Storage,Fellowes Bankers Box Heavy-Duty Storage Boxes,2,0.0,188.98,39.98
CA-2023-001798,2023-02-18,2023-02-20,CU-1959,Home Office,South,Office Supplies,Envelopes,Avery Self-Adhesive Address Labels,4,0.0,93.0,11.61
CA-2023-001799,2023-03-10,2023-03-12,CU-1366,Home Office,East,Technology,Machines,Zebra ZP 450 Thermal Label Printer,1,0.0,483.07,99.06
CA-2023-001800,2023-07-27,2023-07-30,CU-1209,Consumer,Central,Furniture,Bookcases,Sauder Camden County Barrister Bookcase,1,0.0,762.87,34.95
CA-2023-001801,2023-03-22,2023-03-27,CU-1685,Corporate,East,Technology,Accessories,Logitech G910 Mechanical Keyboard,1,0.0,262.14,56.33
CA-2024-001802,2024-04-23,2024-04-27,CU-1912,Home Office,South,Office Supplies,Art,Newell 312 Mechanical Pencil,5,0.0,45.34,-3.68
CA-2023-001803,2023-11-11,2023-11-14,CU-1884,Corporate,South,Office Supplies,Envelopes,Avery Self-Adhesive Address Labels,2,0.0,44.93,-6.65
CA-2024-001804,2024-06-06,2024-06-07,CU-1209,Home Office,South,Technology,Machines,HP LaserJet Pro M404n Printer,1,0.0,449.99,74.62
CA-2023-001805,2023-04-15,2023-04-19,CU-1683,Home Office,East,Office Supplies,Appliances,Hoover Commercial Lightweight Vacuum,1,0.0,469.5,80.94
CA-2023-001806,2023-07-11,2023-07-12,CU-1549,Consumer,Central,Office Supplies,Binders,Fellowes PB500 Electric Punch Plastic Comb Binding Machine with Manual Bind,1,0.0,1327.19,341.95
CA-2024-001807,2024-10-05,2024-10-07,CU-1849,Corporate,West,Furniture,Tables,Bretford Rectangular Conference Table,4,0.0,7180.59,602.33
CA-2023-001808,2023-08-28,2023-09-04,CU-1868,Home Office,East,Office Supplies,Paper,Hammermill Copy Plus Paper,3,0.2,99.94,5.11
CA-2024-001809,2024-07-10,2024-07-16,CU-1756,Consumer,West,Technology,Machines,HP LaserJet Pro M404n Printer,1,0.0,418.86,74.94
CA-2024-001810,2024-12-20,2024-12-25,CU-1489,Home Office,Central,Office Supplies,Art,Newell 312 Mechanical Pencil,2,0.0,20.66,-15.22
CA-2024-001811,2024-02-17,2024-02-24,CU-1811,Consumer,South,Furniture,Bookcases,Sauder Camden County Barrister Bookcase,1,0.0,744.25,14.61
CA-2023-001812,2023-01-03,2023-01-07,CU-1335,Home Office,East,Office Supplies,Art,Newell 312 Mechanical Pencil,1,0.15,7.69,-21.04
CA-2023-001813,2023-03-30,2023-04-03,CU-1959,Consumer,South,Office Supplies,Labels,"Avery 5"" x 8"" Label",2,0.0,34.41,-7.41
CA-2024-001814,2024-02-19,2024-02-24,CU-1584,Consumer,South,Technology,Accessories,Logitech MX Master Wireless Mouse,1,0.1,157.6,8.54
CA-2024-001815,2024-08-04,2024-08-08,CU-1698,Corporate,East,Office Supplies,Storage,Tennsco Industrial Steel Shelving,2,0.2,572.94,57.89
CA-2024-001816,2024-03-16,2024-03-21,CU-1913,Consumer,South,Office Supplies,Fasteners,OIC Heavy-Duty Binder Clips,1,0.0,6.07,-21.02
CA-2023-001817,2023-02-04,2023-02-09,CU-1733,Home Office,South,Office Supplies,Labels,"Avery 5"" x 8"" Label",1,0.15,14.89,-18.42
CA-2024-001818,2024-06-03,2024-06-06,CU-1566,Home Office,Central,Office Supplies,Fasteners,OIC Heavy-Duty Binder Clips,1,0.1,6.35,-21.04
CA-2024-001819,2024-10-24,2024-10-25,CU-1934,Consumer,West,Furniture,Furnishings,Eldon Image Series Desk Accessories,1,0.0,65.96,0.84
CA-2023-001820,2023-04-04,2023-04-07,CU-1552,Home Office,East,Furniture,Bookcases,Sauder Camden County Barrister Bookcase,1,0.0,702.27,31.03
CA-2023-001821,2023-01-27,2023-02-01,CU-1679,Corporate,West,Office Supplies,Paper,Hammermill Copy Plus Paper,1,0.0,42.19,-7.12
CA-2024-001822,2024-09-17,2024-09-22,CU-1509,Home Office,East,Office Supplies,Art,Newell 312 Mechanical Pencil,1,0.15,8.26,-20.95
CA-2023-001823,2023-05-13,2023-05-16,CU-1325,Home Office,Central,Office Supplies,Art,Newell 312 Mechanical Pencil,1,0.3,6.17,-22.15
CA-2024-001824,2024-02-13,2024-02-19,CU-1030,Home Office,South,Technology,Machines,Zebra ZP 450 Thermal Label Printer,2,0.0,951.25,167.82
CA-2024-001825,2024-02-04,2024-02-08,CU-1171,Corporate,East,Office Supplies,Supplies,Stanley Bostitch Heavy-Duty Stapler,1,0.0,51.5,-7.73
CA-2023-001826,2023-12-17,2023-12-24,CU-1200,Consumer,South,Office Supplies,Paper,Xerox Premium Multipurpose Paper,1,0.2,40.56,-12.24
CA-2024-001827,2024-09-18,2024-09-21,CU-1867,Corporate,West,Technology,Machines,Zebra ZP 450 Thermal Label Printer,1,0.2,427.05,27.0
CA-2023-001828,2023-08-16,2023-08-23,CU-1414,Consumer,South,Office Supplies,Storage,Tennsco Industrial Steel Shelving,1,0.2,287.23,7.2
CA-2023-001829,2023-03-23,2023-03-29,CU-1494,Consumer,South,Office Supplies,Labels,"Avery 5"" x 8"" Label",1,0.0,17.21,-15.64
CA-2024-001830,2024-02-03,2024-02-05,CU-1351,Home Office,South,Office Supplies,Storage,Tennsco Industrial Steel Shelving,1,0.2,269.49,18.03
CA-2023-001831,2023-04-15,2023-04-17,CU-1026,Home Office,West,Furniture,Furnishings,DAX Two-Tone Rosewood/Black Document Frame,4,0.0,171.62,25.8
CA-2024-001832,2024-06-15,2024-06-18,CU-1499,Home Office,South,Office Supplies,Storage,Tennsco Industrial Steel Shelving,4,0.1,1165.86,192.54
CA-2023-001833,2023-09-25,2023-09-27,CU-1844,Home Office,Central,Technology,Copiers,Canon imageCLASS 2200 Advanced Copier,1,0.1,2127.99,553.87
CA-2023-001834,2023-04-26,2023-04-30,CU-1241,Corporate,Central,Office Supplies,Envelopes,Avery Self-Adhesive Address Labels,1,0.0,23.47,-14.34
CA-2023-001835,2023-03-30,2023-04-06,CU-1847,Corporate,East,Office Supplies,Paper,Xerox Premium Multipurpose Paper,1,0.0,49.79,-5.54
CA-2023-001836,2023-04-20,2023-04-22,CU-1866,Home Office,Central,Office Supplies,Supplies,Stanley Bostitch Heavy-Duty Stapler,1,0.2,47.44,-15.44
CA-2023-001837,2023-09-01,2023-09-08,CU-1866,Consumer,Central,Office Supplies,Paper,Hammermill Copy Plus Paper,3,0.0,134.22,24.6
CA-2023-001838,2023-10-18,2023-10-25,CU-1970,Consumer,West,Technology,Accessories,SanDisk Ultra 64GB USB Flash Drive,1,0.0,32.24,-13.27
CA-2024-001839,2024-07-28,2024-07-29,CU-1240,Home Office,South,Office Supplies,Fasteners,OIC Heavy-Duty Binder Clips,3,0.15,15.46,-17.72
CA-2024-001840,2024-02-16,2024-02-18,CU-1426,Consumer,South,Furniture,Furnishings,DAX Two-Tone Rosewood/Black Document Frame,4,0.1,159.82,17.99
CA-2024-001841,2024-08-20,2024-08-25,CU-1141,Corporate,South,Office Supplies,Paper,Hammermill Copy Plus Paper,2,0.0,79.46,8.62
CA-2024-001842,2024-06-06,2024-06-09,CU-1432,Corporate,South,Technology,Machines,HP LaserJet Pro M404n Printer,3,0.0,1269.78,304.52
CA-2024-001843,2024-12-30,2025-01-06,CU-1990,Consumer,West,Office Supplies,Fasteners,OIC Heavy-Duty Binder Clips,1,0.0,7.19,-20.06
CA-2023-001844,2023-12-07,2023-12-08,CU-1381,Home Office,East,Technology,Accessories,Logitech MX Master Wireless Mouse,3,0.2,358.13,49.22
CA-2024-001845,2024-08-23,2024-08-29,CU-1846,Consumer,South,Furniture,Furnishings,DAX Two-Tone Rosewood/Black Document Frame,1,0.0,42.41,-10.06
CA-2023-001846,2023-11-21,2023-11-22,CU-1435,Home Office,East,Furniture,Chairs,Global Deluxe High-Back Manager's Chair,1,0.0,622.7,82.39
CA-2024-001847,2024-11-29,2024-11-30,CU-1634,Home Office,West,Furniture,Furnishings,Eldon Image Series Desk Accessories,1,0.0,67.85,-0.76
CA-2023-001848,2023-05-28,2023-06-01,CU-1807,Corporate,South,Office Supplies,Storage,Tennsco Industrial Steel Shelving,2,0.2,559.34,72.27
CA-2024-001849,2024-10-20,2024-10-24,CU-1171,Corporate,South,Technology,Accessories,Logitech MX Master Wireless Mouse,1,0.0,162.89,28.09
CA-2023-001850,2023-08-03,2023-08-04,CU-1754,Consumer,East,Office Supplies,Art,Newell 312 Mechanical Pencil,3,0.0,29.03,-10.1
CA-2023-001851,2023-03-06,2023-03-08,CU-1094,Consumer,West,Technology,Machines,Zebra ZP 450 Thermal Label Printer,1,0.15,400.77,21.95
CA-2023-001852,2023-01-09,2023-01-10,CU-1353,Consumer,East,Office Supplies,Art,Newell 312 Mechanical Pencil,1,0.0,9.1,-19.75
CA-2024-001853,2024-04-27,2024-05-01,CU-1491,Corporate,South,Office Supplies,Art,Newell 312 Mechanical Pencil,1,0.0,10.09,-19.02
CA-2023-001854,2023-09-24,2023-09-30,CU-1584,Consumer,South,Technology,Machines,HP LaserJet Pro M404n Printer,2,0.0,773.35,140.35
CA-2023-001855,2023-05-26,2023-05-31,CU-1673,Home Office,East,Technology,Phones,Polycom CX600 IP Phone,3,0.15,1099.94,64.75
CA-2023-001856,2023-04-15,2023-04-19,CU-1179,Consumer,West,Office Supplies,Binders,GBC DocuBind TL300 Electric Binding System,3,0.1,2804.54,457.47
CA-2024-001857,2024-12-04,2024-12-06,CU-1989,Consumer,Central,Technology,Machines,Zebra ZP 450 Thermal Label Printer,2,0.1,1001.04,148.73
CA-2023-001858,2023-11-30,2023-12-02,CU-1902,Consumer,Central,Technology,Accessories,Logitech G910 Mechanical Keyboard,2,0.1,488.3,92.96
CA-2024-001859,2024-03-13,2024-03-20,CU-1147,Consumer,East,Office Supplies,Storage,Fellowes Bankers Box Heavy-Duty Storage Boxes,3,0.0,256.51,59.28
CA-2023-001860,2023-11-29,2023-12-05,CU-1327,Home Office,South,Office Supplies,Paper,Xerox Premium Multipurpose Paper,4,0.15,186.89,34.64
CA-2023-001861,2023-10-01,2023-10-05,CU-1165,Corporate,South,Technology,Accessories,Logitech MX Master Wireless Mouse,2,0.0,339.02,77.63
CA-2023-001862,2023-09-11,2023-09-12,CU-1625,Home Office,Central,Office Supplies,Envelopes,Avery Self-Adhesive Address Labels,1,0.0,23.38,-13.55
CA-2023-001863,2023-07-04,2023-07-08,CU-1450,Consumer,East,Office Supplies,Envelopes,Avery Self-Adhesive Address Labels,3,0.1,54.51,-3.96
CA-2023-001864,2023-02-26,2023-03-01,CU-1115,Consumer,West,Furniture,Bookcases,Bush Westfield Collection Bookcase,3,0.0,1691.73,178.81
CA-2024-001865,2024-12-25,2025-01-01,CU-1152,Consumer,Central,Office Supplies,Storage,Fellowes Bankers Box Heavy-Duty Storage Boxes,2,0.1,171.3,17.13
CA-2023-001866,2023-05-18,2023-05-25,CU-1038,Consumer,South,Office Supplies,Paper,Xerox Premium Multipurpose Paper,2,0.1,85.66,3.1
CA-2024-001867,2024-07-21,2024-07-25,CU-1582,Corporate,South,Office Supplies,Fasteners,OIC Heavy-Duty Binder Clips,4,0.2,21.33,-15.77
CA-2024-001868,2024-12-01,2024-12-03,CU-1242,Home Office,West,Office Supplies,Labels,"Avery 5"" x 8"" Label",2,0.2,29.2,-14.88
CA-2023-001869,2023-03-04,2023-03-11,CU-1284,Corporate,East,Technology,Accessories,Belkin 8-Outlet Surge Protector,2,0.3,119.16,-14.81
CA-2024-001870,2024-02-02,2024-02-08,CU-1355,Consumer,East,Office Supplies,Binders,GBC Ibimaster 500 Manual ProClick Binding System,2,0.15,1336.75,118.9
CA-2024-001871,2024-08-07,2024-08-14,CU-1964,Home Office,South,Technology,Phones,Polycom CX600 IP Phone,2,0.1,700.23,84.05
CA-2024-001872,2024-11-10,2024-11-11,CU-1058,Home Office,East,Technology,Phones,Polycom CX600 IP Phone,1,0.0,440.63,55.83
CA-2023-001873,2023-01-06,2023-01-11,CU-1990,Consumer,East,Office Supplies,Paper,Hammermill Copy Plus Paper,1,0.0,42.04,-9.28
CA-2024-001874,2024-02-12,2024-02-13,CU-1946,Home Office,West,Office Supplies,Fasteners,OIC Heavy-Duty Binder Clips,2,0.0,12.47,-17.28
CA-2024-001875,2024-02-24,2024-02-28,CU-1118,Consumer,West,Office Supplies,Supplies,Stanley Bostitch Heavy-Duty Stapler,1,0.0,58.84,-5.42
CA-2024-001876,2024-02-17,2024-02-18,CU-1740,Corporate,West,Technology,Accessories,Logitech MX Master Wireless Mouse,1,0.0,168.87,26.05
CA-2023-001877,2023-09-12,2023-09-14,CU-1389,Corporate,East,Furniture,Bookcases,Sauder Camden County Barrister Bookcase,2,0.0,1365.65,51.77
CA-2024-001878,2024-07-03,2024-07-04,CU-1106,Consumer,South,Office Supplies,Fasteners,OIC Heavy-Duty Binder Clips,1,0.2,5.62,-21.64
CA-2023-001879,2023-06-30,2023-07-01,CU-1944,Corporate,Central,Technology,Phones,Polycom CX600 IP Phone,1,0.1,365.2,20.66
CA-2024-001880,2024-08-13,2024-08-19,CU-1842,Home Office,East,Office Supplies,Storage,Fellowes Bankers Box Heavy-Duty Storage Boxes,1,0.1,77.98,-6.62
CA-2024-001881,2024-12-18,2024-12-25,CU-1759,Home Office,Central,Office Supplies,Paper,Xerox Premium Multipurpose Paper,4,0.1,197.34,36.35
CA-2023-001882,2023-08-08,2023-08-14,CU-1017,Consumer,East,Office Supplies,Fasteners,OIC Heavy-Duty Binder Clips,2,0.0,13.76,-17.02
CA-2024-001883,2024-04-09,2024-04-10,CU-1396,Corporate,East,Technology,Accessories,Logitech MX Master Wireless Mouse,1,0.2,131.12,0.12
CA-2023-001884,2023-08-06,2023-08-13,CU-1493,Consumer,West,Office Supplies,Binders,Fellowes PB500 Electric Punch Plastic Comb Binding Machine with Manual Bind,4,0.2,4464.51,387.07
CA-2023-001885,2023-05-07,2023-05-10,CU-1634,Consumer,West,Office Supplies,Fasteners,OIC Heavy-Duty Binder Clips,1,0.1,5.75,-21.52
CA-2023-001886,2023-03-29,2023-04-02,CU-1543,Home Office,Central,Office Supplies,Paper,Hammermill Copy Plus Paper,2,0.0,77.25,7.69
CA-2023-001887,2023-12-17,2023-12-20,CU-1227,Home Office,South,Furniture,Tables,Bretford Rectangular Conference Table,3,0.15,4667.76,75.84
CA-2023-001888,2023-02-03,2023-02-05,CU-1577,Home Office,West,Office Supplies,Binders,GBC DocuBind TL300 Electric Binding System,1,0.0,1029.27,240.15
CA-2024-001889,2024-01-13,2024-01-17,CU-1356,Corporate,South,Furniture,Furnishings,DAX Two-Tone Rosewood/Black Document Frame,1,0.0,40.93,-11.04
CA-2024-001890,2024-03-11,2024-03-18,CU-1257,Corporate,West,Technology,Accessories,Logitech G910 Mechanical Keyboard,1,0.0,247.19,51.99
CA-2023-001891,2023-01-03,2023-01-04,CU-1212,Consumer,West,Furniture,Chairs,HON 5400 Series Task Chairs for Big and Tall,1,0.0,1086.05,138.81
CA-2024-001892,2024-07-21,2024-07-23,CU-1528,Consumer,Central,Technology,Phones,Polycom CX600 IP Phone,1,0.15,325.8,-3.37
CA-2024-001893,2024-06-13,2024-06-14,CU-1737,Consumer,South,Technology,Accessories,Belkin 8-Outlet Surge Protector,2,0.0,152.26,13.03
CA-2024-001894,2024-12-22,2024-12-23,CU-1473,Home Office,East,Office Supplies,Appliances,Hoover Commercial Lightweight Vacuum,1,0.0,468.63,60.34
CA-2023-001895,2023-12-07,2023-12-08,CU-1503,Corporate,East,Office Supplies,Storage,Tennsco Industrial Steel Shelving,3,0.0,1152.41,317.59
CA-2024-001896,2024-02-15,2024-02-17,CU-1880,Home Office,South,Technology,Accessories,Logitech MX Master Wireless Mouse,1,0.0,160.57,22.35
CA-2024-001897,2024-04-02,2024-04-06,CU-1341,Consumer,East,Office Supplies,Labels,"Avery 5"" x 8"" Label",2,0.0,33.57,-8.96
CA-2024-001898,2024-09-13,2024-09-17,CU-1910,Corporate,West,Technology,Accessories,Logitech G910 Mechanical Keyboard,3,0.2,685.98,104.44
CA-2023-001899,2023-06-02,2023-06-03,CU-1019,Consumer,Central,Office Supplies,Paper,Xerox Premium Multipurpose Paper,1,0.0,48.36,-3.18
CA-2023-001900,2023-09-30,2023-10-04,CU-1069,Consumer,Central,Office Supplies,Paper,Hammermill Copy Plus Paper,1,0.3,29.6,-19.09
CA-2024-001901,2024-04-02,2024-04-07,CU-1268,Home Office,East,Office Supplies,Art,Newell 312 Mechanical Pencil,1,0.2,7.05,-21.42
CA-2024-001902,2024-07-10,2024-07-17,CU-1646,Home Office,South,Office Supplies,Storage,Tennsco Industrial Steel Shelving,1,0.1,333.63,52.4
CA-2024-001903,2024-08-10,2024-08-11,CU-1261,Home Office,Central,Office Supplies,Storage,Fellowes Bankers Box Heavy-Duty Storage Boxes,2,0.1,154.3,12.18
CA-2024-001904,2024-08-26,2024-08-29,CU-1541,Corporate,East,Office Supplies,Fasteners,OIC Heavy-Duty Binder Clips,2,0.0,14.27,-16.43
CA-2024-001905,2024-10-25,2024-10-26,CU-1569,Home Office,South,Technology,Machines,Zebra ZP 450 Thermal Label Printer,2,0.1,982.44,124.05
CA-2023-001906,2023-04-15,2023-04-19,CU-1496,Corporate,South,Furniture,Tables,Hon Every-Day Round Conference Table,4,0.0,5597.05,738.45
CA-2023-001907,2023-09-12,2023-09-14,CU-1527,Home Office,South,Technology,Accessories,Belkin 8-Outlet Surge Protector,2,0.0,154.09,21.59
CA-2024-001908,2024-08-19,2024-08-24,CU-1932,Corporate,East,Furniture,Tables,Hon Every-Day Round Conference Table,5,0.0,6408.33,725.36
CA-2024-001909,2024-03-17,2024-03-24,CU-1839,Home Office,East,Technology,Machines,HP LaserJet Pro M404n Printer,2,0.0,822.22,174.46
CA-2023-001910,2023-04-19,2023-04-20,CU-1676,Home Office,South,Office Supplies,Paper,Hammermill Copy Plus Paper,3,0.1,114.82,14.06
CA-2023-001911,2023-04-08,2023-04-15,CU-1700,Home Office,West,Furniture,Bookcases,Sauder Camden County Barrister Bookcase,4,0.2,2389.42,-170.09
CA-2023-001912,2023-05-31,2023-06-01,CU-1601,Corporate,Central,Office Supplies,Binders,GBC Ibimaster 500 Manual ProClick Binding System,1,0.0,860.95,148.55
CA-2023-001913,2023-03-14,2023-03-19,CU-1462,Corporate,East,Furniture,Bookcases,Sauder Camden County Barrister Bookcase,3,0.0,1989.57,176.32
CA-2024-001914,2024-08-07,2024-08-11,CU-1026,Corporate,Central,Technology,Machines,HP LaserJet Pro M404n Printer,1,0.2,333.13,4.4
CA-2024-001915,2024-03-04,2024-03-08,CU-1576,Consumer,South,Office Supplies,Storage,Fellowes Bankers Box Heavy-Duty Storage Boxes,2,0.15,142.04,5.24
CA-2024-001916,2024-09-01,2024-09-05,CU-1690,Home Office,South,Technology,Phones,Polycom CX600 IP Phone,2,0.0,776.61,140.19
CA-2023-001917,2023-06-19,2023-06-24,CU-1592,Home Office,West,Office Supplies,Fasteners,OIC Heavy-Duty Binder Clips,2,0.0,13.2,-17.02
CA-2024-001918,2024-11-11,2024-11-17,CU-1809,Consumer,West,Furniture,Chairs,HON 5400 Series Task Chairs for Big and Tall,1,0.0,1073.13,148.55
CA-2023-001919,2023-04-26,2023-04-29,CU-1690,Home Office,East,Office Supplies,Paper,Hammermill Copy Plus Paper,1,0.1,35.55,-12.56
CA-2023-001920,2023-12-08,2023-12-14,CU-1674,Home Office,West,Office Supplies,Paper,Xerox Premium Multipurpose Paper,1,0.2,41.95,-10.93
CA-2023-001921,2023-07-06,2023-07-09,CU-1624,Corporate,West,Office Supplies,Fasteners,OIC Heavy-Duty Binder Clips,3,0.2,16.52,-17.89
CA-2024-001922,2024-07-13,2024-07-15,CU-1155,Consumer,West,Office Supplies,Supplies,Stanley Bostitch Heavy-Duty Stapler,4,0.0,215.11,40.84
CA-2023-001923,2023-01-12,2023-01-14,CU-1778,Consumer,West,Office Supplies,Envelopes,Avery Self-Adhesive Address Labels,1,0.0,24.05,-14.06
CA-2023-001924,2023-10-09,2023-10-14,CU-1272,Home Office,West,Office Supplies,Art,Newell 312 Mechanical Pencil,1,0.3,7.27,-21.77
CA-2024-001925,2024-06-29,2024-07-05,CU-1491,Consumer,West,Office Supplies,Art,Newell 312 Mechanical Pencil,2,0.2,14.37,-19.43
CA-2024-001926,2024-09-08,2024-09-13,CU-1849,Consumer,East,Office Supplies,Binders,GBC Ibimaster 500 Manual ProClick Binding System,1,0.15,639.88,24.69
CA-2024-001927,2024-01-02,2024-01-08,CU-1731,Corporate,Central,Office Supplies,Supplies,Stanley Bostitch Heavy-Duty Stapler,2,0.15,103.88,1.03
CA-2023-001928,2023-08-27,2023-08-29,CU-1940,Corporate,South,Office Supplies,Appliances,Hoover Commercial Lightweight Vacuum,1,0.0,446.2,56.37
CA-2024-001929,2024-07-23,2024-07-28,CU-1928,Corporate,South,Technology,Phones,Polycom CX600 IP Phone,1,0.15,321.55,-3.55
CA-2024-001930,2024-05-22,2024-05-24,CU-1713,Corporate,South,Furniture,Furnishings,Eldon Image Series Desk Accessories,2,0.0,136.47,27.95
CA-2023-001931,2023-01-29,2023-02-05,CU-1933,Home Office,Central,Office Supplies,Envelopes,Avery Self-Adhesive Address Labels,1,0.0,23.16,-14.2
CA-2024-001932,2024-06-12,2024-06-14,CU-1554,Home Office,Central,Office Supplies,Labels,"Avery 5"" x 8"" Label",2,0.1,32.17,-12.85
CA-2024-001933,2024-02-15,2024-02-19,CU-1868,Consumer,East,Technology,Accessories,Belkin 8-Outlet Surge Protector,1,0.0,80.39,-1.94
CA-2023-001934,2023-12-01,2023-12-06,CU-1679,Home Office,East,Technology,Machines,Zebra ZP 450 Thermal Label Printer,1,0.0,495.26,81.99
CA-2024-001935,2024-12-16,2024-12-21,CU-1319,Home Office,Central,Office Supplies,Paper,Xerox Premium Multipurpose Paper,2,0.0,111.31,19.57
CA-2023-001936,2023-12-02,2023-12-05,CU-1138,Home Office,East,Office Supplies,Envelopes,Avery Self-Adhesive Address Labels,5,0.15,86.59,2.08
CA-2023-001937,2023-03-01,2023-03-08,CU-1711,Consumer,South,Office Supplies,Labels,"Avery 5"" x 8"" Label",1,0.0,18.35,-15.99
CA-2023-001938,2023-04-27,2023-04-28,CU-1770,Home Office,West,Office Supplies,Appliances,Hoover Commercial Lightweight Vacuum,1,0.1,404.65,35.87
CA-2023-001939,2023-08-01,2023-08-05,CU-1266,Corporate,South,Office Supplies,Storage,Fellowes Bankers Box Heavy-Duty Storage Boxes,1,0.1,74.43,-4.46
CA-2024-001940,2024-09-05,2024-09-06,CU-1826,Consumer,South,Office Supplies,Paper,Xerox Premium Multipurpose Paper,1,0.0,53.12,-2.34
CA-2024-001941,2024-06-27,2024-07-02,CU-1280,Home Office,West,Furniture,Bookcases,Bush Westfield Collection Bookcase,1,0.2,488.87,-16.75
CA-2024-001942,2024-03-17,2024-03-21,CU-1953,Corporate,South,Office Supplies,Paper,Hammermill Copy Plus Paper,1,0.0,38.87,-8.13
CA-2024-001943,2024-03-09,2024-03-16,CU-1801,Corporate,South,Office Supplies,Paper,Xerox Premium Multipurpose Paper,2,0.0,110.62,20.99
CA-2023-001944,2023-08-15,2023-08-17,CU-1378,Corporate,West,Technology,Accessories,SanDisk Ultra 64GB USB Flash Drive,3,0.0,91.05,7.86
CA-2024-001945,2024-01-26,2024-02-02,CU-1111,Corporate,South,Technology,Accessories,Logitech MX Master Wireless Mouse,2,0.15,268.13,27.9
CA-2024-001946,2024-09-10,2024-09-15,CU-1876,Consumer,Central,Office Supplies,Storage,Fellowes Bankers Box Heavy-Duty Storage Boxes,4,0.0,381.73,95.98
CA-2023-001947,2023-06-29,2023-07-01,CU-1710,Home Office,West,Furniture,Furnishings,Eldon Image Series Desk Accessories,4,0.15,223.07,40.92
CA-2023-001948,2023-11-15,2023-11-19,CU-1287,Home Office,Central,Technology,Accessories,Logitech MX Master Wireless Mouse,1,0.0,148.78,15.74
CA-2023-001949,2023-04-05,2023-04-08,CU-1654,Corporate,Central,Furniture,Tables,Hon Every-Day Round Conference Table,3,0.15,3419.08,91.51
CA-2023-001950,2023-01-07,2023-01-14,CU-1492,Home Office,West,Furniture,Tables,Hon Every-Day Round Conference Table,1,0.0,1425.24,173.59
CA-2024-001951,2024-07-26,2024-07-28,CU-1953,Consumer,South,Technology,Machines,Zebra ZP 450 Thermal Label Printer,1,0.1,496.93,49.98
CA-2024-001952,2024-04-01,2024-04-03,CU-1077,Consumer,Central,Technology,Machines,HP LaserJet Pro M404n Printer,1,0.0,388.77,79.11
CA-2023-001953,2023-06-18,2023-06-19,CU-1440,Corporate,West,Technology,Machines,Zebra ZP 450 Thermal Label Printer,1,0.1,497.09,49.37
CA-2024-001954,2024-06-29,2024-06-30,CU-1970,Home Office,East,Office Supplies,Paper,Hammermill Copy Plus Paper,1,0.15,33.08,-13.03
CA-2023-001955,2023-11-14,2023-11-16,CU-1370,Corporate,Central,Technology,Accessories,Logitech MX Master Wireless Mouse,2,0.15,276.35,42.51
CA-2023-001956,2023-02-02,2023-02-08,CU-1757,Consumer,East,Office Supplies,Storage,Tennsco Industrial Steel Shelving,1,0.1,306.79,36.66
CA-2023-001957,2023-03-20,2023-03-21,CU-1550,Home Office,West,Technology,Accessories,Logitech MX Master Wireless Mouse,1,0.2,141.19,-0.9
CA-2024-001958,2024-11-29,2024-12-04,CU-1211,Consumer,South,Office Supplies,Supplies,Stanley Bostitch Heavy-Duty Stapler,5,0.0,300.67,63.86
CA-2024-001959,2024-10-22,2024-10-28,CU-1551,Corporate,East,Office Supplies,Labels,"Avery 5"" x 8"" Label",1,0.0,16.74,-16.08
CA-2023-001960,2023-03-16,2023-03-20,CU-1802,Corporate,East,Office Supplies,Paper,Xerox Premium Multipurpose Paper,1,0.0,54.47,-3.99
CA-2023-001961,2023-02-12,2023-02-15,CU-1235,Corporate,East,Office Supplies,Storage,Fellowes Bankers Box Heavy-Duty Storage Boxes,2,0.0,180.66,38.15
CA-2023-001962,2023-10-01,2023-10-06,CU-1942,Home Office,Central,Furniture,Furnishings,DAX Two-Tone Rosewood/Black Document Frame,1,0.0,39.92,-13.39
CA-2024-001963,2024-06-11,2024-06-12,CU-1862,Corporate,South,Office Supplies,Labels,"Avery 5"" x 8"" Label",1,0.0,17.05,-15.83
CA-2023-001964,2023-06-26,2023-06-29,CU-1845,Home Office,East,Furniture,Bookcases,Bush Westfield Collection Bookcase,3,0.2,1289.69,-31.38
CA-2024-001965,2024-07-01,2024-07-04,CU-1109,Consumer,South,Office Supplies,Labels,"Avery 5"" x 8"" Label",1,0.1,15.81,-17.53
CA-2023-001966,2023-09-04,2023-09-10,CU-1895,Home Office,West,Office Supplies,Envelopes,Avery Self-Adhesive Address Labels,1,0.0,22.17,-14.3
CA-2024-001967,2024-09-29,2024-10-04,CU-1782,Home Office,Central,Office Supplies,Envelopes,Avery Self-Adhesive Address Labels,5,0.0,116.22,28.5
CA-2023-001968,2023-11-10,2023-11-13,CU-1697,Consumer,South,Office Supplies,Appliances,Hoover Commercial Lightweight Vacuum,2,0.15,746.81,78.55
CA-2024-001969,2024-01-21,2024-01-23,CU-1390,Home Office,South,Furniture,Chairs,HON 5400 Series Task Chairs for Big and Tall,1,0.1,946.72,108.47
CA-2023-001970,2023-06-29,2023-07-02,CU-1533,Consumer,East,Technology,Accessories,Logitech MX Master Wireless Mouse,1,0.1,139.07,8.92
CA-2024-001971,2024-08-04,2024-08-11,CU-1401,Consumer,East,Technology,Phones,Polycom CX600 IP Phone,5,0.3,1488.48,-23.89
CA-2023-001972,2023-06-26,2023-07-01,CU-1149,Consumer,Central,Furniture,Furnishings,DAX Two-Tone Rosewood/Black Document Frame,4,0.1,150.38,8.73
CA-2023-001973,2023-04-30,2023-05-01,CU-1472,Corporate,West,Technology,Machines,Zebra ZP 450 Thermal Label Printer,1,0.0,476.65,81.82
CA-2023-001974,2023-04-28,2023-04-29,CU-1821,Home Office,West,Furniture,Tables,Hon Every-Day Round Conference Table,1,0.1,1301.31,34.2
CA-2024-001975,2024-01-31,2024-02-01,CU-1295,Consumer,East,Office Supplies,Binders,Fellowes PB500 Electric Punch Plastic Comb Binding Machine with Manual Bind,1,0.0,1299.01,331.71
CA-2024-001976,2024-07-20,2024-07-23,CU-1048,Corporate,South,Furniture,Bookcases,Sauder Camden County Barrister Bookcase,2,0.1,1181.65,0.72
CA-2024-001977,2024-03-07,2024-03-14,CU-1887,Home Office,South,Office Supplies,Supplies,Stanley Bostitch Heavy-Duty Stapler,3,0.1,143.29,8.31
CA-2024-001978,2024-11-23,2024-11-30,CU-1769,Corporate,East,Technology,Phones,Polycom CX600 IP Phone,1,0.1,404.97,23.31
CA-2023-001979,2023-01-04,2023-01-07,CU-1854,Consumer,South,Technology,Accessories,Belkin 8-Outlet Surge Protector,1,0.0,84.74,-0.98
CA-2023-001980,2023-01-21,2023-01-27,CU-1075,Consumer,West,Furniture,Chairs,HON 5400 Series Task Chairs for Big and Tall,1,0.2,810.83,9.76
CA-2024-001981,2024-01-15,2024-01-18,CU-1288,Consumer,West,Furniture,Furnishings,DAX Two-Tone Rosewood/Black Document Frame,2,0.1,79.63,-1.96
CA-2024-001982,2024-07-08,2024-07-11,CU-1480,Consumer,Central,Technology,Phones,Polycom CX600 IP Phone,2,0.2,672.43,31.11
CA-2024-001983,2024-01-12,2024-01-19,CU-1386,Home Office,West,Office Supplies,Envelopes,Avery Self-Adhesive Address Labels,1,0.0,20.98,-14.98
CA-2023-001984,2023-06-13,2023-06-17,CU-1532,Home Office,Central,Office Supplies,Fasteners,OIC Heavy-Duty Binder Clips,2,0.0,13.38,-17.13
CA-2024-001985,2024-04-28,2024-05-03,CU-1379,Home Office,West,Technology,Machines,HP LaserJet Pro M404n Printer,2,0.0,843.91,169.48
CA-2023-001986,2023-07-04,2023-07-07,CU-1242,Consumer,Central,Office Supplies,Paper,Hammermill Copy Plus Paper,1,0.0,40.45,-7.89
CA-2023-001987,2023-03-31,2023-04-02,CU-1534,Home Office,East,Office Supplies,Paper,Hammermill Copy Plus Paper,2,0.3,57.42,-10.28
CA-2024-001988,2024-01-25,2024-01-26,CU-1585,Corporate,East,Furniture,Furnishings,Eldon Image Series Desk Accessories,1,0.15,59.12,-6.24
CA-2023-001989,2023-03-16,2023-03-23,CU-1467,Corporate,Central,Office Supplies,Paper,Hammermill Copy Plus Paper,1,0.0,44.72,-7.04
CA-2024-001990,2024-11-18,2024-11-24,CU-1689,Home Office,East,Technology,Accessories,Logitech MX Master Wireless Mouse,1,0.1,153.61,8.02
CA-2023-001991,2023-10-15,2023-10-16,CU-1144,Home Office,West,Office Supplies,Fasteners,OIC Heavy-Duty Binder Clips,2,0.2,10.51,-20.16
CA-2023-001992,2023-12-09,2023-12-14,CU-1270,Home Office,South,Office Supplies,Envelopes,Avery Self-Adhesive Address Labels,1,0.15,20.11,-16.59
CA-2023-001993,2023-09-30,2023-10-02,CU-1046,Corporate,West,Technology,Phones,Polycom CX600 IP Phone,2,0.1,727.47,82.81
CA-2024-001994,2024-06-01,2024-06-03,CU-1000,Home Office,Central,Technology,Copiers,Canon imageCLASS 2200 Advanced Copier,2,0.0,4722.48,1391.69
CA-2023-001995,2023-02-20,2023-02-21,CU-1054,Corporate,East,Office Supplies,Fasteners,OIC Heavy-Duty Binder Clips,1,0.1,5.82,-21.43
CA-2023-001996,2023-08-05,2023-08-12,CU-1573,Home Office,South,Technology,Accessories,Logitech MX Master Wireless Mouse,3,0.0,459.36,101.53
CA-2023-001997,2023-10-14,2023-10-15,CU-1164,Home Office,South,Office Supplies,Binders,GBC DocuBind TL300 Electric Binding System,1,0.1,927.47,125.74
CA-2024-001998,2024-04-08,2024-04-10,CU-1953,Corporate,Central,Technology,Phones,Polycom CX600 IP Phone,5,0.0,2230.33,385.11
CA-2024-001999,2024-05-08,2024-05-09,CU-1093,Consumer,South,Office Supplies,Binders,GBC DocuBind TL300 Electric Binding System,1,0.1,894.46,151.33
CA-2023-002000,2023-01-02,2023-01-07,CU-1322,Consumer,West,Technology,Accessories,Logitech G910 Mechanical Keyboard,1,0.15,245.34,25.8
CA-2023-002001,2023-03-24,2023-03-30,CU-1054,Home Office,East,Furniture,Furnishings,DAX Two-Tone Rosewood/Black Document Frame,2,0.0,87.37,4.38
CA-2023-002002,2023-07-24,2023-07-25,CU-1979,Corporate,South,Technology,Phones,Cisco TelePresence System EX90 Videoconferencing Unit,1,0.0,3141.35,482.43
CA-2024-002003,2024-12-18,2024-12-25,CU-1335,Home Office,South,Technology,Machines,HP LaserJet Pro M404n Printer,1,0.0,434.54,82.55
CA-2023-002004,2023-08-21,2023-08-28,CU-1218,Corporate,South,Office Supplies,Fasteners,OIC Heavy-Duty Binder Clips,2,0.0,13.09,-17.3
CA-2023-002005,2023-05-15,2023-05-20,CU-1982,Home Office,East,Furniture,Tables,Bretford Rectangular Conference Table,4,0.15,5932.65,145.88
CA-2024-002006,2024-04-30,2024-05-02,CU-1072,Consumer,South,Technology,Accessories,SanDisk Ultra 64GB USB Flash Drive,3,0.0,104.45,11.42
CA-2023-002007,2023-12-07,2023-12-08,CU-1070,Corporate,South,Technology,Accessories,Logitech MX Master Wireless Mouse,2,0.1,287.37,49.32
CA-2023-002008,2023-08-07,2023-08-14,CU-1345,Consumer,West,Technology,Accessories,SanDisk Ultra 64GB USB Flash Drive,1,0.0,34.03,-12.12
CA-2024-002009,2024-06-26,2024-06-27,CU-1198,Home Office,East,Office Supplies,Paper,Xerox Premium Multipurpose Paper,1,0.0,47.45,-5.17
CA-2023-002010,2023-09-15,2023-09-18,CU-1233,Corporate,South,Furniture,Bookcases,Sauder Camden County Barrister Bookcase,1,0.0,767.99,26.37
CA-2024-002011,2024-02-20,2024-02-22,CU-1721,Consumer,West,Office Supplies,Art,Newell 312 Mechanical Pencil,1,0.0,10.15,-18.98
CA-2024-002012,2024-01-04,2024-01-08,CU-1187,Home Office,Central,Office Supplies,Fasteners,OIC Heavy-Duty Binder Clips,1,0.0,6.52,-20.78
CA-2024-002013,2024-08-31,2024-09-01,CU-1716,Corporate,Central,Office Supplies,Art,Newell 312 Mechanical Pencil,1,0.15,7.59,-21.16
CA-2024-002014,2024-11-13,2024-11-18,CU-1519,Corporate,Central,Technology,Phones,Polycom CX600 IP Phone,1,0.2,360.11,-3.36
CA-2024-002015,2024-09-07,2024-09-13,CU-1055,Home Office,East,Office Supplies,Binders,Fellowes PB500 Electric Punch Plastic Comb Binding Machine with Manual Bind,1,0.0,1433.98,355.47
CA-2023-002016,2023-06-22,2023-06-28,CU-1954,Corporate,Central,Office Supplies,Binders,Fellowes PB500 Electric Punch Plastic Comb Binding Machine with Manual Bind,2,0.0,2532.24,673.5
CA-2024-002017,2024-11-29,2024-12-01,CU-1803,Home Office,South,Technology,Machines,HP LaserJet Pro M404n Printer,3,0.1,1053.28,199.5
CA-2023-002018,2023-03-02,2023-03-03,CU-1113,Corporate,East,Technology,Accessories,Logitech G910 Mechanical Keyboard,1,0.15,242.83,14.07
CA-2023-002019,2023-07-07,2023-07-10,CU-1632,Corporate,Central,Office Supplies,Storage,Tennsco Industrial Steel Shelving,2,0.1,610.68,104.77
CA-2024-002020,2024-03-24,2024-03-27,CU-1132,Corporate,Central,Furniture,Chairs,HON 5400 Series Task Chairs for Big and Tall,3,0.0,3069.88,452.86
CA-2023-002021,2023-12-29,2024-01-04,CU-1849,Consumer,Central,Office Supplies,Supplies,Stanley Bostitch Heavy-Duty Stapler,2,0.1,108.45,3.59
CA-2023-002022,2023-01-10,2023-01-14,CU-1208,Home Office,Central,Furniture,Furnishings,Eldon Image Series Desk Accessories,2,0.0,128.28,23.28
CA-2023-002023,2023-01-04,2023-01-07,CU-1715,Corporate,Central,Office Supplies,Storage,Fellowes Bankers Box Heavy-Duty Storage Boxes,4,0.2,279.95,32.25
CA-2023-002024,2023-03-15,2023-03-20,CU-1901,Home Office,East,Furniture,Furnishings,Eldon Image Series Desk Accessories,2,0.0,126.32,21.88
CA-2024-002025,2024-07-12,2024-07-15,CU-1046,Corporate,West,Office Supplies,Storage,Fellowes Bankers Box Heavy-Duty Storage Boxes,2,0.2,146.47,3.54
CA-2023-002026,2023-03-14,2023-03-15,CU-1407,Home Office,West,Office Supplies,Binders,GBC DocuBind TL300 Electric Binding System,4,0.1,3503.67,577.09
CA-2024-002027,2024-07-14,2024-07-15,CU-1916,Consumer,West,Office Supplies,Binders,GBC Ibimaster 500 Manual ProClick Binding System,1,0.0,777.93,149.02
CA-2024-002028,2024-05-27,2024-05-30,CU-1868,Corporate,South,Office Supplies,Labels,"Avery 5"" x 8"" Label",1,0.2,13.47,-19.91
CA-2024-002029,2024-08-17,2024-08-23,CU-1386,Consumer,South,Office Supplies,Storage,Tennsco Industrial Steel Shelving,1,0.0,323.04,59.87
CA-2023-002030,2023-12-02,2023-12-03,CU-1388,Corporate,South,Furniture,Chairs,Global Deluxe High-Back Manager's Chair,2,0.15,974.22,21.89
CA-2023-002031,2023-05-14,2023-05-18,CU-1191,Home Office,East,Technology,Accessories,Logitech G910 Mechanical Keyboard,1,0.0,250.85,37.54
CA-2023-002032,2023-08-13,2023-08-20,CU-1585,Consumer,West,Furniture,Chairs,Global Deluxe High-Back Manager's Chair,1,0.0,566.69,79.81
CA-2024-002033,2024-11-24,2024-11-25,CU-1522,Corporate,East,Office Supplies,Paper,Xerox Premium Multipurpose Paper,1,0.15,44.26,-8.7
CA-2023-002034,2023-01-15,2023-01-17,CU-1631,Consumer,South,Furniture,Furnishings,DAX Two-Tone Rosewood/Black Document Frame,1,0.0,40.94,-10.64
CA-2024-002035,2024-11-25,2024-11-28,CU-1569,Home Office,West,Office Supplies,Storage,Tennsco Industrial Steel Shelving,4,0.0,1482.03,420.25
CA-2023-002036,2023-11-28,2023-12-05,CU-1319,Consumer,West,Office Supplies,Envelopes,Avery Self-Adhesive Address Labels,1,0.0,23.09,-13.7
CA-2023-002037,2023-02-17,2023-02-19,CU-1905,Home Office,East,Office Supplies,Storage,Tennsco Industrial Steel Shelving,1,0.1,340.73,52.37
CA-2024-002038,2024-04-13,2024-04-16,CU-1711,Home Office,East,Office Supplies,Paper,Xerox Premium Multipurpose Paper,1,0.0,56.14,0.31
CA-2023-002039,2023-01-02,2023-01-06,CU-1006,Consumer,East,Technology,Accessories,Logitech MX Master Wireless Mouse,3,0.15,394.0,66.8
CA-2024-002040,2024-03-17,2024-03-23,CU-1361,Home Office,Central,Office Supplies,Storage,Tennsco Industrial Steel Shelving,1,0.15,313.39,21.13
CA-2024-002041,2024-06-18,2024-06-23,CU-1791,Consumer,West,Furniture,Tables,Hon Every-Day Round Conference Table,2,0.1,2554.94,64.77
CA-2023-002042,2023-08-05,2023-08-10,CU-1767,Corporate,West,Office Supplies,Paper,Xerox Premium Multipurpose Paper,2,0.0,105.02,16.54
CA-2023-002043,2023-06-21,2023-06-27,CU-1791,Corporate,East,Office Supplies,Labels,"Avery 5"" x 8"" Label",1,0.0,18.38,-15.44
CA-2024-002044,2024-05-05,2024-05-10,CU-1623,Consumer,West,Technology,Accessories,SanDisk Ultra 64GB USB Flash Drive,2,0.15,50.97,-10.22
CA-2023-002045,2023-06-26,2023-07-03,CU-1526,Consumer,East,Office Supplies,Art,Newell 312 Mechanical Pencil,1,0.2,8.17,-21.08
CA-2024-002046,2024-05-03,2024-05-05,CU-1948,Consumer,East,Technology,Copiers,Canon imageCLASS 2200 Advanced Copier,1,0.0,2134.19,552.76
CA-2024-002047,2024-11-09,2024-11-11,CU-1748,Consumer,Central,Office Supplies,Binders,GBC DocuBind TL300 Electric Binding System,1,0.0,1043.36,218.56
CA-2023-002048,2023-03-09,2023-03-13,CU-1689,Consumer,Central,Technology,Machines,HP LaserJet Pro M404n Printer,4,0.1,1544.54,278.97
CA-2023-002049,2023-05-11,2023-05-12,CU-1872,Consumer,East,Office Supplies,Fasteners,OIC Heavy-Duty Binder Clips,5,0.0,34.49,-7.62
CA-2024-002050,2024-03-25,2024-03-29,CU-1198,Consumer,East,Office Supplies,Paper,Xerox Premium Multipurpose Paper,4,0.1,172.93,33.15
CA-2024-002051,2024-05-30,2024-05-31,CU-1844,Consumer,South,Office Supplies,Paper,Hammermill Copy Plus Paper,3,0.0,121.76,17.54
CA-2024-002052,2024-09-01,2024-09-03,CU-1625,Home Office,East,Furniture,Bookcases,Sauder Camden County Barrister Bookcase,1,0.0,696.0,36.5
CA-2023-002053,2023-05-16,2023-05-23,CU-1904,Home Office,Central,Office Supplies,Binders,GBC Ibimaster 500 Manual ProClick Binding System,1,0.0,826.49,135.83
CA-2024-002054,2024-04-25,2024-04-28,CU-1543,Consumer,Central,Office Supplies,Paper,Xerox Premium Multipurpose Paper,2,0.15,82.53,3.34
CA-2023-002055,2023-01-30,2023-02-02,CU-1401,Consumer,East,Furniture,Bookcases,Bush Westfield Collection Bookcase,4,0.0,2155.19,255.44
CA-2024-002056,2024-08-04,2024-08-05,CU-1375,Corporate,South,Technology,Accessories,SanDisk Ultra 64GB USB Flash Drive,1,0.0,32.42,-13.51
CA-2024-002057,2024-03-03,2024-03-10,CU-1239,Home Office,West,Office Supplies,Storage,Tennsco Industrial Steel Shelving,1,0.2,302.61,7.36
CA-2023-002058,2023-06-06,2023-06-07,CU-1797,Corporate,South,Office Supplies,Envelopes,Avery Self-Adhesive Address Labels,3,0.0,61.25,2.24
CA-2024-002059,2024-11-02,2024-11-03,CU-1193,Home Office,East,Office Supplies,Paper,Hammermill Copy Plus Paper,1,0.3,29.9,-17.66
CA-2024-002060,2024-08-04,2024-08-08,CU-1866,Consumer,West,Office Supplies,Storage,Fellowes Bankers Box Heavy-Duty Storage Boxes,1,0.1,75.03,-6.24
CA-2023-002061,2023-05-18,2023-05-22,CU-1420,Home Office,East,Furniture,Furnishings,DAX Two-Tone Rosewood/Black Document Frame,1,0.0,38.75,-13.14
CA-2023-002062,2023-12-18,2023-12-24,CU-1525,Home Office,Central,Office Supplies,Art,Newell 312 Mechanical Pencil,1,0.1,8.03,-20.75
CA-2024-002063,2024-06-30,2024-07-06,CU-1952,Corporate,East,Office Supplies,Art,Newell 312 Mechanical Pencil,5,0.2,39.2,-10.2
CA-2024-002064,2024-10-16,2024-10-18,CU-1389,Corporate,East,Office Supplies,Supplies,Stanley Bostitch Heavy-Duty Stapler,3,0.1,155.79,14.38
CA-2023-002065,2023-07-25,2023-07-30,CU-1969,Corporate,East,Office Supplies,Storage,Fellowes Bankers Box Heavy-Duty Storage Boxes,1,0.0,95.97,10.58
CA-2024-002066,2024-01-10,2024-01-16,CU-1834,Consumer,East,Office Supplies,Binders,GBC DocuBind TL300 Electric Binding System,1,0.0,919.04,156.4
CA-2023-002067,2023-03-21,2023-03-22,CU-1736,Corporate,South,Office Supplies,Labels,"Avery 5"" x 8"" Label",1,0.1,15.95,-18.44
CA-2024-002068,2024-04-23,2024-04-30,CU-1464,Corporate,South,Office Supplies,Supplies,Stanley Bostitch Heavy-Duty Stapler,3,0.1,145.27,9.01
CA-2024-002069,2024-10-12,2024-10-15,CU-1877,Corporate,West,Office Supplies,Storage,Tennsco Industrial Steel Shelving,1,0.0,346.29,65.38
CA-2024-002070,2024-01-31,2024-02-06,CU-1287,Consumer,Central,Office Supplies,Envelopes,Avery Self-Adhesive Address Labels,1,0.3,14.3,-20.79
CA-2023-002071,2023-07-01,2023-07-04,CU-1858,Home Office,South,Furniture,Furnishings,Eldon Image Series Desk Accessories,1,0.1,54.57,-8.8
CA-2024-002072,2024-06-04,2024-06-05,CU-1380,Home Office,West,Technology,Accessories,Belkin 8-Outlet Surge Protector,1,0.0,76.05,-0.86
CA-2024-002073,2024-02-11,2024-02-14,CU-1282,Consumer,East,Technology,Accessories,Belkin 8-Outlet Surge Protector,1,0.15,65.84,-11.62
CA-2024-002074,2024-01-12,2024-01-19,CU-1292,Consumer,South,Office Supplies,Labels,"Avery 5"" x 8"" Label",5,0.0,86.8,17.32
CA-2024-002075,2024-10-28,2024-11-02,CU-1308,Corporate,South,Office Supplies,Envelopes,Avery Self-Adhesive Address Labels,1,0.2,19.11,-17.68
CA-2023-002076,2023-08-07,2023-08-13,CU-1106,Home Office,Central,Technology,Accessories,SanDisk Ultra 64GB USB Flash Drive,1,0.0,33.4,-13.32
CA-2023-002077,2023-01-31,2023-02-05,CU-1171,Consumer,Central,Office Supplies,Fasteners,OIC Heavy-Duty Binder Clips,2,0.0,13.36,-17.37
CA-2023-002078,2023-03-23,2023-03-26,CU-1214,Corporate,South,Office Supplies,Supplies,Stanley Bostitch Heavy-Duty Stapler,1,0.2,45.36,-16.39
CA-2023-002079,2023-06-30,2023-07-04,CU-1911,Home Office,West,Furniture,Furnishings,DAX Two-Tone Rosewood/Black Document Frame,1,0.0,39.64,-11.43
CA-2023-002080,2023-02-19,2023-02-20,CU-1025,Home Office,West,Office Supplies,Art,Newell 312 Mechanical Pencil,2,0.0,19.71,-14.52
CA-2023-002081,2023-12-16,2023-12-22,CU-1409,Home Office,South,Technology,Accessories,Belkin 8-Outlet Surge Protector,1,0.0,80.54,-0.85
CA-2024-002082,2024-02-21,2024-02-23,CU-1947,Home Office,South,Technology,Machines,Zebra ZP 450 Thermal Label Printer,1,0.0,476.55,93.43
CA-2023-002083,2023-06-06,2023-06-13,CU-1531,Home Office,Central,Office Supplies,Paper,Hammermill Copy Plus Paper,1,0.0,44.57,-7.57
CA-2023-002084,2023-02-07,2023-02-08,CU-1190,Corporate,West,Furniture,Bookcases,Sauder Camden County Barrister Bookcase,1,0.1,664.11,-33.69
CA-2024-002085,2024-11-09,2024-11-16,CU-1708,Consumer,East,Office Supplies,Storage,Tennsco Industrial Steel Shelving,1,0.0,341.89,77.79
CA-2024-002086,2024-02-12,2024-02-17,CU-1124,Consumer,West,Technology,Accessories,SanDisk Ultra 64GB USB Flash Drive,2,0.0,61.09,-6.61
CA-2024-002087,2024-09-29,2024-10-02,CU-1615,Home Office,East,Office Supplies,Paper,Xerox Premium Multipurpose Paper,1,0.15,41.4,-10.32
CA-2024-002088,2024-08-12,2024-08-18,CU-1630,Corporate,East,Office Supplies,Fasteners,OIC Heavy-Duty Binder Clips,1,0.0,6.2,-20.85
CA-2023-002089,2023-08-29,2023-08-31,CU-1194,Home Office,East,Technology,Accessories,Logitech G910 Mechanical Keyboard,2,0.15,447.3,68.23
CA-2023-002090,2023-01-02,2023-01-05,CU-1800,Corporate,East,Office Supplies,Paper,Xerox Premium Multipurpose Paper,1,0.1,49.79,-5.64
CA-2023-002091,2023-05-13,2023-05-15,CU-1929,Consumer,West,Office Supplies,Paper,Hammermill Copy Plus Paper,1,0.0,37.93,-9.79
CA-2023-002092,2023-02-16,2023-02-21,CU-1162,Consumer,West,Technology,Machines,Zebra ZP 450 Thermal Label Printer,2,0.15,819.35,83.0
CA-2023-002093,2023-02-09,2023-02-10,CU-1843,Home Office,East,Office Supplies,Binders,Fellowes PB500 Electric Punch Plastic Comb Binding Machine with Manual Bind,1,0.0,1294.64,335.53
CA-2024-002094,2024-07-25,2024-07-31,CU-1812,Home Office,West,Office Supplies,Envelopes,Avery Self-Adhesive Address Labels,4,0.1,86.35,7.14
CA-2024-002095,2024-12-25,2025-01-01,CU-1771,Corporate,East,Furniture,Furnishings,Eldon Image Series Desk Accessories,3,0.15,168.82,17.62
CA-2023-002096,2023-05-29,2023-05-31,CU-1165,Home Office,Central,Technology,Machines,HP LaserJet Pro M404n Printer,4,0.3,1257.43,15.5
CA-2024-002097,2024-10-11,2024-10-12,CU-1878,Home Office,East,Office Supplies,Supplies,Stanley Bostitch Heavy-Duty Stapler,1,0.3,38.21,-17.81
CA-2024-002098,2024-11-11,2024-11-17,CU-1187,Home Office,South,Office Supplies,Fasteners,OIC Heavy-Duty Binder Clips,1,0.1,5.82,-21.54
CA-2023-002099,2023-08-05,2023-08-08,CU-1490,Consumer,Central,Office Supplies,Fasteners,OIC Heavy-Duty Binder Clips,3,0.0,21.35,-12.72
CA-2024-002100,2024-10-25,2024-10-26,CU-1241,Consumer,West,Office Supplies,Art,Newell 312 Mechanical Pencil,1,0.1,8.63,-20.8
CA-2024-002101,2024-11-16,2024-11-19,CU-1152,Consumer,Central,Furniture,Bookcases,Bush Westfield Collection Bookcase,2,0.0,1046.81,106.89
CA-2023-002102,2023-08-14,2023-08-21,CU-1234,Home Office,West,Office Supplies,Paper,Xerox Premium Multipurpose Paper,1,0.0,54.31,-1.46
CA-2024-002103,2024-11-03,2024-11-06,CU-1257,Home Office,Central,Office Supplies,Paper,Xerox Premium Multipurpose Paper,1,0.0,51.47,-3.87
CA-2023-002104,2023-06-28,2023-07-04,CU-1579,Home Office,South,Office Supplies,Fasteners,OIC Heavy-Duty Binder Clips,1,0.0,6.9,-20.67
CA-2023-002105,2023-12-04,2023-12-08,CU-1216,Home Office,South,Furniture,Furnishings,Eldon Image Series Desk Accessories,2,0.1,121.25,10.06
CA-2024-002106,2024-04-06,2024-04-11,CU-1018,Corporate,East,Office Supplies,Art,Newell 312 Mechanical Pencil,3,0.0,30.36,-9.47
CA-2024-002107,2024-03-21,2024-03-23,CU-1677,Consumer,East,Office Supplies,Fasteners,OIC Heavy-Duty Binder Clips,1,0.15,5.64,-21.74
CA-2023-002108,2023-11-11,2023-11-12,CU-1413,Corporate,West,Office Supplies,Storage,Tennsco Industrial Steel Shelving,2,0.15,595.05,98.53
CA-2024-002109,2024-02-20,2024-02-21,CU-1495,Consumer,Central,Office Supplies,Envelopes,Avery Self-Adhesive Address Labels,1,0.0,20.84,-15.16
CA-2024-002110,2024-09-08,2024-09-15,CU-1347,Home Office,West,Technology,Machines,Zebra ZP 450 Thermal Label Printer,1,0.0,541.28,93.47
CA-2024-002111,2024-10-26,2024-10-31,CU-1585,Home Office,South,Office Supplies,Paper,Hammermill Copy Plus Paper,1,0.1,35.28,-12.24
CA-2023-002112,2023-07-27,2023-07-28,CU-1524,Home Office,South,Office Supplies,Envelopes,Avery Self-Adhesive Address Labels,2,0.0,42.8,-7.53
CA-2023-002113,2023-07-06,2023-07-08,CU-1793,Corporate,West,Technology,Accessories,Logitech MX Master Wireless Mouse,1,0.0,149.98,25.21
CA-2024-002114,2024-01-23,2024-01-26,CU-1728,Consumer,Central,Technology,Machines,HP LaserJet Pro M404n Printer,2,0.0,889.19,188.09
CA-2023-002115,2023-05-24,2023-05-28,CU-1508,Corporate,South,Office Supplies,Storage,Tennsco Industrial Steel Shelving,1,0.0,357.27,76.51
CA-2024-002116,2024-08-09,2024-08-13,CU-1394,Corporate,West,Office Supplies,Envelopes,Avery Self-Adhesive Address Labels,4,0.2,65.7,-2.51
CA-2024-002117,2024-12-08,2024-12-09,CU-1225,Corporate,East,Furniture,Tables,Bretford Rectangular Conference Table,1,0.0,1691.47,120.18
CA-2023-002118,2023-02-08,2023-02-13,CU-1451,Consumer,Central,Office Supplies,Supplies,Stanley Bostitch Heavy-Duty Stapler,5,0.1,257.78,47.53
CA-2024-002119,2024-10-12,2024-10-17,CU-1711,Corporate,West,Office Supplies,Fasteners,OIC Heavy-Duty Binder Clips,1,0.1,5.69,-21.52
CA-2023-002120,2023-01-09,2023-01-11,CU-1436,Corporate,East,Office Supplies,Paper,Xerox Premium Multipurpose Paper,1,0.0,51.34,-2.64
CA-2023-002121,2023-03-22,2023-03-29,CU-1781,Corporate,West,Office Supplies,Storage,Fellowes Bankers Box Heavy-Duty Storage Boxes,1,0.0,94.14,8.81
CA-2023-002122,2023-12-24,2023-12-27,CU-1922,Corporate,East,Office Supplies,Paper,Hammermill Copy Plus Paper,1,0.0,40.11,-9.41
CA-2023-002123,2023-11-11,2023-11-17,CU-1950,Home Office,East,Furniture,Tables,Bretford Rectangular Conference Table,1,0.2,1446.09,-64.89
CA-2024-002124,2024-09-14,2024-09-16,CU-1588,Corporate,West,Technology,Accessories,Belkin 8-Outlet Surge Protector,4,0.0,329.44,62.69
CA-2023-002125,2023-09-28,2023-09-29,CU-1048,Home Office,South,Office Supplies,Art,Newell 312 Mechanical Pencil,2,0.1,17.47,-17.57
CA-2024-002126,2024-05-27,2024-05-31,CU-1837,Home Office,South,Technology,Accessories,Logitech MX Master Wireless Mouse,2,0.1,277.75,44.46
CA-2023-002127,2023-04-13,2023-04-15,CU-1062,Home Office,East,Technology,Accessories,Logitech G910 Mechanical Keyboard,4,0.3,778.86,50.6
CA-2023-002128,2023-04-28,2023-05-05,CU-1197,Corporate,West,Office Supplies,Appliances,Hoover Commercial Lightweight Vacuum,1,0.0,506.23,78.1
CA-2024-002129,2024-01-15,2024-01-18,CU-1043,Corporate,South,Office Supplies,Appliances,Hoover Commercial Lightweight Vacuum,2,0.15,749.81,43.26
CA-2024-002130,2024-08-03,2024-08-07,CU-1055,Consumer,East,Technology,Accessories,Belkin 8-Outlet Surge Protector,1,0.0,84.46,-2.12
CA-2023-002131,2023-12-31,2024-01-01,CU-1885,Corporate,West,Technology,Accessories,Logitech MX Master Wireless Mouse,1,0.1,145.2,15.12
CA-2023-002132,2023-07-14,2023-07-17,CU-1440,Consumer,East,Office Supplies,Envelopes,Avery Self-Adhesive Address Labels,2,0.15,40.77,-10.26
CA-2023-002133,2023-03-12,2023-03-15,CU-1226,Consumer,Central,Office Supplies,Labels,"Avery 5"" x 8"" Label",2,0.0,36.69,-8.05
CA-2023-002134,2023-08-17,2023-08-22,CU-1417,Consumer,East,Office Supplies,Art,Newell 312 Mechanical Pencil,1,0.0,10.26,-19.52
CA-2023-002135,2023-02-04,2023-02-11,CU-1110,Consumer,South,Furniture,Bookcases,Bush Westfield Collection Bookcase,1,0.0,537.71,28.06
CA-2023-002136,2023-08-26,2023-09-01,CU-1405,Home Office,Central,Office Supplies,Paper,Hammermill Copy Plus Paper,2,0.0,85.56,10.68
CA-2023-002137,2023-02-03,2023-02-08,CU-1582,Corporate,West,Technology,Accessories,SanDisk Ultra 64GB USB Flash Drive,5,0.1,151.71,20.37
CA-2024-002138,2024-08-19,2024-08-20,CU-1910,Corporate,Central,Technology,Accessories,Logitech MX Master Wireless Mouse,3,0.0,501.49,126.05
CA-2024-002139,2024-04-21,2024-04-24,CU-1549,Corporate,Central,Technology,Machines,Zebra ZP 450 Thermal Label Printer,1,0.0,500.19,72.35
CA-2023-002140,2023-06-17,2023-06-19,CU-1769,Corporate,East,Technology,Accessories,Belkin 8-Outlet Surge Protector,2,0.0,159.3,16.64
CA-2023-002141,2023-07-23,2023-07-25,CU-1137,Corporate,West,Technology,Accessories,Logitech MX Master Wireless Mouse,5,0.1,696.36,122.98
CA-2024-002142,2024-08-10,2024-08-11,CU-1479,Corporate,Central,Furniture,Chairs,Global Deluxe High-Back Manager's Chair,3,0.0,1767.81,224.12
CA-2024-002143,2024-12-09,2024-12-10,CU-1876,Corporate,East,Office Supplies,Fasteners,OIC Heavy-Duty Binder Clips,1,0.0,7.16,-20.59
CA-2024-002144,2024-05-04,2024-05-09,CU-1284,Home Office,South,Office Supplies,Fasteners,OIC Heavy-Duty Binder Clips,2,0.0,14.24,-17.28
CA-2023-002145,2023-08-04,2023-08-05,CU-1264,Corporate,East,Office Supplies,Binders,GBC Ibimaster 500 Manual ProClick Binding System,3,0.2,2031.01,147.7
CA-2023-002146,2023-08-29,2023-08-30,CU-1303,Corporate,Central,Furniture,Chairs,Global Deluxe High-Back Manager's Chair,2,0.2,927.33,-14.46
CA-2024-002147,2024-08-18,2024-08-25,CU-1980,Consumer,East,Office Supplies,Supplies,Stanley Bostitch Heavy-Duty Stapler,5,0.15,221.12,26.4
CA-2023-002148,2023-10-27,2023-10-28,CU-1265,Home Office,West,Furniture,Furnishings,DAX Two-Tone Rosewood/Black Document Frame,1,0.15,36.54,-15.0
CA-2023-002149,2023-04-15,2023-04-22,CU-1108,Home Office,East,Furniture,Bookcases,Sauder Camden County Barrister Bookcase,2,0.1,1235.33,-22.85
CA-2023-002150,2023-09-28,2023-09-29,CU-1807,Home Office,West,Office Supplies,Paper,Xerox Premium Multipurpose Paper,2,0.0,110.24,19.68
CA-2024-002151,2024-10-06,2024-10-08,CU-1821,Home Office,South,Office Supplies,Storage,Fellowes Bankers Box Heavy-Duty Storage Boxes,3,0.0,249.52,57.92
CA-2024-002152,2024-01-30,2024-02-03,CU-1969,Consumer,West,Office Supplies,Supplies,Stanley Bostitch Heavy-Duty Stapler,1,0.0,56.19,-5.95
CA-2023-002153,2023-09-13,2023-09-19,CU-1086,Consumer,Central,Technology,Machines,Zebra ZP 450 Thermal Label Printer,2,0.2,870.44,35.29
CA-2023-002154,2023-05-03,2023-05-08,CU-1425,Home Office,Central,Office Supplies,Paper,Hammermill Copy Plus Paper,1,0.0,40.23,-8.0
CA-2024-002155,2024-11-16,2024-11-17,CU-1644,Consumer,East,Office Supplies,Paper,Hammermill Copy Plus Paper,1,0.15,33.84,-15.34
CA-2023-002156,2023-12-27,2023-12-28,CU-1752,Consumer,West,Office Supplies,Envelopes,Avery Self-Adhesive Address Labels,2,0.0,43.17,-5.42
CA-2023-002157,2023-04-15,2023-04-17,CU-1570,Corporate,East,Technology,Accessories,Logitech G910 Mechanical Keyboard,3,0.2,666.26,69.37
CA-2023-002158,2023-06-17,2023-06-18,CU-1328,Home Office,South,Office Supplies,Paper,Xerox Premium Multipurpose Paper,1,0.0,50.55,-4.16
CA-2024-002159,2024-08-28,2024-09-03,CU-1552,Consumer,East,Office Supplies,Paper,Xerox Premium Multipurpose Paper,4,0.2,172.49,17.52
CA-2023-002160,2023-10-24,2023-10-27,CU-1511,Home Office,South,Furniture,Furnishings,Eldon Image Series Desk Accessories,3,0.15,163.57,23.09
CA-2023-002161,2023-01-13,2023-01-16,CU-1784,Home Office,South,Office Supplies,Appliances,Hoover Commercial Lightweight Vacuum,3,0.0,1386.0,273.62
CA-2023-002162,2023-03-15,2023-03-20,CU-1718,Consumer,West,Technology,Accessories,SanDisk Ultra 64GB USB Flash Drive,1,0.15,27.36,-18.13
CA-2024-002163,2024-03-13,2024-03-19,CU-1274,Consumer,West,Office Supplies,Fasteners,OIC Heavy-Duty Binder Clips,1,0.2,5.54,-21.83
CA-2024-002164,2024-05-24,2024-05-28,CU-1082,Corporate,South,Office Supplies,Storage,Fellowes Bankers Box Heavy-Duty Storage Boxes,1,0.2,71.74,-12.31
CA-2024-002165,2024-07-09,2024-07-10,CU-1161,Consumer,South,Technology,Accessories,Logitech MX Master Wireless Mouse,2,0.0,317.32,77.02
CA-2023-002166,2023-04-30,2023-05-01,CU-1605,Corporate,South,Office Supplies,Storage,Fellowes Bankers Box Heavy-Duty Storage Boxes,3,0.2,209.28,10.3
CA-2024-002167,2024-11-11,2024-11-17,CU-1661,Corporate,East,Office Supplies,Envelopes,Avery Self-Adhesive Address Labels,1,0.0,22.81,-13.74
CA-2024-002168,2024-09-29,2024-10-05,CU-1679,Corporate,Central,Furniture,Furnishings,Eldon Image Series Desk Accessories,2,0.0,131.29,17.61
CA-2024-002169,2024-10-23,2024-10-29,CU-1778,Consumer,Central,Office Supplies,Art,Newell 312 Mechanical Pencil,1,0.0,8.93,-19.75
CA-2023-002170,2023-10-07,2023-10-12,CU-1085,Consumer,East,Office Supplies,Art,Newell 312 Mechanical Pencil,3,0.1,24.33,-13.79
CA-2023-002171,2023-04-07,2023-04-14,CU-1115,Home Office,South,Technology,Accessories,Logitech G910 Mechanical Keyboard,1,0.1,239.74,36.75
CA-2024-002172,2024-07-05,2024-07-07,CU-1008,Consumer,Central,Furniture,Furnishings,DAX Two-Tone Rosewood/Black Document Frame,1,0.0,44.98,-11.12
CA-2024-002173,2024-06-27,2024-06-30,CU-1857,Home Office,Central,Furniture,Furnishings,Eldon Image Series Desk Accessories,1,0.0,72.25,2.84
CA-2023-002174,2023-02-13,2023-02-20,CU-1537,Corporate,East,Office Supplies,Paper,Xerox Premium Multipurpose Paper,2,0.0,111.35,20.14
CA-2023-002175,2023-11-18,2023-11-23,CU-1408,Home Office,South,Office Supplies,Storage,Fellowes Bankers Box Heavy-Duty Storage Boxes,2,0.0,174.12,38.04
CA-2023-002176,2023-05-02,2023-05-07,CU-1732,Corporate,East,Office Supplies,Paper,Hammermill Copy Plus Paper,1,0.0,39.0,-8.73
CA-2023-002177,2023-07-03,2023-07-04,CU-1259,Home Office,East,Technology,Machines,Zebra ZP 450 Thermal Label Printer,1,0.1,427.53,32.99
CA-2023-002178,2023-04-26,2023-04-29,CU-1886,Consumer,Central,Office Supplies,Supplies,Stanley Bostitch Heavy-Duty Stapler,4,0.2,181.77,14.08
CA-2024-002179,2024-04-27,2024-05-04,CU-1627,Corporate,Central,Office Supplies,Fasteners,OIC Heavy-Duty Binder Clips,1,0.15,5.73,-21.49
CA-2024-002180,2024-10-29,2024-10-31,CU-1442,Corporate,West,Office Supplies,Art,Newell 312 Mechanical Pencil,1,0.1,7.9,-20.99
CA-2023-002181,2023-01-22,2023-01-28,CU-1765,Consumer,South,Office Supplies,Labels,"Avery 5"" x 8"" Label",1,0.0,16.16,-16.21
CA-2023-002182,2023-07-18,2023-07-23,CU-1183,Corporate,East,Office Supplies,Paper,Xerox Premium Multipurpose Paper,3,0.0,158.71,37.39
CA-2024-002183,2024-06-26,2024-06-28,CU-1862,Home Office,East,Office Supplies,Art,Newell 312 Mechanical Pencil,1,0.0,9.93,-19.08
CA-2024-002184,2024-11-06,2024-11-13,CU-1167,Corporate,West,Office Supplies,Envelopes,Avery Self-Adhesive Address Labels,2,0.0,43.5,-4.92
CA-2023-002185,2023-09-07,2023-09-14,CU-1624,Corporate,East,Furniture,Chairs,Global Deluxe High-Back Manager's Chair,3,0.3,1234.53,-11.83
CA-2023-002186,2023-08-08,2023-08-15,CU-1646,Home Office,West,Office Supplies,Art,Newell 312 Mechanical Pencil,3,0.0,27.96,-12.18
CA-2023-002187,2023-07-01,2023-07-05,CU-1996,Consumer,East,Office Supplies,Paper,Hammermill Copy Plus Paper,1,0.1,40.3,-12.25
CA-2023-002188,2023-06-08,2023-06-14,CU-1689,Home Office,East,Office Supplies,Art,Newell 312 Mechanical Pencil,1,0.2,7.98,-21.48
CA-2023-002189,2023-12-24,2023-12-26,CU-1960,Home Office,Central,Office Supplies,Paper,Hammermill Copy Plus Paper,2,0.15,70.66,-4.38
CA-2024-002190,2024-02-20,2024-02-24,CU-1845,Home Office,East,Office Supplies,Art,Newell 312 Mechanical Pencil,1,0.0,10.03,-19.2
CA-2023-002191,2023-01-07,2023-01-13,CU-1788,Consumer,East,Furniture,Furnishings,DAX Two-Tone Rosewood/Black Document Frame,1,0.0,42.49,-11.94
CA-2024-002192,2024-04-23,2024-04-28,CU-1993,Home Office,West,Office Supplies,Paper,Hammermill Copy Plus Paper,1,0.0,41.38,-9.46
CA-2024-002193,2024-08-16,2024-08-23,CU-1752,Home Office,Central,Office Supplies,Art,Newell 312 Mechanical Pencil,1,0.1,8.41,-20.61
CA-2023-002194,2023-06-04,2023-06-10,CU-1174,Home Office,South,Office Supplies,Paper,Xerox Premium Multipurpose Paper,1,0.2,40.61,-12.89
CA-2024-002195,2024-08-11,2024-08-18,CU-1912,Consumer,South,Technology,Phones,Polycom CX600 IP Phone,1,0.0,422.12,55.23
CA-2023-002196,2023-11-30,2023-12-02,CU-1305,Consumer,Central,Office Supplies,Envelopes,Avery Self-Adhesive Address Labels,2,0.1,36.38,-10.95
CA-2024-002197,2024-03-31,2024-04-03,CU-1311,Consumer,West,Office Supplies,Fasteners,OIC Heavy-Duty Binder Clips,1,0.1,5.89,-21.07
CA-2024-002198,2024-08-10,2024-08-15,CU-1702,Home Office,West,Office Supplies,Paper,Xerox Premium Multipurpose Paper,1,0.0,54.29,-2.35
CA-2023-002199,2023-09-19,2023-09-24,CU-1521,Consumer,South,Office Supplies,Paper,Xerox Premium Multipurpose Paper,2,0.1,91.48,4.1
CA-2023-002200,2023-04-26,2023-04-30,CU-1408,Home Office,Central,Office Supplies,Paper,Hammermill Copy Plus Paper,1,0.0,44.63,-7.48
CA-2024-002201,2024-01-25,2024-01-28,CU-1170,Home Office,West,Technology,Accessories,SanDisk Ultra 64GB USB Flash Drive,1,0.0,31.42,-13.1
CA-2023-002202,2023-01-11,2023-01-14,CU-1984,Corporate,Central,Office Supplies,Storage,Tennsco Industrial Steel Shelving,1,0.2,259.88,10.39
CA-2024-002203,2024-02-11,2024-02-15,CU-1547,Corporate,South,Furniture,Furnishings,Eldon Image Series Desk Accessories,2,0.0,140.98,21.83
CA-2024-002204,2024-06-16,2024-06-17,CU-1681,Consumer,South,Technology,Accessories,SanDisk Ultra 64GB USB Flash Drive,1,0.2,26.34,-19.27
CA-2024-002205,2024-05-09,2024-05-12,CU-1853,Home Office,Central,Office Supplies,Fasteners,OIC Heavy-Duty Binder Clips,1,0.0,6.76,-20.53
CA-2024-002206,2024-07-20,2024-07-23,CU-1379,Consumer,Central,Office Supplies,Paper,Hammermill Copy Plus Paper,3,0.0,133.46,26.26
CA-2023-002207,2023-01-01,2023-01-03,CU-1909,Home Office,South,Furniture,Chairs,HON 5400 Series Task Chairs for Big and Tall,1,0.0,1066.75,134.15
CA-2024-002208,2024-10-22,2024-10-24,CU-1785,Home Office,East,Office Supplies,Binders,Fellowes PB500 Electric Punch Plastic Comb Binding Machine with Manual Bind,4,0.0,5120.37,1279.95
CA-2024-002209,2024-03-24,2024-03-29,CU-1779,Corporate,Central,Office Supplies,Fasteners,OIC Heavy-Duty Binder Clips,3,0.0,19.75,-14.72
CA-2024-002210,2024-10-31,2024-11-01,CU-1646,Consumer,West,Office Supplies,Art,Newell 312 Mechanical Pencil,1,0.2,8.1,-21.52
CA-2024-002211,2024-01-17,2024-01-23,CU-1134,Home Office,Central,Technology,Accessories,Logitech MX Master Wireless Mouse,1,0.2,125.4,3.38
CA-2024-002212,2024-02-07,2024-02-11,CU-1938,Corporate,East,Furniture,Furnishings,Eldon Image Series Desk Accessories,1,0.0,71.23,0.47
CA-2023-002213,2023-11-05,2023-11-06,CU-1611,Corporate,West,Office Supplies,Paper,Xerox Premium Multipurpose Paper,2,0.0,100.13,14.92
CA-2023-002214,2023-05-21,2023-05-24,CU-1008,Corporate,East,Furniture,Bookcases,Sauder Camden County Barrister Bookcase,2,0.0,1507.52,51.47
CA-2023-002215,2023-08-09,2023-08-15,CU-1922,Corporate,South,Office Supplies,Fasteners,OIC Heavy-Duty Binder Clips,1,0.15,5.41,-21.76
CA-2024-002216,2024-07-08,2024-07-11,CU-1098,Consumer,East,Office Supplies,Labels,"Avery 5"" x 8"" Label",1,0.1,16.23,-17.95
CA-2023-002217,2023-11-17,2023-11-18,CU-1104,Consumer,Central,Office Supplies,Art,Newell 312 Mechanical Pencil,1,0.0,9.31,-19.81
CA-2023-002218,2023-01-04,2023-01-10,CU-1951,Home Office,West,Furniture,Bookcases,Bush Westfield Collection Bookcase,1,0.0,520.34,53.9
CA-2023-002219,2023-08-31,2023-09-07,CU-1548,Home Office,East,Office Supplies,Fasteners,OIC Heavy-Duty Binder Clips,2,0.0,12.47,-17.38
CA-2024-002220,2024-09-24,2024-09-27,CU-1684,Corporate,East,Office Supplies,Art,Newell 312 Mechanical Pencil,2,0.0,18.6,-15.99
CA-2024-002221,2024-11-28,2024-12-05,CU-1335,Corporate,South,Office Supplies,Storage,Fellowes Bankers Box Heavy-Duty Storage Boxes,2,0.0,174.26,38.53
CA-2024-002222,2024-09-21,2024-09-22,CU-1371,Corporate,Central,Office Supplies,Paper,Hammermill Copy Plus Paper,1,0.2,33.25,-14.88
CA-2023-002223,2023-09-22,2023-09-26,CU-1790,Consumer,South,Office Supplies,Paper,Hammermill Copy Plus Paper,1,0.0,40.37,-9.47
CA-2024-002224,2024-03-24,2024-03-31,CU-1472,Consumer,South,Office Supplies,Art,Newell 312 Mechanical Pencil,2,0.1,16.08,-17.25
CA-2024-002225,2024-08-17,2024-08-20,CU-1617,Consumer,Central,Office Supplies,Labels,"Avery 5"" x 8"" Label",5,0.0,84.82,15.8
CA-2023-002226,2023-12-08,2023-12-10,CU-1085,Consumer,East,Office Supplies,Art,Newell 312 Mechanical Pencil,1,0.0,8.96,-20.06
CA-2023-002227,2023-09-03,2023-09-10,CU-1485,Home Office,East,Office Supplies,Fasteners,OIC Heavy-Duty Binder Clips,3,0.3,13.77,-19.99
CA-2024-002228,2024-07-24,2024-07-25,CU-1568,Corporate,East,Office Supplies,Paper,Xerox Premium Multipurpose Paper,1,0.0,48.9,-5.17
CA-2023-002229,2023-11-20,2023-11-26,CU-1676,Consumer,South,Office Supplies,Binders,GBC DocuBind TL300 Electric Binding System,1,0.0,926.73,167.14
CA-2023-002230,2023-08-20,2023-08-24,CU-1364,Corporate,West,Technology,Accessories,Belkin 8-Outlet Surge Protector,2,0.0,162.81,26.43
CA-2023-002231,2023-07-12,2023-07-15,CU-1955,Consumer,West,Furniture,Furnishings,Eldon Image Series Desk Accessories,1,0.0,66.21,0.57
CA-2024-002232,2024-08-25,2024-08-26,CU-1263,Corporate,West,Technology,Machines,HP LaserJet Pro M404n Printer,1,0.15,328.73,28.17
CA-2023-002233,2023-09-26,2023-09-29,CU-1049,Home Office,South,Office Supplies,Binders,GBC DocuBind TL300 Electric Binding System,2,0.1,1582.89,170.73
CA-2024-002234,2024-05-06,2024-05-08,CU-1167,Consumer,Central,Office Supplies,Envelopes,Avery Self-Adhesive Address Labels,1,0.0,23.85,-13.48
CA-2024-002235,2024-07-07,2024-07-12,CU-1283,Home Office,South,Office Supplies,Paper,Hammermill Copy Plus Paper,1,0.2,31.13,-16.3
CA-2024-002236,2024-09-26,2024-10-03,CU-1174,Home Office,South,Furniture,Bookcases,Sauder Camden County Barrister Bookcase,3,0.1,1899.63,-5.54
CA-2024-002237,2024-05-17,2024-05-20,CU-1113,Home Office,Central,Office Supplies,Fasteners,OIC Heavy-Duty Binder Clips,2,0.15,10.54,-19.55
CA-2023-002238,2023-07-03,2023-07-05,CU-1678,Home Office,Central,Office Supplies,Binders,GBC Ibimaster 500 Manual ProClick Binding System,2,0.0,1635.8,324.26
CA-2023-002239,2023-05-21,2023-05-24,CU-1473,Consumer,South,Office Supplies,Art,Newell 312 Mechanical Pencil,1,0.1,9.2,-20.02
CA-2024-002240,2024-08-17,2024-08-22,CU-1813,Consumer,West,Furniture,Furnishings,Eldon Image Series Desk Accessories,4,0.2,224.45,32.95
CA-2024-002241,2024-05-23,2024-05-30,CU-1743,Consumer,Central,Furniture,Furnishings,DAX Two-Tone Rosewood/Black Document Frame,1,0.0,41.53,-12.82
CA-2023-002242,2023-08-03,2023-08-08,CU-1251,Home Office,West,Office Supplies,Art,Newell 312 Mechanical Pencil,2,0.15,15.19,-18.93
CA-2024-002243,2024-07-05,2024-07-06,CU-1814,Home Office,East,Furniture,Furnishings,Eldon Image Series Desk Accessories,3,0.1,191.83,24.42
CA-2023-002244,2023-04-18,2023-04-22,CU-1433,Home Office,East,Office Supplies,Appliances,Hoover Commercial Lightweight Vacuum,1,0.0,477.67,68.79
CA-2023-002245,2023-08-15,2023-08-22,CU-1768,Consumer,West,Technology,Accessories,SanDisk Ultra 64GB USB Flash Drive,1,0.15,26.7,-17.73
CA-2023-002246,2023-01-13,2023-01-20,CU-1124,Consumer,East,Technology,Accessories,Belkin 8-Outlet Surge Protector,1,0.0,79.71,-0.0
CA-2024-002247,2024-08-21,2024-08-22,CU-1314,Consumer,South,Office Supplies,Binders,Fellowes PB500 Electric Punch Plastic Comb Binding Machine with Manual Bind,4,0.0,5651.03,1608.02
CA-2023-002248,2023-12-24,2023-12-25,CU-1547,Consumer,Central,Furniture,Bookcases,Bush Westfield Collection Bookcase,1,0.1,522.2,0.27
CA-2023-002249,2023-02-13,2023-02-16,CU-1071,Corporate,West,Office Supplies,Storage,Fellowes Bankers Box Heavy-Duty Storage Boxes,3,0.0,276.0,57.95
CA-2023-002250,2023-07-30,2023-08-03,CU-1737,Home Office,West,Office Supplies,Supplies,Stanley Bostitch Heavy-Duty Stapler,1,0.0,53.28,-8.55
CA-2024-002251,2024-08-04,2024-08-06,CU-1557,Corporate,West,Furniture,Chairs,Global Deluxe High-Back Manager's Chair,1,0.1,578.58,39.83
CA-2023-002252,2023-04-03,2023-04-06,CU-1395,Corporate,East,Office Supplies,Fasteners,OIC Heavy-Duty Binder Clips,1,0.1,5.54,-21.52
CA-2024-002253,2024-08-21,2024-08-25,CU-1252,Corporate,Central,Office Supplies,Envelopes,Avery Self-Adhesive Address Labels,1,0.15,17.55,-18.27
CA-2024-002254,2024-11-06,2024-11-08,CU-1162,Home Office,West,Technology,Accessories,Belkin 8-Outlet Surge Protector,3,0.0,229.86,31.79
CA-2024-002255,2024-10-27,2024-10-31,CU-1826,Corporate,South,Office Supplies,Paper,Hammermill Copy Plus Paper,1,0.0,38.97,-10.38
CA-2023-002256,2023-03-12,2023-03-19,CU-1472,Corporate,East,Office Supplies,Labels,"Avery 5"" x 8"" Label",1,0.0,16.48,-15.98
CA-2023-002257,2023-12-09,2023-12-14,CU-1382,Consumer,Central,Furniture,Furnishings,DAX Two-Tone Rosewood/Black Document Frame,2,0.0,87.54,-0.83
CA-2023-002258,2023-07-13,2023-07-19,CU-1498,Corporate,East,Office Supplies,Envelopes,Avery Self-Adhesive Address Labels,1,0.0,21.03,-15.45
CA-2024-002259,2024-03-08,2024-03-10,CU-1464,Consumer,East,Furniture,Bookcases,Sauder Camden County Barrister Bookcase,1,0.0,725.8,44.41
CA-2024-002260,2024-08-29,2024-09-01,CU-1507,Corporate,South,Technology,Accessories,SanDisk Ultra 64GB USB Flash Drive,4,0.1,118.53,2.61
CA-2024-002261,2024-12-12,2024-12-19,CU-1583,Consumer,East,Furniture,Furnishings,DAX Two-Tone Rosewood/Black Document Frame,2,0.1,80.6,-1.84
CA-2024-002262,2024-06-01,2024-06-06,CU-1327,Corporate,Central,Technology,Accessories,SanDisk Ultra 64GB USB Flash Drive,1,0.1,29.01,-16.89
CA-2024-002263,2024-12-24,2024-12-26,CU-1502,Consumer,West,Technology,Accessories,Belkin 8-Outlet Surge Protector,2,0.0,173.83,19.71
CA-2023-002264,2023-09-30,2023-10-02,CU-1807,Consumer,West,Office Supplies,Binders,Fellowes PB500 Electric Punch Plastic Comb Binding Machine with Manual Bind,4,0.15,4889.59,948.21
CA-2023-002265,2023-10-05,2023-10-12,CU-1778,Home Office,Central,Office Supplies,Supplies,Stanley Bostitch Heavy-Duty Stapler,3,0.0,181.77,31.95
CA-2024-002266,2024-06-03,2024-06-07,CU-1749,Consumer,East,Technology,Machines,Zebra ZP 450 Thermal Label Printer,1,0.1,453.53,49.11
CA-2024-002267,2024-02-19,2024-02-22,CU-1619,Consumer,Central,Technology,Accessories,SanDisk Ultra 64GB USB Flash Drive,1,0.15,25.62,-17.56
CA-2023-002268,2023-12-24,2023-12-26,CU-1405,Consumer,South,Office Supplies,Art,Newell 312 Mechanical Pencil,2,0.0,17.56,-15.92
CA-2023-002269,2023-09-28,2023-10-05,CU-1890,Consumer,Central,Technology,Accessories,Logitech G910 Mechanical Keyboard,1,0.0,273.19,45.41
CA-2024-002270,2024-09-17,2024-09-18,CU-1067,Consumer,Central,Office Supplies,Supplies,Stanley Bostitch Heavy-Duty Stapler,1,0.0,51.19,-7.47
CA-2024-002271,2024-12-25,2024-12-31,CU-1277,Corporate,East,Office Supplies,Art,Newell 312 Mechanical Pencil,2,0.1,16.04,-18.0
CA-2024-002272,2024-07-18,2024-07-24,CU-1945,Consumer,East,Office Supplies,Binders,GBC Ibimaster 500 Manual ProClick Binding System,2,0.1,1412.47,225.25
CA-2023-002273,2023-10-11,2023-10-16,CU-1399,Corporate,West,Office Supplies,Storage,Tennsco Industrial Steel Shelving,1,0.1,322.31,31.57
CA-2023-002274,2023-07-29,2023-07-31,CU-1296,Consumer,South,Technology,Accessories,Logitech G910 Mechanical Keyboard,1,0.0,256.29,40.58
CA-2024-002275,2024-12-11,2024-12-17,CU-1036,Consumer,South,Office Supplies,Labels,"Avery 5"" x 8"" Label",1,0.0,17.82,-15.88
CA-2024-002276,2024-01-27,2024-02-01,CU-1408,Corporate,East,Office Supplies,Paper,Hammermill Copy Plus Paper,2,0.0,82.34,5.09
CA-2023-002277,2023-02-27,2023-03-01,CU-1821,Corporate,East,Technology,Accessories,SanDisk Ultra 64GB USB Flash Drive,1,0.0,34.19,-13.24
CA-2023-002278,2023-03-13,2023-03-18,CU-1487,Home Office,South,Office Supplies,Paper,Xerox Premium Multipurpose Paper,1,0.0,47.38,-5.55
CA-2023-002279,2023-01-31,2023-02-01,CU-1026,Corporate,East,Technology,Phones,Polycom CX600 IP Phone,1,0.0,435.49,70.72
CA-2024-002280,2024-09-22,2024-09-26,CU-1111,Consumer,West,Technology,Phones,Polycom CX600 IP Phone,2,0.0,819.9,101.41
CA-2024-002281,2024-08-02,2024-08-03,CU-1122,Consumer,South,Office Supplies,Supplies,Stanley Bostitch Heavy-Duty Stapler,1,0.0,55.02,-8.96
CA-2023-002282,2023-11-20,2023-11-27,CU-1113,Home Office,East,Furniture,Bookcases,Sauder Camden County Barrister Bookcase,2,0.1,1342.5,56.53
CA-2024-002283,2024-07-14,2024-07-21,CU-1416,Consumer,East,Technology,Machines,HP LaserJet Pro M404n Printer,1,0.15,348.66,23.0
CA-2023-002284,2023-08-19,2023-08-26,CU-1095,Home Office,West,Furniture,Furnishings,Eldon Image Series Desk Accessories,3,0.2,149.03,8.72
CA-2023-002285,2023-01-16,2023-01-18,CU-1750,Home Office,Central,Office Supplies,Storage,Fellowes Bankers Box Heavy-Duty Storage Boxes,1,0.1,83.38,-4.6
CA-2024-002286,2024-08-20,2024-08-23,CU-1631,Consumer,East,Furniture,Furnishings,Eldon Image Series Desk Accessories,3,0.15,168.7,15.66
CA-2024-002287,2024-11-21,2024-11-23,CU-1418,Consumer,West,Office Supplies,Paper,Hammermill Copy Plus Paper,2,0.0,78.64,3.67
CA-2024-002288,2024-09-09,2024-09-16,CU-1353,Home Office,South,Furniture,Furnishings,Eldon Image Series Desk Accessories,2,0.3,95.98,-9.34
CA-2024-002289,2024-08-21,2024-08-26,CU-1327,Home Office,Central,Office Supplies,Paper,Xerox Premium Multipurpose Paper,1,0.0,48.06,-4.02
CA-2023-002290,2023-06-24,2023-07-01,CU-1821,Home Office,West,Office Supplies,Paper,Hammermill Copy Plus Paper,3,0.3,89.99,-4.22
CA-2023-002291,2023-09-19,2023-09-23,CU-1219,Corporate,West,Office Supplies,Art,Newell 312 Mechanical Pencil,2,0.2,15.4,-18.9
CA-2023-002292,2023-03-02,2023-03-03,CU-1448,Home Office,Central,Office Supplies,Art,Newell 312 Mechanical Pencil,1,0.0,8.79,-19.77
CA-2024-002293,2024-08-01,2024-08-02,CU-1307,Consumer,Central,Office Supplies,Envelopes,Avery Self-Adhesive Address Labels,1,0.1,20.18,-17.3
CA-2024-002294,2024-02-18,2024-02-23,CU-1206,Corporate,East,Office Supplies,Supplies,Stanley Bostitch Heavy-Duty Stapler,2,0.2,94.1,-3.62
CA-2023-002295,2023-07-22,2023-07-29,CU-1967,Consumer,East,Office Supplies,Storage,Fellowes Bankers Box Heavy-Duty Storage Boxes,1,0.0,88.77,2.88
CA-2023-002296,2023-05-01,2023-05-03,CU-1876,Consumer,East,Office Supplies,Envelopes,Avery Self-Adhesive Address Labels,1,0.0,21.89,-15.31
CA-2023-002297,2023-03-09,2023-03-11,CU-1367,Corporate,Central,Technology,Machines,Zebra ZP 450 Thermal Label Printer,2,0.1,970.64,159.86
CA-2023-002298,2023-08-02,2023-08-09,CU-1298,Home Office,West,Furniture,Chairs,Global Deluxe High-Back Manager's Chair,1,0.0,622.39,63.17
CA-2024-002299,2024-04-09,2024-04-11,CU-1581,Consumer,Central,Office Supplies,Envelopes,Avery Self-Adhesive Address Labels,2,0.0,44.47,-4.27
CA-2023-002300,2023-09-16,2023-09-17,CU-1581,Home Office,East,Office Supplies,Paper,Xerox Premium Multipurpose Paper,1,0.1,49.47,-8.68
CA-2023-002301,2023-08-29,2023-08-31,CU-1967,Home Office,West,Office Supplies,Labels,"Avery 5"" x 8"" Label",1,0.0,18.78,-15.37
CA-2024-002302,2024-09-24,2024-09-25,CU-1973,Consumer,West,Office Supplies,Paper,Xerox Premium Multipurpose Paper,1,0.1,44.86,-6.88
CA-2024-002303,2024-05-06,2024-05-09,CU-1603,Home Office,South,Office Supplies,Paper,Xerox Premium Multipurpose Paper,1,0.0,52.58,-1.42
CA-2024-002304,2024-12-01,2024-12-03,CU-1084,Consumer,Central,Furniture,Bookcases,Bush Westfield Collection Bookcase,1,0.0,594.72,69.04
CA-2023-002305,2023-11-22,2023-11-23,CU-1777,Home Office,South,Office Supplies,Fasteners,OIC Heavy-Duty Binder Clips,2,0.0,12.72,-17.53
CA-2023-002306,2023-06-03,2023-06-04,CU-1331,Consumer,South,Technology,Machines,Zebra ZP 450 Thermal Label Printer,1,0.15,401.15,23.87
CA-2024-002307,2024-02-27,2024-03-02,CU-1595,Home Office,South,Office Supplies,Binders,Fellowes PB500 Electric Punch Plastic Comb Binding Machine with Manual Bind,1,0.2,1083.65,95.34
CA-2024-002308,2024-02-19,2024-02-23,CU-1659,Home Office,Central,Office Supplies,Paper,Hammermill Copy Plus Paper,2,0.0,83.45,6.26
CA-2023-002309,2023-05-23,2023-05-29,CU-1227,Home Office,West,Technology,Accessories,SanDisk Ultra 64GB USB Flash Drive,3,0.1,82.3,-4.88
CA-2024-002310,2024-09-02,2024-09-09,CU-1354,Home Office,Central,Furniture,Furnishings,Eldon Image Series Desk Accessories,1,0.3,45.62,-17.84
CA-2024-002311,2024-05-23,2024-05-26,CU-1994,Consumer,West,Office Supplies,Labels,"Avery 5"" x 8"" Label",3,0.0,55.92,0.08
CA-2023-002312,2023-11-16,2023-11-18,CU-1163,Home Office,Central,Office Supplies,Storage,Tennsco Industrial Steel Shelving,1,0.3,226.78,-9.47
CA-2024-002313,2024-07-27,2024-07-29,CU-1643,Consumer,South,Office Supplies,Art,Newell 312 Mechanical Pencil,1,0.0,9.91,-19.08
CA-2023-002314,2023-12-21,2023-12-26,CU-1475,Home Office,East,Office Supplies,Binders,Fellowes PB500 Electric Punch Plastic Comb Binding Machine with Manual Bind,2,0.2,1980.55,159.39
CA-2023-002315,2023-08-13,2023-08-14,CU-1146,Corporate,Central,Furniture,Furnishings,Eldon Image Series Desk Accessories,1,0.0,62.06,-3.45
CA-2023-002316,2023-01-31,2023-02-01,CU-1752,Home Office,West,Office Supplies,Supplies,Stanley Bostitch Heavy-Duty Stapler,2,0.0,121.92,9.05
CA-2023-002317,2023-03-12,2023-03-15,CU-1011,Corporate,West,Technology,Phones,Polycom CX600 IP Phone,1,0.2,357.14,3.69
CA-2024-002318,2024-03-21,2024-03-28,CU-1264,Corporate,West,Office Supplies,Storage,Fellowes Bankers Box Heavy-Duty Storage Boxes,4,0.15,313.65,60.13
CA-2023-002319,2023-02-17,2023-02-20,CU-1649,Corporate,West,Office Supplies,Fasteners,OIC Heavy-Duty Binder Clips,3,0.3,13.76,-19.8
CA-2023-002320,2023-01-26,2023-01-27,CU-1640,Consumer,South,Office Supplies,Fasteners,OIC Heavy-Duty Binder Clips,1,0.0,6.64,-20.44
CA-2024-002321,2024-05-18,2024-05-25,CU-1419,Home Office,East,Technology,Accessories,Logitech MX Master Wireless Mouse,1,0.1,144.18,10.6
CA-2023-002322,2023-06-17,2023-06-20,CU-1403,Corporate,Central,Office Supplies,Supplies,Stanley Bostitch Heavy-Duty Stapler,2,0.0,111.42,13.57
CA-2024-002323,2024-06-05,2024-06-09,CU-1409,Consumer,East,Technology,Accessories,Belkin 8-Outlet Surge Protector,2,0.0,158.14,22.9
CA-2023-002324,2023-10-10,2023-10-11,CU-1452,Home Office,South,Office Supplies,Storage,Tennsco Industrial Steel Shelving,2,0.0,771.79,198.53
CA-2024-002325,2024-09-30,2024-10-03,CU-1370,Consumer,Central,Office Supplies,Appliances,Hoover Commercial Lightweight Vacuum,3,0.1,1293.79,171.64
CA-2024-002326,2024-02-27,2024-02-28,CU-1128,Consumer,South,Technology,Accessories,SanDisk Ultra 64GB USB Flash Drive,1,0.1,31.82,-14.41
CA-2023-002327,2023-10-06,2023-10-13,CU-1560,Consumer,Central,Furniture,Chairs,Global Deluxe High-Back Manager's Chair,1,0.1,595.94,47.8
CA-2023-002328,2023-06-04,2023-06-05,CU-1167,Corporate,South,Office Supplies,Storage,Fellowes Bankers Box Heavy-Duty Storage Boxes,2,0.15,153.45,14.49
CA-2024-002329,2024-08-11,2024-08-18,CU-1838,Consumer,Central,Technology,Accessories,Logitech G910 Mechanical Keyboard,4,0.1,918.87,162.31
CA-2023-002330,2023-04-14,2023-04-20,CU-1474,Consumer,Central,Office Supplies,Labels,"Avery 5"" x 8"" Label",1,0.0,17.88,-15.98
CA-2024-002331,2024-11-15,2024-11-19,CU-1884,Home Office,East,Furniture,Bookcases,Bush Westfield Collection Bookcase,1,0.1,531.1,8.0
CA-2023-002332,2023-03-08,2023-03-13,CU-1265,Consumer,South,Office Supplies,Art,Newell 312 Mechanical Pencil,2,0.0,17.56,-16.13
CA-2023-002333,2023-04-11,2023-04-18,CU-1200,Home Office,South,Technology,Phones,Polycom CX600 IP Phone,1,0.0,436.74,50.22
CA-2023-002334,2023-03-26,2023-04-02,CU-1625,Home Office,West,Office Supplies,Supplies,Stanley Bostitch Heavy-Duty Stapler,1,0.0,58.2,-8.52
CA-2023-002335,2023-01-05,2023-01-12,CU-1394,Consumer,Central,Office Supplies,Storage,Tennsco Industrial Steel Shelving,1,0.0,368.98,83.03
CA-2023-002336,2023-07-27,2023-07-29,CU-1637,Home Office,Central,Office Supplies,Binders,GBC DocuBind TL300 Electric Binding System,2,0.0,1901.69,444.39
CA-2023-002337,2023-03-24,2023-03-25,CU-1832,Consumer,East,Technology,Accessories,SanDisk Ultra 64GB USB Flash Drive,1,0.0,31.32,-12.78
CA-2023-002338,2023-04-20,2023-04-27,CU-1424,Consumer,Central,Office Supplies,Labels,"Avery 5"" x 8"" Label",2,0.1,31.72,-11.45
CA-2024-002339,2024-10-07,2024-10-14,CU-1631,Consumer,South,Office Supplies,Paper,Xerox Premium Multipurpose Paper,4,0.15,189.52,37.64
CA-2023-002340,2023-04-11,2023-04-16,CU-1373,Consumer,Central,Office Supplies,Fasteners,OIC Heavy-Duty Binder Clips,3,0.1,18.97,-15.8
CA-2023-002341,2023-03-20,2023-03-22,CU-1483,Consumer,West,Office Supplies,Storage,Tennsco Industrial Steel Shelving,1,0.0,333.33,52.63
CA-2024-002342,2024-06-19,2024-06-25,CU-1479,Consumer,West,Technology,Copiers,Canon imageCLASS 2200 Advanced Copier,1,0.0,2318.13,711.43
CA-2023-002343,2023-04-19,2023-04-23,CU-1158,Consumer,East,Office Supplies,Binders,Fellowes PB500 Electric Punch Plastic Comb Binding Machine with Manual Bind,2,0.0,2713.11,757.69
CA-2024-002344,2024-11-24,2024-11-29,CU-1123,Home Office,East,Furniture,Furnishings,DAX Two-Tone Rosewood/Black Document Frame,2,0.3,55.33,-17.3
CA-2024-002345,2024-05-11,2024-05-14,CU-1924,Consumer,East,Technology,Accessories,Belkin 8-Outlet Surge Protector,1,0.2,65.67,-15.45
CA-2023-002346,2023-10-21,2023-10-26,CU-1993,Home Office,Central,Office Supplies,Binders,Fellowes PB500 Electric Punch Plastic Comb Binding Machine with Manual Bind,2,0.0,2793.09,666.68
CA-2023-002347,2023-01-16,2023-01-18,CU-1897,Corporate,East,Office Supplies,Fasteners,OIC Heavy-Duty Binder Clips,2,0.0,13.99,-17.3
CA-2023-002348,2023-06-16,2023-06-23,CU-1391,Home Office,South,Technology,Accessories,Logitech MX Master Wireless Mouse,2,0.15,270.49,36.57
CA-2024-002349,2024-04-11,2024-04-14,CU-1067,Corporate,Central,Office Supplies,Paper,Xerox Premium Multipurpose Paper,1,0.0,51.16,-2.67
CA-2023-002350,2023-09-09,2023-09-14,CU-1145,Consumer,South,Technology,Accessories,Belkin 8-Outlet Surge Protector,3,0.0,254.47,55.04
CA-2023-002351,2023-02-26,2023-03-04,CU-1491,Consumer,East,Technology,Accessories,Logitech MX Master Wireless Mouse,1,0.0,152.18,16.56
CA-2023-002352,2023-07-22,2023-07-25,CU-1800,Consumer,South,Furniture,Chairs,HON 5400 Series Task Chairs for Big and Tall,4,0.15,3529.16,225.42
CA-2023-002353,2023-08-05,2023-08-11,CU-1554,Corporate,Central,Office Supplies,Supplies,Stanley Bostitch Heavy-Duty Stapler,1,0.0,53.34,-9.44
CA-2023-002354,2023-08-14,2023-08-15,CU-1833,Consumer,South,Office Supplies,Binders,Fellowes PB500 Electric Punch Plastic Comb Binding Machine with Manual Bind,3,0.1,3653.18,760.66
CA-2023-002355,2023-08-23,2023-08-24,CU-1826,Home Office,West,Technology,Accessories,Logitech MX Master Wireless Mouse,1,0.0,161.77,22.89
CA-2024-002356,2024-12-16,2024-12-19,CU-1337,Consumer,South,Office Supplies,Paper,Xerox Premium Multipurpose Paper,2,0.0,110.15,21.18
CA-2024-002357,2024-07-17,2024-07-18,CU-1510,Corporate,South,Technology,Phones,Polycom CX600 IP Phone,1,0.15,375.33,3.16
CA-2023-002358,2023-06-09,2023-06-13,CU-1483,Consumer,South,Office Supplies,Art,Newell 312 Mechanical Pencil,3,0.15,26.03,-15.31
CA-2023-002359,2023-11-25,2023-12-01,CU-1929,Corporate,South,Technology,Accessories,SanDisk Ultra 64GB USB Flash Drive,3,0.0,102.17,12.13
CA-2023-002360,2023-04-11,2023-04-13,CU-1265,Consumer,West,Furniture,Bookcases,Bush Westfield Collection Bookcase,1,0.1,505.69,0.03
CA-2024-002361,2024-10-16,2024-10-17,CU-1157,Corporate,South,Technology,Accessories,SanDisk Ultra 64GB USB Flash Drive,3,0.0,92.74,4.92
CA-2024-002362,2024-03-21,2024-03-28,CU-1144,Consumer,South,Office Supplies,Supplies,Stanley Bostitch Heavy-Duty Stapler,5,0.15,235.23,24.8
CA-2023-002363,2023-03-08,2023-03-12,CU-1393,Corporate,West,Technology,Phones,Polycom CX600 IP Phone,1,0.0,413.52,38.05
CA-2024-002364,2024-06-28,2024-07-04,CU-1314,Consumer,Central,Office Supplies,Supplies,Stanley Bostitch Heavy-Duty Stapler,1,0.1,47.96,-12.43
CA-2023-002365,2023-07-10,2023-07-14,CU-1687,Consumer,West,Furniture,Furnishings,Eldon Image Series Desk Accessories,1,0.0,70.57,1.98
CA-2023-002366,2023-02-21,2023-02-23,CU-1151,Corporate,East,Office Supplies,Envelopes,Avery Self-Adhesive Address Labels,1,0.15,18.48,-17.75
CA-2024-002367,2024-07-22,2024-07-27,CU-1456,Home Office,West,Technology,Accessories,Belkin 8-Outlet Surge Protector,5,0.0,400.98,76.71
CA-2024-002368,2024-11-30,2024-12-02,CU-1213,Home Office,West,Technology,Accessories,Logitech MX Master Wireless Mouse,4,0.15,572.67,116.68
CA-2024-002369,2024-05-02,2024-05-06,CU-1516,Corporate,Central,Office Supplies,Labels,"Avery 5"" x 8"" Label",1,0.0,18.97,-15.64
CA-2024-002370,2024-02-21,2024-02-27,CU-1605,Home Office,East,Office Supplies,Labels,"Avery 5"" x 8"" Label",2,0.0,38.19,-5.58
CA-2023-002371,2023-06-30,2023-07-01,CU-1026,Home Office,East,Office Supplies,Labels,"Avery 5"" x 8"" Label",2,0.15,28.84,-14.15
CA-2024-002372,2024-04-30,2024-05-02,CU-1439,Corporate,Central,Office Supplies,Envelopes,Avery Self-Adhesive Address Labels,2,0.2,34.35,-12.62
CA-2023-002373,2023-11-18,2023-11-20,CU-1609,Corporate,West,Office Supplies,Labels,"Avery 5"" x 8"" Label",2,0.0,32.65,-9.59
CA-2024-002374,2024-12-28,2024-12-31,CU-1247,Home Office,South,Office Supplies,Storage,Fellowes Bankers Box Heavy-Duty Storage Boxes,1,0.15,76.49,-4.08
CA-2023-002375,2023-05-31,2023-06-07,CU-1211,Consumer,Central,Technology,Accessories,Logitech G910 Mechanical Keyboard,1,0.0,281.82,54.02
CA-2024-002376,2024-12-24,2024-12-26,CU-1475,Corporate,West,Technology,Accessories,Logitech G910 Mechanical Keyboard,2,0.0,494.38,97.72
CA-2024-002377,2024-03-12,2024-03-17,CU-1631,Home Office,South,Technology,Accessories,Logitech MX Master Wireless Mouse,1,0.0,149.63,18.54
CA-2023-002378,2023-04-27,2023-04-30,CU-1962,Consumer,West,Furniture,Furnishings,Eldon Image Series Desk Accessories,2,0.1,113.92,8.0
CA-2024-002379,2024-08-15,2024-08-16,CU-1423,Home Office,Central,Technology,Machines,Zebra ZP 450 Thermal Label Printer,3,0.0,1420.7,252.31
CA-2023-002380,2023-04-08,2023-04-11,CU-1025,Consumer,West,Technology,Accessories,Logitech G910 Mechanical Keyboard,1,0.0,245.82,43.42
CA-2024-002381,2024-04-20,2024-04-27,CU-1908,Consumer,South,Office Supplies,Binders,Fellowes PB500 Electric Punch Plastic Comb Binding Machine with Manual Bind,1,0.3,913.86,17.71
CA-2024-002382,2024-12-02,2024-12-03,CU-1187,Corporate,South,Office Supplies,Storage,Tennsco Industrial Steel Shelving,1,0.0,334.53,72.06
CA-2024-002383,2024-01-21,2024-01-26,CU-1454,Corporate,East,Furniture,Chairs,Global Deluxe High-Back Manager's Chair,1,0.15,495.29,2.01
CA-2024-002384,2024-07-22,2024-07-23,CU-1266,Consumer,East,Office Supplies,Art,Newell 312 Mechanical Pencil,4,0.0,37.7,-5.63
CA-2023-002385,2023-12-25,2023-12-30,CU-1755,Home Office,East,Office Supplies,Supplies,Stanley Bostitch Heavy-Duty Stapler,3,0.1,140.96,11.12
CA-2023-002386,2023-05-11,2023-05-15,CU-1916,Home Office,Central,Office Supplies,Labels,"Avery 5"" x 8"" Label",5,0.0,89.26,12.43
CA-2024-002387,2024-02-01,2024-02-03,CU-1128,Corporate,West,Office Supplies,Storage,Fellowes Bankers Box Heavy-Duty Storage Boxes,1,0.3,62.73,-15.47
CA-2024-002388,2024-04-08,2024-04-12,CU-1364,Consumer,West,Office Supplies,Fasteners,OIC Heavy-Duty Binder Clips,3,0.0,18.75,-14.3
CA-2023-002389,2023-09-29,2023-10-04,CU-1559,Corporate,South,Office Supplies,Supplies,Stanley Bostitch Heavy-Duty Stapler,2,0.0,116.7,11.17
CA-2023-002390,2023-01-03,2023-01-07,CU-1045,Home Office,Central,Office Supplies,Supplies,Stanley Bostitch Heavy-Duty Stapler,5,0.15,253.25,19.6
CA-2024-002391,2024-11-12,2024-11-18,CU-1190,Consumer,South,Furniture,Bookcases,Sauder Camden County Barrister Bookcase,2,0.15,1134.63,-76.4
CA-2023-002392,2023-11-03,2023-11-10,CU-1230,Consumer,East,Furniture,Bookcases,Bush Westfield Collection Bookcase,1,0.0,568.45,23.17
CA-2023-002393,2023-12-23,2023-12-25,CU-1157,Corporate,South,Furniture,Bookcases,Bush Westfield Collection Bookcase,1,0.2,428.54,-38.73
CA-2023-002394,2023-12-19,2023-12-26,CU-1336,Home Office,Central,Technology,Machines,HP LaserJet Pro M404n Printer,1,0.2,314.68,9.79
CA-2023-002395,2023-08-20,2023-08-27,CU-1213,Home Office,East,Office Supplies,Paper,Xerox Premium Multipurpose Paper,1,0.1,47.03,-7.16
CA-2023-002396,2023-09-09,2023-09-11,CU-1135,Consumer,Central,Furniture,Furnishings,DAX Two-Tone Rosewood/Black Document Frame,1,0.0,44.44,-10.23
CA-2023-002397,2023-12-22,2023-12-27,CU-1807,Corporate,South,Office Supplies,Supplies,Stanley Bostitch Heavy-Duty Stapler,1,0.1,47.11,-11.33
CA-2023-002398,2023-04-03,2023-04-05,CU-1929,Home Office,East,Furniture,Furnishings,DAX Two-Tone Rosewood/Black Document Frame,1,0.15,36.72,-16.49
CA-2023-002399,2023-02-27,2023-02-28,CU-1602,Corporate,South,Technology,Accessories,Logitech MX Master Wireless Mouse,4,0.0,600.63,154.37
CA-2023-002400,2023-06-13,2023-06-14,CU-1579,Consumer,West,Furniture,Tables,Hon Every-Day Round Conference Table,1,0.1,1345.31,45.08
CA-2023-002401,2023-12-17,2023-12-22,CU-1234,Consumer,West,Technology,Machines,HP LaserJet Pro M404n Printer,1,0.0,405.82,59.74
CA-2024-002402,2024-01-17,2024-01-19,CU-1154,Home Office,West,Office Supplies,Supplies,Stanley Bostitch Heavy-Duty Stapler,1,0.0,60.62,-5.83
CA-2023-002403,2023-09-15,2023-09-19,CU-1459,Consumer,Central,Technology,Phones,Polycom CX600 IP Phone,3,0.1,1194.19,112.32
CA-2023-002404,2023-01-05,2023-01-10,CU-1140,Corporate,Central,Office Supplies,Envelopes,Avery Self-Adhesive Address Labels,2,0.2,37.99,-13.05
CA-2023-002405,2023-07-15,2023-07-17,CU-1325,Consumer,South,Office Supplies,Labels,"Avery 5"" x 8"" Label",1,0.1,16.98,-17.63
CA-2023-002406,2023-08-03,2023-08-09,CU-1050,Home Office,West,Technology,Accessories,SanDisk Ultra 64GB USB Flash Drive,1,0.1,28.19,-16.18
CA-2024-002407,2024-05-11,2024-05-16,CU-1759,Corporate,East,Office Supplies,Paper,Hammermill Copy Plus Paper,1,0.0,44.85,-7.29
CA-2023-002408,2023-06-07,2023-06-08,CU-1717,Home Office,Central,Office Supplies,Art,Newell 312 Mechanical Pencil,1,0.15,8.35,-20.76
CA-2024-002409,2024-08-27,2024-08-29,CU-1441,Corporate,West,Office Supplies,Supplies,Stanley Bostitch Heavy-Duty Stapler,4,0.0,226.19,43.84
CA-2024-002410,2024-08-11,2024-08-13,CU-1440,Corporate,Central,Office Supplies,Storage,Tennsco Industrial Steel Shelving,3,0.15,918.16,167.91
CA-2024-002411,2024-01-02,2024-01-09,CU-1983,Corporate,South,Office Supplies,Fasteners,OIC Heavy-Duty Binder Clips,1,0.0,6.9,-20.35
CA-2023-002412,2023-02-28,2023-03-05,CU-1849,Home Office,East,Office Supplies,Storage,Fellowes Bankers Box Heavy-Duty Storage Boxes,1,0.15,78.48,-5.66
CA-2023-002413,2023-11-25,2023-12-01,CU-1520,Corporate,West,Office Supplies,Paper,Hammermill Copy Plus Paper,2,0.0,86.96,5.81
CA-2024-002414,2024-05-08,2024-05-10,CU-1652,Corporate,South,Office Supplies,Fasteners,OIC Heavy-Duty Binder Clips,2,0.0,14.3,-16.33
CA-2023-002415,2023-03-24,2023-03-31,CU-1773,Consumer,East,Office Supplies,Envelopes,Avery Self-Adhesive Address Labels,1,0.0,20.91,-15.37
CA-2023-002416,2023-12-28,2024-01-03,CU-1457,Consumer,West,Technology,Accessories,SanDisk Ultra 64GB USB Flash Drive,4,0.0,135.92,24.92
CA-2023-002417,2023-07-13,2023-07-18,CU-1811,Consumer,East,Technology,Accessories,SanDisk Ultra 64GB USB Flash Drive,3,0.1,81.33,0.15
CA-2023-002418,2023-10-08,2023-10-09,CU-1670,Corporate,West,Furniture,Furnishings,Eldon Image Series Desk Accessories,2,0.1,125.77,13.65
CA-2023-002419,2023-06-24,2023-07-01,CU-1913,Corporate,Central,Office Supplies,Labels,"Avery 5"" x 8"" Label",1,0.0,16.14,-16.24
CA-2024-002420,2024-08-17,2024-08-20,CU-1734,Consumer,Central,Office Supplies,Paper,Hammermill Copy Plus Paper,1,0.0,39.77,-10.25
CA-2023-002421,2023-02-21,2023-02-27,CU-1181,Consumer,East,Technology,Accessories,SanDisk Ultra 64GB USB Flash Drive,2,0.0,68.02,-1.91
CA-2023-002422,2023-11-02,2023-11-09,CU-1047,Corporate,Central,Office Supplies,Appliances,Hoover Commercial Lightweight Vacuum,1,0.1,416.42,17.94
CA-2024-002423,2024-06-25,2024-06-27,CU-1701,Home Office,West,Office Supplies,Paper,Hammermill Copy Plus Paper,2,0.0,79.47,3.83
CA-2023-002424,2023-02-26,2023-03-02,CU-1961,Corporate,Central,Technology,Machines,HP LaserJet Pro M404n Printer,3,0.0,1178.31,261.32
CA-2023-002425,2023-01-16,2023-01-21,CU-1435,Home Office,East,Office Supplies,Storage,Fellowes Bankers Box Heavy-Duty Storage Boxes,1,0.0,87.41,3.7
CA-2023-002426,2023-08-17,2023-08-23,CU-1658,Home Office,South,Technology,Phones,Polycom CX600 IP Phone,5,0.2,1738.55,26.84
CA-2023-002427,2023-10-17,2023-10-23,CU-1357,Corporate,South,Technology,Phones,Polycom CX600 IP Phone,1,0.0,391.41,34.01
CA-2023-002428,2023-04-30,2023-05-06,CU-1488,Corporate,Central,Technology,Machines,Zebra ZP 450 Thermal Label Printer,1,0.0,553.27,98.87
CA-2024-002429,2024-03-08,2024-03-15,CU-1838,Corporate,West,Office Supplies,Labels,"Avery 5"" x 8"" Label",2,0.1,30.08,-11.31
CA-2023-002430,2023-03-13,2023-03-17,CU-1855,Corporate,East,Office Supplies,Storage,Fellowes Bankers Box Heavy-Duty Storage Boxes,1,0.0,87.69,7.67
CA-2023-002431,2023-06-26,2023-06-29,CU-1273,Corporate,Central,Office Supplies,Labels,"Avery 5"" x 8"" Label",1,0.0,17.91,-16.08
CA-2024-002432,2024-05-23,2024-05-25,CU-1398,Home Office,South,Furniture,Chairs,Global Deluxe High-Back Manager's Chair,1,0.15,555.07,15.01
CA-2024-002433,2024-04-04,2024-04-09,CU-1763,Consumer,West,Technology,Accessories,SanDisk Ultra 64GB USB Flash Drive,1,0.0,31.29,-13.79
CA-2023-002434,2023-05-21,2023-05-25,CU-1751,Home Office,South,Office Supplies,Envelopes,Avery Self-Adhesive Address Labels,1,0.1,18.78,-17.11
CA-2023-002435,2023-03-06,2023-03-12,CU-1640,Corporate,West,Office Supplies,Binders,Fellowes PB500 Electric Punch Plastic Comb Binding Machine with Manual Bind,4,0.1,4552.36,977.41
CA-2023-002436,2023-10-02,2023-10-04,CU-1855,Consumer,East,Technology,Phones,Polycom CX600 IP Phone,2,0.0,868.35,139.6
CA-2024-002437,2024-05-03,2024-05-08,CU-1420,Home Office,Central,Office Supplies,Binders,GBC Ibimaster 500 Manual ProClick Binding System,2,0.0,1621.29,319.5
CA-2023-002438,2023-10-28,2023-10-30,CU-1405,Home Office,West,Office Supplies,Paper,Hammermill Copy Plus Paper,4,0.0,158.8,35.9
CA-2023-002439,2023-03-26,2023-03-31,CU-1917,Corporate,West,Office Supplies,Supplies,Stanley Bostitch Heavy-Duty Stapler,3,0.3,114.73,-10.89
CA-2023-002440,2023-05-15,2023-05-21,CU-1800,Consumer,South,Furniture,Furnishings,DAX Two-Tone Rosewood/Black Document Frame,2,0.0,88.96,5.66
CA-2024-002441,2024-11-05,2024-11-08,CU-1034,Consumer,East,Furniture,Furnishings,DAX Two-Tone Rosewood/Black Document Frame,1,0.0,41.48,-11.08
CA-2024-002442,2024-04-08,2024-04-12,CU-1342,Consumer,West,Furniture,Bookcases,Sauder Camden County Barrister Bookcase,1,0.15,550.05,-28.64
CA-2024-002443,2024-10-27,2024-11-03,CU-1903,Corporate,Central,Technology,Accessories,Belkin 8-Outlet Surge Protector,1,0.0,77.41,-2.76
CA-2023-002444,2023-12-12,2023-12-13,CU-1216,Consumer,West,Furniture,Chairs,Global Deluxe High-Back Manager's Chair,1,0.0,611.98,74.48
CA-2024-002445,2024-05-09,2024-05-15,CU-1926,Consumer,East,Office Supplies,Paper,Hammermill Copy Plus Paper,1,0.15,34.96,-12.94
CA-2023-002446,2023-07-07,2023-07-13,CU-1794,Consumer,Central,Technology,Accessories,Logitech G910 Mechanical Keyboard,1,0.15,242.53,24.95
CA-2024-002447,2024-06-08,2024-06-12,CU-1612,Consumer,West,Office Supplies,Art,Newell 312 Mechanical Pencil,1,0.0,9.61,-19.69
CA-2024-002448,2024-04-27,2024-05-04,CU-1710,Home Office,West,Technology,Machines,Zebra ZP 450 Thermal Label Printer,1,0.0,545.75,104.74
CA-2024-002449,2024-02-14,2024-02-15,CU-1686,Home Office,South,Office Supplies,Supplies,Stanley Bostitch Heavy-Duty Stapler,1,0.3,38.05,-20.78
CA-2024-002450,2024-08-07,2024-08-09,CU-1432,Home Office,Central,Technology,Accessories,Logitech MX Master Wireless Mouse,1,0.0,155.57,27.22
CA-2024-002451,2024-07-12,2024-07-19,CU-1062,Consumer,West,Office Supplies,Paper,Xerox Premium Multipurpose Paper,2,0.0,101.36,14.11
CA-2023-002452,2023-06-16,2023-06-21,CU-1594,Home Office,East,Furniture,Bookcases,Sauder Camden County Barrister Bookcase,2,0.2,1129.09,-28.99
CA-2024-002453,2024-06-05,2024-06-12,CU-1122,Home Office,East,Office Supplies,Fasteners,OIC Heavy-Duty Binder Clips,2,0.1,12.03,-18.92
CA-2024-002454,2024-03-04,2024-03-10,CU-1468,Home Office,Central,Office Supplies,Storage,Fellowes Bankers Box Heavy-Duty Storage Boxes,3,0.0,280.25,64.97
CA-2024-002455,2024-06-30,2024-07-04,CU-1030,Consumer,East,Technology,Accessories,Belkin 8-Outlet Surge Protector,1,0.0,79.85,-2.86
CA-2023-002456,2023-03-31,2023-04-06,CU-1019,Consumer,South,Technology,Accessories,SanDisk Ultra 64GB USB Flash Drive,4,0.0,141.3,22.48
CA-2024-002457,2024-01-03,2024-01-10,CU-1065,Home Office,South,Office Supplies,Envelopes,Avery Self-Adhesive Address Labels,5,0.0,120.52,27.68
CA-2024-002458,2024-07-05,2024-07-09,CU-1278,Consumer,South,Technology,Machines,Zebra ZP 450 Thermal Label Printer,1,0.3,363.81,4.01
CA-2024-002459,2024-11-05,2024-11-12,CU-1758,Consumer,West,Furniture,Bookcases,Bush Westfield Collection Bookcase,1,0.0,598.38,56.45
CA-2024-002460,2024-07-05,2024-07-06,CU-1656,Corporate,East,Office Supplies,Paper,Hammermill Copy Plus Paper,1,0.2,32.42,-15.77
CA-2024-002461,2024-11-25,2024-11-26,CU-1053,Consumer,West,Office Supplies,Storage,Fellowes Bankers Box Heavy-Duty Storage Boxes,2,0.1,166.77,24.85
CA-2024-002462,2024-10-28,2024-11-04,CU-1669,Home Office,Central,Furniture,Bookcases,Bush Westfield Collection Bookcase,2,0.2,923.25,5.75
CA-2023-002463,2023-12-03,2023-12-04,CU-1159,Corporate,South,Technology,Machines,Zebra ZP 450 Thermal Label Printer,1,0.0,514.7,107.33
CA-2023-002464,2023-02-13,2023-02-17,CU-1919,Consumer,West,Furniture,Furnishings,DAX Two-Tone Rosewood/Black Document Frame,1,0.0,41.64,-11.34
CA-2023-002465,2023-06-13,2023-06-17,CU-1788,Corporate,South,Technology,Accessories,Logitech MX Master Wireless Mouse,1,0.2,131.13,1.3
CA-2024-002466,2024-06-23,2024-06-26,CU-1675,Home Office,South,Office Supplies,Supplies,Stanley Bostitch Heavy-Duty Stapler,1,0.15,47.35,-13.89
CA-2024-002467,2024-08-01,2024-08-03,CU-1433,Home Office,Central,Office Supplies,Fasteners,OIC Heavy-Duty Binder Clips,1,0.0,6.14,-20.8
CA-2024-002468,2024-09-06,2024-09-10,CU-1033,Home Office,East,Furniture,Furnishings,DAX Two-Tone Rosewood/Black Document Frame,1,0.0,40.56,-13.29
CA-2023-002469,2023-01-18,2023-01-20,CU-1431,Consumer,South,Office Supplies,Fasteners,OIC Heavy-Duty Binder Clips,1,0.1,6.3,-20.86
CA-2023-002470,2023-10-15,2023-10-18,CU-1342,Home Office,West,Furniture,Chairs,Global Deluxe High-Back Manager's Chair,3,0.0,1910.92,303.55
CA-2023-002471,2023-01-07,2023-01-08,CU-1305,Consumer,South,Technology,Accessories,Logitech G910 Mechanical Keyboard,2,0.0,547.01,136.18
CA-2023-002472,2023-08-09,2023-08-13,CU-1372,Consumer,Central,Office Supplies,Envelopes,Avery Self-Adhesive Address Labels,2,0.2,33.27,-14.65
CA-2023-002473,2023-07-07,2023-07-12,CU-1255,Home Office,West,Furniture,Tables,Hon Every-Day Round Conference Table,2,0.0,2964.26,320.97
CA-2024-002474,2024-10-26,2024-11-02,CU-1864,Home Office,South,Office Supplies,Paper,Hammermill Copy Plus Paper,1,0.15,33.53,-14.65
CA-2023-002475,2023-02-13,2023-02-16,CU-1545,Corporate,South,Office Supplies,Paper,Xerox Premium Multipurpose Paper,2,0.0,103.41,14.0
CA-2023-002476,2023-10-13,2023-10-19,CU-1920,Home Office,East,Office Supplies,Binders,Fellowes PB500 Electric Punch Plastic Comb Binding Machine with Manual Bind,1,0.0,1376.95,357.84
CA-2023-002477,2023-05-02,2023-05-05,CU-1961,Home Office,West,Furniture,Furnishings,DAX Two-Tone Rosewood/Black Document Frame,2,0.3,55.3,-17.84
CA-2024-002478,2024-02-25,2024-02-27,CU-1474,Home Office,West,Technology,Machines,HP LaserJet Pro M404n Printer,4,0.0,1518.03,328.69
CA-2023-002479,2023-10-18,2023-10-23,CU-1875,Home Office,East,Office Supplies,Binders,GBC Ibimaster 500 Manual ProClick Binding System,1,0.0,858.1,179.84
CA-2023-002480,2023-05-19,2023-05-25,CU-1420,Home Office,East,Office Supplies,Binders,GBC DocuBind TL300 Electric Binding System,1,0.1,846.57,88.92
CA-2023-002481,2023-01-12,2023-01-16,CU-1181,Consumer,South,Office Supplies,Paper,Hammermill Copy Plus Paper,1,0.0,44.53,-6.68
CA-2024-002482,2024-01-22,2024-01-27,CU-1936,Home Office,East,Technology,Machines,HP LaserJet Pro M404n Printer,3,0.2,1020.28,70.32
CA-2023-002483,2023-08-09,2023-08-12,CU-1727,Corporate,West,Office Supplies,Supplies,Stanley Bostitch Heavy-Duty Stapler,2,0.15,93.7,-4.11
CA-2024-002484,2024-09-17,2024-09-19,CU-1176,Consumer,South,Office Supplies,Paper,Xerox Premium Multipurpose Paper,2,0.0,96.41,12.78
CA-2024-002485,2024-09-14,2024-09-21,CU-1613,Consumer,East,Furniture,Bookcases,Bush Westfield Collection Bookcase,1,0.1,527.24,27.83
CA-2023-002486,2023-05-10,2023-05-14,CU-1674,Home Office,West,Technology,Copiers,Canon imageCLASS 2200 Advanced Copier,1,0.0,2135.35,642.75
CA-2024-002487,2024-02-13,2024-02-15,CU-1667,Home Office,East,Technology,Accessories,Belkin 8-Outlet Surge Protector,2,0.2,140.54,-3.59
CA-2023-002488,2023-02-04,2023-02-11,CU-1528,Home Office,West,Furniture,Furnishings,Eldon Image Series Desk Accessories,4,0.0,256.39,55.93
CA-2023-002489,2023-11-26,2023-11-28,CU-1445,Home Office,South,Furniture,Tables,Hon Every-Day Round Conference Table,3,0.0,3858.89,396.86
CA-2024-002490,2024-11-18,2024-11-22,CU-1011,Corporate,East,Furniture,Furnishings,Eldon Image Series Desk Accessories,2,0.1,123.84,10.0
CA-2023-002491,2023-02-26,2023-03-03,CU-1436,Corporate,Central,Technology,Accessories,Logitech G910 Mechanical Keyboard,1,0.0,269.17,51.14
CA-2024-002492,2024-09-29,2024-10-02,CU-1847,Home Office,Central,Office Supplies,Envelopes,Avery Self-Adhesive Address Labels,2,0.0,47.76,-2.15
CA-2024-002493,2024-10-26,2024-11-02,CU-1251,Home Office,Central,Office Supplies,Paper,Xerox Premium Multipurpose Paper,1,0.2,38.3,-12.67
CA-2024-002494,2024-04-04,2024-04-09,CU-1156,Home Office,South,Office Supplies,Paper,Xerox Premium Multipurpose Paper,1,0.0,52.35,-0.95
CA-2023-002495,2023-01-07,2023-01-10,CU-1230,Consumer,East,Furniture,Bookcases,Bush Westfield Collection Bookcase,4,0.0,2093.01,170.91
CA-2024-002496,2024-05-08,2024-05-14,CU-1201,Home Office,East,Office Supplies,Fasteners,OIC Heavy-Duty Binder Clips,3,0.0,18.35,-14.72
CA-2023-002497,2023-03-17,2023-03-21,CU-1679,Consumer,Central,Technology,Machines,HP LaserJet Pro M404n Printer,1,0.0,383.02,70.35
CA-2023-002498,2023-05-31,2023-06-06,CU-1203,Home Office,West,Office Supplies,Storage,Fellowes Bankers Box Heavy-Duty Storage Boxes,2,0.15,153.26,6.1
CA-2023-002499,2023-07-18,2023-07-20,CU-1317,Corporate,West,Office Supplies,Paper,Hammermill Copy Plus Paper,1,0.1,39.28,-10.22
CA-2023-002500,2023-10-21,2023-10-26,CU-1547,Corporate,East,Office Supplies,Fasteners,OIC Heavy-Duty Binder Clips,2,0.0,12.17,-17.56
CA-2023-002501,2023-08-19,2023-08-22,CU-1329,Consumer,Central,Technology,Machines,HP LaserJet Pro M404n Printer,4,0.2,1368.51,137.09
CA-2024-002502,2024-04-27,2024-05-03,CU-1494,Home Office,East,Furniture,Chairs,HON 5400 Series Task Chairs for Big and Tall,3,0.1,2931.19,294.38
CA-2024-002503,2024-11-04,2024-11-06,CU-1261,Consumer,Central,Furniture,Furnishings,DAX Two-Tone Rosewood/Black Document Frame,2,0.0,80.51,-1.72
CA-2024-002504,2024-07-25,2024-08-01,CU-1827,Consumer,South,Office Supplies,Paper,Xerox Premium Multipurpose Paper,1,0.0,53.91,-1.34
CA-2024-002505,2024-04-07,2024-04-10,CU-1119,Corporate,Central,Furniture,Furnishings,Eldon Image Series Desk Accessories,3,0.0,194.61,45.82
CA-2024-002506,2024-10-24,2024-10-28,CU-1820,Consumer,South,Technology,Accessories,Belkin 8-Outlet Surge Protector,1,0.0,82.5,1.8
CA-2023-002507,2023-11-23,2023-11-26,CU-1807,Home Office,East,Technology,Accessories,Logitech MX Master Wireless Mouse,1,0.0,170.02,28.53
CA-2023-002508,2023-07-02,2023-07-03,CU-1785,Home Office,Central,Technology,Accessories,SanDisk Ultra 64GB USB Flash Drive,1,0.0,31.82,-13.03
CA-2023-002509,2023-09-02,2023-09-07,CU-1995,Home Office,Central,Office Supplies,Paper,Xerox Premium Multipurpose Paper,3,0.1,144.15,22.57
CA-2024-002510,2024-11-06,2024-11-10,CU-1092,Corporate,South,Office Supplies,Art,Newell 312 Mechanical Pencil,1,0.0,9.01,-19.69
CA-2024-002511,2024-12-09,2024-12-13,CU-1135,Consumer,Central,Office Supplies,Labels,"Avery 5"" x 8"" Label",1,0.0,16.89,-16.15
CA-2023-002512,2023-07-14,2023-07-19,CU-1054,Corporate,West,Technology,Machines,HP LaserJet Pro M404n Printer,1,0.15,351.68,29.07
CA-2023-002513,2023-02-13,2023-02-18,CU-1042,Home Office,Central,Office Supplies,Supplies,Stanley Bostitch Heavy-Duty Stapler,2,0.0,121.61,13.53
CA-2024-002514,2024-09-05,2024-09-11,CU-1288,Consumer,Central,Office Supplies,Fasteners,OIC Heavy-Duty Binder Clips,1,0.1,6.19,-20.98
CA-2023-002515,2023-04-05,2023-04-07,CU-1550,Corporate,South,Office Supplies,Labels,"Avery 5"" x 8"" Label",3,0.15,44.22,-9.84
CA-2024-002516,2024-07-28,2024-07-29,CU-1671,Corporate,Central,Office Supplies,Storage,Fellowes Bankers Box Heavy-Duty Storage Boxes,3,0.0,273.32,55.07
CA-2023-002517,2023-10-30,2023-11-03,CU-1926,Corporate,Central,Technology,Accessories,SanDisk Ultra 64GB USB Flash Drive,2,0.0,59.4,-6.18
CA-2024-002518,2024-05-02,2024-05-06,CU-1808,Consumer,East,Office Supplies,Storage,Tennsco Industrial Steel Shelving,1,0.0,353.21,73.54
CA-2024-002519,2024-10-17,2024-10-19,CU-1586,Corporate,East,Office Supplies,Binders,GBC Ibimaster 500 Manual ProClick Binding System,2,0.0,1695.75,359.06
CA-2024-002520,2024-08-13,2024-08-16,CU-1417,Consumer,East,Office Supplies,Paper,Hammermill Copy Plus Paper,2,0.15,76.53,-3.94
CA-2023-002521,2023-12-01,2023-12-07,CU-1767,Corporate,Central,Technology,Accessories,SanDisk Ultra 64GB USB Flash Drive,1,0.0,30.94,-15.19
CA-2024-002522,2024-07-01,2024-07-04,CU-1928,Corporate,West,Office Supplies,Binders,Fellowes PB500 Electric Punch Plastic Comb Binding Machine with Manual Bind,1,0.15,1211.79,122.1
CA-2023-002523,2023-02-19,2023-02-22,CU-1849,Consumer,South,Furniture,Bookcases,Sauder Camden County Barrister Bookcase,1,0.0,695.78,17.23
CA-2023-002524,2023-02-15,2023-02-17,CU-1008,Home Office,Central,Office Supplies,Supplies,Stanley Bostitch Heavy-Duty Stapler,3,0.0,172.37,24.6
CA-2023-002525,2023-01-12,2023-01-19,CU-1242,Home Office,Central,Furniture,Chairs,Global Deluxe High-Back Manager's Chair,1,0.0,583.25,83.69
CA-2023-002526,2023-05-27,2023-05-30,CU-1471,Corporate,West,Technology,Accessories,Logitech MX Master Wireless Mouse,2,0.0,335.83,84.04
CA-2024-002527,2024-12-13,2024-12-18,CU-1042,Consumer,West,Office Supplies,Paper,Xerox Premium Multipurpose Paper,3,0.1,147.63,31.85
CA-2023-002528,2023-02-14,2023-02-16,CU-1677,Corporate,South,Furniture,Furnishings,DAX Two-Tone Rosewood/Black Document Frame,1,0.2,35.72,-16.21
CA-2023-002529,2023-10-07,2023-10-13,CU-1288,Home Office,South,Office Supplies,Envelopes,Avery Self-Adhesive Address Labels,1,0.0,23.13,-13.32
CA-2023-002530,2023-12-04,2023-12-06,CU-1609,Corporate,South,Office Supplies,Art,Newell 312 Mechanical Pencil,1,0.0,9.71,-19.36
CA-2024-002531,2024-10-06,2024-10-09,CU-1415,Consumer,East,Office Supplies,Art,Newell 312 Mechanical Pencil,1,0.15,7.84,-21.17
CA-2024-002532,2024-09-03,2024-09-10,CU-1417,Corporate,Central,Office Supplies,Labels,"Avery 5"" x 8"" Label",1,0.0,17.71,-16.36
CA-2023-002533,2023-08-29,2023-09-05,CU-1458,Consumer,South,Office Supplies,Paper,Xerox Premium Multipurpose Paper,3,0.15,127.33,14.8
CA-2024-002534,2024-04-04,2024-04-11,CU-1361,Consumer,South,Office Supplies,Fasteners,OIC Heavy-Duty Binder Clips,2,0.2,10.46,-20.22
CA-2024-002535,2024-05-31,2024-06-03,CU-1695,Home Office,Central,Office Supplies,Binders,Fellowes PB500 Electric Punch Plastic Comb Binding Machine with Manual Bind,1,0.0,1211.78,273.36
CA-2024-002536,2024-03-09,2024-03-13,CU-1382,Consumer,East,Technology,Accessories,SanDisk Ultra 64GB USB Flash Drive,1,0.0,32.65,-13.26
CA-2023-002537,2023-09-19,2023-09-22,CU-1726,Corporate,South,Office Supplies,Binders,GBC Ibimaster 500 Manual ProClick Binding System,1,0.0,803.93,121.81
CA-2024-002538,2024-01-10,2024-01-12,CU-1055,Corporate,West,Technology,Phones,Polycom CX600 IP Phone,3,0.1,1213.52,118.58
CA-2023-002539,2023-05-07,2023-05-12,CU-1407,Corporate,South,Furniture,Bookcases,Sauder Camden County Barrister Bookcase,1,0.1,640.81,-7.21
CA-2024-002540,2024-02-19,2024-02-24,CU-1330,Home Office,West,Furniture,Chairs,Global Deluxe High-Back Manager's Chair,1,0.2,500.98,-16.08
CA-2023-002541,2023-09-28,2023-10-04,CU-1050,Consumer,East,Office Supplies,Fasteners,OIC Heavy-Duty Binder Clips,1,0.0,6.07,-20.76
CA-2024-002542,2024-12-11,2024-12-15,CU-1825,Home Office,Central,Technology,Accessories,Belkin 8-Outlet Surge Protector,3,0.0,233.49,48.13
CA-2024-002543,2024-07-31,2024-08-02,CU-1836,Consumer,West,Technology,Accessories,Logitech G910 Mechanical Keyboard,2,0.0,507.21,105.53
CA-2023-002544,2023-08-06,2023-08-13,CU-1190,Home Office,East,Office Supplies,Labels,"Avery 5"" x 8"" Label",1,0.3,12.2,-20.95
CA-2023-002545,2023-11-26,2023-11-28,CU-1632,Home Office,East,Technology,Accessories,SanDisk Ultra 64GB USB Flash Drive,3,0.2,83.48,-7.45
CA-2023-002546,2023-09-22,2023-09-24,CU-1547,Corporate,East,Office Supplies,Paper,Hammermill Copy Plus Paper,3,0.1,115.81,10.6
CA-2023-002547,2023-02-17,2023-02-19,CU-1066,Corporate,East,Furniture,Bookcases,Bush Westfield Collection Bookcase,1,0.1,482.7,24.06
CA-2023-002548,2023-08-22,2023-08-29,CU-1675,Consumer,East,Technology,Accessories,SanDisk Ultra 64GB USB Flash Drive,1,0.0,30.82,-14.53
CA-2024-002549,2024-09-14,2024-09-15,CU-1275,Home Office,South,Technology,Accessories,SanDisk Ultra 64GB USB Flash Drive,1,0.15,29.41,-17.53
CA-2023-002550,2023-05-10,2023-05-14,CU-1071,Consumer,East,Office Supplies,Binders,GBC DocuBind TL300 Electric Binding System,4,0.0,3886.66,865.17
CA-2023-002551,2023-05-08,2023-05-09,CU-1158,Consumer,West,Technology,Copiers,Canon imageCLASS 2200 Advanced Copier,3,0.15,6136.97,1124.19
CA-2024-002552,2024-10-02,2024-10-08,CU-1961,Consumer,West,Technology,Accessories,SanDisk Ultra 64GB USB Flash Drive,3,0.0,96.9,4.93
CA-2024-002553,2024-06-02,2024-06-08,CU-1947,Corporate,Central,Office Supplies,Storage,Tennsco Industrial Steel Shelving,4,0.0,1366.94,329.13
CA-2023-002554,2023-08-01,2023-08-06,CU-1638,Home Office,South,Office Supplies,Paper,Xerox Premium Multipurpose Paper,1,0.15,42.64,-11.31
CA-2023-002555,2023-05-19,2023-05-25,CU-1745,Consumer,East,Furniture,Furnishings,Eldon Image Series Desk Accessories,2,0.0,132.27,24.61
CA-2024-002556,2024-05-22,2024-05-25,CU-1171,Corporate,West,Office Supplies,Binders,Fellowes PB500 Electric Punch Plastic Comb Binding Machine with Manual Bind,2,0.0,2791.73,644.3
CA-2024-002557,2024-03-06,2024-03-08,CU-1862,Consumer,East,Office Supplies,Paper,Xerox Premium Multipurpose Paper,4,0.15,173.54,25.18
CA-2024-002558,2024-12-24,2024-12-28,CU-1966,Corporate,South,Technology,Machines,Zebra ZP 450 Thermal Label Printer,1,0.3,370.49,-0.36
CA-2024-002559,2024-02-26,2024-03-03,CU-1213,Consumer,East,Office Supplies,Binders,GBC Ibimaster 500 Manual ProClick Binding System,2,0.0,1652.06,325.78
CA-2024-002560,2024-08-24,2024-08-30,CU-1862,Home Office,Central,Technology,Accessories,SanDisk Ultra 64GB USB Flash Drive,2,0.1,62.01,-6.74
CA-2023-002561,2023-09-21,2023-09-26,CU-1833,Corporate,Central,Furniture,Bookcases,Sauder Camden County Barrister Bookcase,1,0.0,739.22,58.24
CA-2023-002562,2023-10-16,2023-10-21,CU-1303,Consumer,East,Office Supplies,Labels,"Avery 5"" x 8"" Label",2,0.0,34.92,-7.48
CA-2023-002563,2023-05-15,2023-05-21,CU-1735,Home Office,Central,Furniture,Chairs,Global Deluxe High-Back Manager's Chair,2,0.2,921.96,-16.45
CA-2024-002564,2024-11-07,2024-11-14,CU-1016,Consumer,Central,Furniture,Tables,Hon Every-Day Round Conference Table,1,0.0,1511.24,94.35
CA-2023-002565,2023-07-06,2023-07-12,CU-1197,Home Office,South,Office Supplies,Paper,Hammermill Copy Plus Paper,2,0.3,61.77,-13.33
CA-2024-002566,2024-05-24,2024-05-27,CU-1764,Home Office,West,Technology,Accessories,Logitech G910 Mechanical Keyboard,3,0.1,697.42,141.55
CA-2023-002567,2023-03-07,2023-03-14,CU-1538,Home Office,West,Office Supplies,Art,Newell 312 Mechanical Pencil,1,0.0,10.4,-19.46
CA-2023-002568,2023-03-01,2023-03-04,CU-1714,Consumer,East,Office Supplies,Fasteners,OIC Heavy-Duty Binder Clips,5,0.0,32.56,-8.79
CA-2024-002569,2024-12-15,2024-12-21,CU-1613,Home Office,South,Furniture,Tables,Bretford Rectangular Conference Table,2,0.0,3523.98,463.7
CA-2024-002570,2024-02-05,2024-02-06,CU-1793,Corporate,East,Office Supplies,Supplies,Stanley Bostitch Heavy-Duty Stapler,1,0.0,55.57,-8.24
CA-2024-002571,2024-11-25,2024-11-30,CU-1404,Consumer,Central,Furniture,Bookcases,Bush Westfield Collection Bookcase,1,0.1,542.74,-6.34
CA-2024-002572,2024-07-10,2024-07-11,CU-1428,Corporate,South,Office Supplies,Envelopes,Avery Self-Adhesive Address Labels,1,0.0,21.76,-15.61
CA-2023-002573,2023-11-23,2023-11-29,CU-1535,Corporate,South,Office Supplies,Paper,Hammermill Copy Plus Paper,1,0.2,32.08,-15.13
CA-2023-002574,2023-12-02,2023-12-09,CU-1481,Corporate,South,Technology,Accessories,SanDisk Ultra 64GB USB Flash Drive,3,0.0,106.01,7.26
CA-2023-002575,2023-01-06,2023-01-07,CU-1543,Consumer,South,Office Supplies,Binders,GBC DocuBind TL300 Electric Binding System,1,0.0,1009.05,191.24
CA-2024-002576,2024-11-30,2024-12-01,CU-1913,Corporate,South,Office Supplies,Paper,Xerox Premium Multipurpose Paper,1,0.0,50.08,-5.25
CA-2023-002577,2023-09-24,2023-09-25,CU-1868,Consumer,East,Technology,Accessories,SanDisk Ultra 64GB USB Flash Drive,2,0.0,62.63,-5.64
CA-2024-002578,2024-06-25,2024-06-29,CU-1840,Corporate,Central,Furniture,Tables,Hon Every-Day Round Conference Table,5,0.0,7359.59,910.19
CA-2023-002579,2023-03-07,2023-03-11,CU-1959,Corporate,East,Office Supplies,Binders,Fellowes PB500 Electric Punch Plastic Comb Binding Machine with Manual Bind,1,0.0,1419.65,308.11
CA-2023-002580,2023-08-06,2023-08-11,CU-1553,Home Office,East,Office Supplies,Fasteners,OIC Heavy-Duty Binder Clips,1,0.0,6.87,-20.32
CA-2023-002581,2023-02-01,2023-02-06,CU-1597,Corporate,Central,Technology,Accessories,SanDisk Ultra 64GB USB Flash Drive,1,0.0,31.16,-13.73
CA-2024-002582,2024-09-13,2024-09-17,CU-1138,Corporate,South,Office Supplies,Envelopes,Avery Self-Adhesive Address Labels,3,0.2,56.91,-5.1
CA-2023-002583,2023-06-06,2023-06-11,CU-1325,Consumer,West,Furniture,Furnishings,Eldon Image Series Desk Accessories,1,0.0,63.74,-4.06
CA-2023-002584,2023-07-29,2023-08-01,CU-1014,Home Office,South,Office Supplies,Supplies,Stanley Bostitch Heavy-Duty Stapler,1,0.1,48.71,-12.16
CA-2024-002585,2024-05-25,2024-05-31,CU-1848,Home Office,Central,Office Supplies,Fasteners,OIC Heavy-Duty Binder Clips,1,0.0,6.08,-20.92
CA-2023-002586,2023-05-24,2023-05-30,CU-1892,Consumer,East,Technology,Machines,HP LaserJet Pro M404n Printer,1,0.1,355.65,30.08
CA-2023-002587,2023-04-03,2023-04-06,CU-1861,Consumer,West,Furniture,Tables,Hon Every-Day Round Conference Table,2,0.15,2313.78,-41.41
CA-2023-002588,2023-07-15,2023-07-22,CU-1482,Corporate,West,Office Supplies,Storage,Fellowes Bankers Box Heavy-Duty Storage Boxes,1,0.0,92.47,6.92
CA-2024-002589,2024-04-16,2024-04-19,CU-1435,Home Office,South,Office Supplies,Fasteners,OIC Heavy-Duty Binder Clips,4,0.0,25.68,-11.02
CA-2024-002590,2024-12-04,2024-12-09,CU-1620,Corporate,West,Office Supplies,Supplies,Stanley Bostitch Heavy-Duty Stapler,1,0.0,58.67,-8.02
CA-2024-002591,2024-12-14,2024-12-19,CU-1225,Consumer,West,Technology,Accessories,SanDisk Ultra 64GB USB Flash Drive,1,0.1,27.46,-16.43
CA-2023-002592,2023-02-01,2023-02-07,CU-1470,Corporate,West,Office Supplies,Fasteners,OIC Heavy-Duty Binder Clips,2,0.0,13.58,-17.34
CA-2023-002593,2023-10-27,2023-11-01,CU-1186,Home Office,East,Furniture,Chairs,Global Deluxe High-Back Manager's Chair,3,0.0,1927.11,266.56
CA-2024-002594,2024-11-03,2024-11-09,CU-1817,Consumer,West,Furniture,Bookcases,Sauder Camden County Barrister Bookcase,1,0.0,748.3,61.31
CA-2024-002595,2024-07-07,2024-07-12,CU-1576,Corporate,West,Technology,Accessories,Logitech MX Master Wireless Mouse,2,0.2,274.9,32.67
CA-2024-002596,2024-09-29,2024-10-04,CU-1742,Consumer,East,Office Supplies,Envelopes,Avery Self-Adhesive Address Labels,1,0.0,20.78,-15.77
CA-2024-002597,2024-10-31,2024-11-04,CU-1175,Consumer,West,Technology,Accessories,Logitech MX Master Wireless Mouse,2,0.2,238.01,12.32
CA-2024-002598,2024-11-26,2024-12-03,CU-1843,Corporate,West,Office Supplies,Envelopes,Avery Self-Adhesive Address Labels,1,0.15,19.71,-17.5
CA-2023-002599,2023-02-26,2023-03-04,CU-1265,Consumer,West,Furniture,Furnishings,DAX Two-Tone Rosewood/Black Document Frame,1,0.0,40.96,-12.18
CA-2024-002600,2024-03-06,2024-03-10,CU-1557,Home Office,Central,Office Supplies,Storage,Fellowes Bankers Box Heavy-Duty Storage Boxes,1,0.0,96.33,9.86
CA-2024-002601,2024-04-08,2024-04-14,CU-1059,Home Office,South,Furniture,Chairs,Global Deluxe High-Back Manager's Chair,1,0.0,572.18,67.38
CA-2024-002602,2024-01-14,2024-01-19,CU-1215,Home Office,South,Technology,Machines,HP LaserJet Pro M404n Printer,2,0.1,700.25,120.46
CA-2024-002603,2024-07-17,2024-07-22,CU-1490,Corporate,Central,Office Supplies,Paper,Hammermill Copy Plus Paper,1,0.0,38.81,-10.64
CA-2023-002604,2023-06-04,2023-06-06,CU-1617,Consumer,South,Office Supplies,Envelopes,Avery Self-Adhesive Address Labels,2,0.0,47.74,-2.75
CA-2023-002605,2023-04-01,2023-04-06,CU-1535,Home Office,West,Furniture,Furnishings,DAX Two-Tone Rosewood/Black Document Frame,1,0.0,41.85,-10.36
CA-2024-002606,2024-11-02,2024-11-09,CU-1500,Consumer,West,Technology,Accessories,SanDisk Ultra 64GB USB Flash Drive,1,0.0,34.28,-12.51
CA-2024-002607,2024-02-02,2024-02-08,CU-1135,Consumer,West,Technology,Accessories,SanDisk Ultra 64GB USB Flash Drive,4,0.0,121.13,14.44
CA-2023-002608,2023-05-31,2023-06-05,CU-1723,Home Office,West,Office Supplies,Art,Newell 312 Mechanical Pencil,1,0.1,8.23,-20.83
CA-2024-002609,2024-11-08,2024-11-11,CU-1502,Corporate,West,Office Supplies,Fasteners,OIC Heavy-Duty Binder Clips,1,0.0,6.9,-20.69
CA-2024-002610,2024-06-07,2024-06-12,CU-1346,Corporate,West,Office Supplies,Paper,Hammermill Copy Plus Paper,1,0.1,35.4,-11.21
CA-2023-002611,2023-01-14,2023-01-21,CU-1920,Consumer,Central,Office Supplies,Art,Newell 312 Mechanical Pencil,1,0.0,9.04,-19.61
CA-2023-002612,2023-11-27,2023-11-30,CU-1033,Corporate,East,Office Supplies,Storage,Fellowes Bankers Box Heavy-Duty Storage Boxes,1,0.15,72.88,-6.09
CA-2024-002613,2024-10-21,2024-10-22,CU-1727,Corporate,South,Office Supplies,Art,Newell 312 Mechanical Pencil,2,0.1,18.01,-16.84
CA-2023-002614,2023-02-15,2023-02-18,CU-1315,Corporate,Central,Office Supplies,Paper,Xerox Premium Multipurpose Paper,1,0.0,56.03,-2.32
CA-2024-002615,2024-10-29,2024-11-04,CU-1050,Consumer,West,Technology,Phones,Polycom CX600 IP Phone,1,0.0,424.45,46.49
CA-2024-002616,2024-07-02,2024-07-06,CU-1076,Home Office,Central,Technology,Phones,Polycom CX600 IP Phone,2,0.0,891.08,138.92
CA-2024-002617,2024-08-19,2024-08-25,CU-1145,Consumer,South,Office Supplies,Paper,Hammermill Copy Plus Paper,3,0.1,112.4,15.44
CA-2024-002618,2024-10-04,2024-10-07,CU-1300,Consumer,East,Office Supplies,Paper,Xerox Premium Multipurpose Paper,1,0.0,56.08,-1.12
CA-2024-002619,2024-03-09,2024-03-15,CU-1137,Home Office,South,Furniture,Furnishings,DAX Two-Tone Rosewood/Black Document Frame,4,0.15,129.73,0.43
CA-2024-002620,2024-05-06,2024-05-08,CU-1510,Corporate,West,Office Supplies,Supplies,Stanley Bostitch Heavy-Duty Stapler,1,0.0,52.3,-7.85
CA-2024-002621,2024-12-24,2024-12-26,CU-1402,Home Office,East,Office Supplies,Envelopes,Avery Self-Adhesive Address Labels,2,0.0,43.82,-6.87
CA-2024-002622,2024-12-28,2024-12-29,CU-1311,Home Office,East,Technology,Accessories,Logitech MX Master Wireless Mouse,3,0.0,475.93,126.71
CA-2023-002623,2023-08-21,2023-08-23,CU-1355,Home Office,South,Technology,Accessories,Logitech G910 Mechanical Keyboard,1,0.15,235.48,12.72
CA-2024-002624,2024-07-04,2024-07-06,CU-1298,Corporate,West,Office Supplies,Envelopes,Avery Self-Adhesive Address Labels,2,0.0,44.04,-6.42
CA-2024-002625,2024-12-27,2024-12-30,CU-1290,Home Office,Central,Office Supplies,Paper,Xerox Premium Multipurpose Paper,2,0.0,105.82,17.23
CA-2024-002626,2024-10-04,2024-10-08,CU-1003,Corporate,Central,Furniture,Furnishings,Eldon Image Series Desk Accessories,4,0.2,198.08,14.76
CA-2023-002627,2023-06-15,2023-06-17,CU-1965,Corporate,Central,Office Supplies,Binders,GBC Ibimaster 500 Manual ProClick Binding System,2,0.0,1639.56,323.12
CA-2023-002628,2023-08-22,2023-08-29,CU-1722,Home Office,South,Technology,Accessories,SanDisk Ultra 64GB USB Flash Drive,3,0.1,85.95,1.13
CA-2024-002629,2024-07-29,2024-07-31,CU-1829,Home Office,East,Office Supplies,Labels,"Avery 5"" x 8"" Label",3,0.0,55.4,-1.15
CA-2024-002630,2024-07-02,2024-07-06,CU-1831,Consumer,West,Furniture,Furnishings,Eldon Image Series Desk Accessories,2,0.0,125.84,24.52
CA-2024-002631,2024-10-11,2024-10-14,CU-1838,Consumer,Central,Office Supplies,Storage,Tennsco Industrial Steel Shelving,2,0.1,654.59,100.97
CA-2024-002632,2024-07-25,2024-07-27,CU-1423,Corporate,Central,Office Supplies,Paper,Hammermill Copy Plus Paper,1,0.0,43.17,-5.8
CA-2023-002633,2023-01-02,2023-01-04,CU-1943,Consumer,East,Technology,Machines,HP LaserJet Pro M404n Printer,2,0.2,635.45,68.19
CA-2023-002634,2023-05-12,2023-05-14,CU-1921,Consumer,West,Office Supplies,Labels,"Avery 5"" x 8"" Label",5,0.0,90.0,12.4
CA-2024-002635,2024-03-09,2024-03-14,CU-1884,Corporate,Central,Furniture,Chairs,Global Deluxe High-Back Manager's Chair,1,0.0,646.85,58.58
CA-2023-002636,2023-12-02,2023-12-04,CU-1168,Consumer,East,Office Supplies,Fasteners,OIC Heavy-Duty Binder Clips,1,0.0,6.38,-20.95
CA-2023-002637,2023-12-25,2023-12-26,CU-1889,Corporate,Central,Office Supplies,Paper,Hammermill Copy Plus Paper,3,0.2,98.09,0.11
CA-2023-002638,2023-04-23,2023-04-28,CU-1801,Corporate,West,Office Supplies,Paper,Xerox Premium Multipurpose Paper,1,0.0,49.09,-3.99
CA-2024-002639,2024-09-19,2024-09-25,CU-1384,Corporate,Central,Office Supplies,Storage,Fellowes Bankers Box Heavy-Duty Storage Boxes,2,0.0,167.21,32.1
CA-2023-002640,2023-11-02,2023-11-07,CU-1331,Consumer,East,Furniture,Chairs,HON 5400 Series Task Chairs for Big and Tall,1,0.15,924.59,82.58
CA-2023-002641,2023-12-09,2023-12-12,CU-1798,Corporate,South,Office Supplies,Binders,GBC DocuBind TL300 Electric Binding System,2,0.0,2069.38,508.94
CA-2024-002642,2024-07-16,2024-07-20,CU-1480,Consumer,East,Office Supplies,Appliances,Hoover Commercial Lightweight Vacuum,1,0.2,359.8,-9.47
CA-2023-002643,2023-03-09,2023-03-12,CU-1493,Corporate,East,Furniture,Bookcases,Sauder Camden County Barrister Bookcase,1,0.1,660.26,-17.35
CA-2023-002644,2023-06-02,2023-06-05,CU-1603,Corporate,East,Technology,Phones,Polycom CX600 IP Phone,1,0.15,348.86,7.99
CA-2023-002645,2023-03-07,2023-03-09,CU-1507,Home Office,West,Furniture,Furnishings,DAX Two-Tone Rosewood/Black Document Frame,1,0.0,40.04,-12.7
CA-2024-002646,2024-03-11,2024-03-12,CU-1102,Home Office,West,Office Supplies,Art,Newell 312 Mechanical Pencil,1,0.0,9.39,-20.0
CA-2023-002647,2023-09-07,2023-09-08,CU-1443,Corporate,West,Office Supplies,Storage,Fellowes Bankers Box Heavy-Duty Storage Boxes,2,0.0,191.07,33.43
CA-2023-002648,2023-06-24,2023-06-30,CU-1099,Consumer,West,Technology,Phones,Polycom CX600 IP Phone,3,0.0,1251.29,206.22
CA-2024-002649,2024-10-08,2024-10-13,CU-1657,Home Office,Central,Office Supplies,Storage,Fellowes Bankers Box Heavy-Duty Storage Boxes,1,0.0,87.88,1.09
CA-2023-002650,2023-05-27,2023-06-03,CU-1381,Corporate,East,Office Supplies,Paper,Hammermill Copy Plus Paper,2,0.0,88.96,11.5
CA-2024-002651,2024-12-24,2024-12-30,CU-1514,Corporate,South,Technology,Machines,Zebra ZP 450 Thermal Label Printer,1,0.0,488.83,71.33
CA-2024-002652,2024-10-24,2024-10-30,CU-1172,Corporate,Central,Office Supplies,Storage,Tennsco Industrial Steel Shelving,3,0.0,1030.46,271.31
CA-2023-002653,2023-04-09,2023-04-12,CU-1262,Corporate,East,Technology,Accessories,SanDisk Ultra 64GB USB Flash Drive,1,0.0,29.82,-14.79
CA-2023-002654,2023-01-20,2023-01-21,CU-1144,Consumer,East,Technology,Machines,HP LaserJet Pro M404n Printer,1,0.2,313.48,19.74
CA-2023-002655,2023-05-20,2023-05-23,CU-1680,Consumer,Central,Furniture,Chairs,HON 5400 Series Task Chairs for Big and Tall,5,0.0,5608.75,819.88
CA-2024-002656,2024-01-17,2024-01-21,CU-1870,Consumer,Central,Technology,Accessories,Logitech MX Master Wireless Mouse,1,0.3,118.56,-7.22
CA-2023-002657,2023-08-01,2023-08-04,CU-1372,Consumer,West,Office Supplies,Art,Newell 312 Mechanical Pencil,1,0.1,8.16,-20.61
CA-2023-002658,2023-04-30,2023-05-07,CU-1695,Corporate,South,Furniture,Chairs,Global Deluxe High-Back Manager's Chair,1,0.1,541.89,45.9
CA-2023-002659,2023-05-10,2023-05-12,CU-1438,Consumer,East,Furniture,Furnishings,Eldon Image Series Desk Accessories,1,0.0,70.06,1.25
CA-2023-002660,2023-09-28,2023-10-03,CU-1597,Corporate,East,Office Supplies,Art,Newell 312 Mechanical Pencil,1,0.0,10.02,-19.2
CA-2024-002661,2024-03-23,2024-03-30,CU-1677,Home Office,South,Office Supplies,Paper,Hammermill Copy Plus Paper,2,0.1,79.3,-0.14
CA-2023-002662,2023-07-01,2023-07-06,CU-1181,Corporate,West,Office Supplies,Appliances,Hoover Commercial Lightweight Vacuum,1,0.0,495.72,68.7
CA-2024-002663,2024-01-15,2024-01-22,CU-1161,Corporate,East,Office Supplies,Storage,Fellowes Bankers Box Heavy-Duty Storage Boxes,3,0.0,278.34,62.73
CA-2024-002664,2024-10-16,2024-10-21,CU-1378,Consumer,East,Office Supplies,Binders,GBC DocuBind TL300 Electric Binding System,3,0.0,2677.27,559.27
CA-2024-002665,2024-02-19,2024-02-26,CU-1277,Corporate,West,Office Supplies,Envelopes,Avery Self-Adhesive Address Labels,1,0.0,21.92,-13.82
CA-2023-002666,2023-11-22,2023-11-28,CU-1130,Home Office,South,Furniture,Bookcases,Bush Westfield Collection Bookcase,1,0.1,522.14,25.23
CA-2023-002667,2023-09-13,2023-09-15,CU-1606,Consumer,South,Furniture,Furnishings,Eldon Image Series Desk Accessories,3,0.1,195.11,32.6
CA-2023-002668,2023-04-16,2023-04-19,CU-1973,Consumer,East,Office Supplies,Appliances,Hoover Commercial Lightweight Vacuum,1,0.0,484.79,89.9
CA-2023-002669,2023-11-28,2023-12-01,CU-1252,Home Office,Central,Furniture,Chairs,Global Deluxe High-Back Manager's Chair,2,0.0,1202.65,192.49
CA-2024-002670,2024-02-27,2024-03-05,CU-1242,Home Office,Central,Technology,Phones,Polycom CX600 IP Phone,2,0.0,836.7,132.76
CA-2024-002671,2024-03-01,2024-03-02,CU-1800,Home Office,East,Office Supplies,Paper,Xerox Premium Multipurpose Paper,1,0.2,38.28,-13.49
CA-2024-002672,2024-12-12,2024-12-16,CU-1060,Corporate,East,Technology,Phones,Polycom CX600 IP Phone,1,0.0,392.01,35.1
CA-2023-002673,2023-01-05,2023-01-06,CU-1019,Home Office,East,Furniture,Furnishings,Eldon Image Series Desk Accessories,2,0.15,122.21,11.83
CA-2024-002674,2024-01-31,2024-02-06,CU-1802,Consumer,South,Furniture,Furnishings,Eldon Image Series Desk Accessories,1,0.0,61.98,-3.26
CA-2024-002675,2024-03-28,2024-04-01,CU-1648,Consumer,West,Technology,Accessories,Logitech G910 Mechanical Keyboard,2,0.15,471.95,84.35
CA-2024-002676,2024-12-20,2024-12-23,CU-1142,Home Office,South,Office Supplies,Storage,Fellowes Bankers Box Heavy-Duty Storage Boxes,1,0.2,66.99,-12.59
CA-2023-002677,2023-01-12,2023-01-14,CU-1112,Consumer,West,Office Supplies,Paper,Xerox Premium Multipurpose Paper,2,0.0,106.42,22.89
CA-2024-002678,2024-12-20,2024-12-24,CU-1026,Corporate,East,Office Supplies,Supplies,Stanley Bostitch Heavy-Duty Stapler,2,0.0,110.44,13.57
CA-2023-002679,2023-08-12,2023-08-15,CU-1804,Home Office,Central,Furniture,Chairs,Global Deluxe High-Back Manager's Chair,1,0.0,608.09,57.34
CA-2023-002680,2023-04-27,2023-05-01,CU-1772,Consumer,East,Technology,Accessories,SanDisk Ultra 64GB USB Flash Drive,1,0.1,30.44,-17.11
CA-2023-002681,2023-08-20,2023-08-22,CU-1672,Consumer,South,Furniture,Furnishings,Eldon Image Series Desk Accessories,1,0.0,68.42,1.87
CA-2024-002682,2024-06-30,2024-07-07,CU-1745,Consumer,Central,Technology,Phones,Polycom CX600 IP Phone,1,0.1,391.88,15.78
CA-2024-002683,2024-03-20,2024-03-24,CU-1410,Consumer,South,Office Supplies,Envelopes,Avery Self-Adhesive Address Labels,1,0.3,16.64,-20.44
CA-2024-002684,2024-08-15,2024-08-21,CU-1671,Consumer,Central,Office Supplies,Labels,"Avery 5"" x 8"" Label",2,0.0,32.45,-8.71
CA-2023-002685,2023-06-04,2023-06-09,CU-1557,Consumer,Central,Office Supplies,Envelopes,Avery Self-Adhesive Address Labels,3,0.15,60.77,-4.3
CA-2024-002686,2024-09-27,2024-10-02,CU-1513,Home Office,South,Furniture,Chairs,HON 5400 Series Task Chairs for Big and Tall,1,0.0,1097.49,147.37
CA-2023-002687,2023-11-06,2023-11-11,CU-1062,Home Office,West,Furniture,Tables,Bretford Rectangular Conference Table,1,0.0,1715.15,89.27
CA-2024-002688,2024-08-02,2024-08-08,CU-1391,Consumer,Central,Technology,Phones,Polycom CX600 IP Phone,3,0.2,921.65,62.44
CA-2023-002689,2023-11-28,2023-12-05,CU-1897,Consumer,Central,Office Supplies,Appliances,Hoover Commercial Lightweight Vacuum,3,0.2,1193.0,34.91
CA-2024-002690,2024-08-19,2024-08-25,CU-1685,Consumer,East,Office Supplies,Storage,Fellowes Bankers Box Heavy-Duty Storage Boxes,3,0.0,248.57,63.73
CA-2024-002691,2024-06-17,2024-06-22,CU-1871,Home Office,South,Technology,Accessories,SanDisk Ultra 64GB USB Flash Drive,1,0.0,30.36,-14.09
CA-2023-002692,2023-11-21,2023-11-23,CU-1446,Corporate,South,Furniture,Tables,Hon Every-Day Round Conference Table,4,0.0,6041.6,441.62
CA-2024-002693,2024-05-17,2024-05-21,CU-1081,Consumer,West,Furniture,Furnishings,Eldon Image Series Desk Accessories,1,0.1,57.03,-6.04
CA-2023-002694,2023-11-05,2023-11-10,CU-1173,Consumer,East,Technology,Machines,HP LaserJet Pro M404n Printer,2,0.0,868.68,219.25
CA-2023-002695,2023-05-02,2023-05-05,CU-1339,Consumer,West,Furniture,Furnishings,Eldon Image Series Desk Accessories,1,0.1,55.36,-8.57
CA-2024-002696,2024-09-03,2024-09-09,CU-1352,Corporate,East,Office Supplies,Paper,Hammermill Copy Plus Paper,2,0.0,81.33,5.41
CA-2023-002697,2023-11-27,2023-11-29,CU-1372,Corporate,West,Office Supplies,Supplies,Stanley Bostitch Heavy-Duty Stapler,1,0.0,51.87,-9.82
CA-2023-002698,2023-03-08,2023-03-14,CU-1931,Corporate,West,Office Supplies,Appliances,Hoover Commercial Lightweight Vacuum,1,0.1,408.35,34.12
CA-2024-002699,2024-02-04,2024-02-09,CU-1378,Consumer,South,Furniture,Furnishings,Eldon Image Series Desk Accessories,2,0.2,101.04,-4.22
CA-2024-002700,2024-03-19,2024-03-23,CU-1303,Consumer,East,Office Supplies,Storage,Fellowes Bankers Box Heavy-Duty Storage Boxes,2,0.0,172.98,35.32
CA-2024-002701,2024-04-04,2024-04-10,CU-1414,Corporate,Central,Office Supplies,Supplies,Stanley Bostitch Heavy-Duty Stapler,1,0.0,52.45,-7.51
CA-2023-002702,2023-09-23,2023-09-27,CU-1669,Corporate,Central,Furniture,Furnishings,DAX Two-Tone Rosewood/Black Document Frame,1,0.1,34.45,-14.63
CA-2023-002703,2023-08-16,2023-08-17,CU-1266,Consumer,West,Technology,Machines,HP LaserJet Pro M404n Printer,1,0.1,402.75,60.25
CA-2023-002704,2023-04-16,2023-04-17,CU-1688,Corporate,Central,Technology,Copiers,Canon imageCLASS 2200 Advanced Copier,2,0.15,3705.05,783.66
CA-2024-002705,2024-05-12,2024-05-14,CU-1124,Corporate,East,Office Supplies,Art,Newell 312 Mechanical Pencil,1,0.0,9.07,-19.65
CA-2023-002706,2023-05-24,2023-05-26,CU-1284,Corporate,South,Technology,Accessories,Logitech MX Master Wireless Mouse,1,0.0,152.47,15.91
CA-2023-002707,2023-06-09,2023-06-14,CU-1094,Consumer,South,Technology,Machines,Zebra ZP 450 Thermal Label Printer,5,0.1,2241.97,245.38
CA-2024-002708,2024-04-08,2024-04-13,CU-1252,Corporate,Central,Technology,Accessories,SanDisk Ultra 64GB USB Flash Drive,1,0.2,24.14,-19.81
CA-2023-002709,2023-11-18,2023-11-20,CU-1543,Home Office,East,Office Supplies,Storage,Fellowes Bankers Box Heavy-Duty Storage Boxes,2,0.0,166.04,32.77
CA-2023-002710,2023-01-08,2023-01-15,CU-1501,Home Office,Central,Furniture,Bookcases,Sauder Camden County Barrister Bookcase,1,0.1,687.58,-17.88
CA-2024-002711,2024-09-05,2024-09-12,CU-1024,Corporate,Central,Office Supplies,Appliances,Hoover Commercial Lightweight Vacuum,1,0.0,476.0,84.7
CA-2024-002712,2024-09-28,2024-10-01,CU-1892,Consumer,Central,Furniture,Tables,Hon Every-Day Round Conference Table,2,0.0,2706.67,271.31
CA-2024-002713,2024-11-02,2024-11-05,CU-1131,Home Office,Central,Furniture,Furnishings,Eldon Image Series Desk Accessories,2,0.15,108.7,7.71
CA-2023-002714,2023-06-29,2023-06-30,CU-1774,Corporate,West,Office Supplies,Fasteners,OIC Heavy-Duty Binder Clips,2,0.2,10.1,-20.15
CA-2024-002715,2024-07-26,2024-08-01,CU-1118,Home Office,East,Office Supplies,Labels,"Avery 5"" x 8"" Label",1,0.3,12.33,-20.6
CA-2023-002716,2023-04-10,2023-04-12,CU-1925,Consumer,West,Technology,Accessories,Belkin 8-Outlet Surge Protector,2,0.2,128.68,1.14
CA-2024-002717,2024-09-02,2024-09-07,CU-1803,Corporate,South,Office Supplies,Binders,Fellowes PB500 Electric Punch Plastic Comb Binding Machine with Manual Bind,3,0.1,3881.6,842.48
CA-2024-002718,2024-12-15,2024-12-22,CU-1429,Home Office,West,Office Supplies,Binders,Fellowes PB500 Electric Punch Plastic Comb Binding Machine with Manual Bind,2,0.0,2845.4,573.79
CA-2024-002719,2024-08-03,2024-08-09,CU-1439,Consumer,West,Furniture,Chairs,HON 5400 Series Task Chairs for Big and Tall,1,0.2,829.97,45.89
CA-2023-002720,2023-03-10,2023-03-16,CU-1380,Corporate,Central,Furniture,Chairs,HON 5400 Series Task Chairs for Big and Tall,1,0.0,984.7,173.54
CA-2023-002721,2023-03-26,2023-03-30,CU-1070,Corporate,Central,Office Supplies,Storage,Fellowes Bankers Box Heavy-Duty Storage Boxes,1,0.0,84.23,4.17
CA-2023-002722,2023-05-24,2023-05-27,CU-1628,Consumer,West,Furniture,Chairs,Global Deluxe High-Back Manager's Chair,1,0.0,617.96,69.96
CA-2023-002723,2023-10-30,2023-11-02,CU-1897,Consumer,South,Furniture,Furnishings,Eldon Image Series Desk Accessories,2,0.0,142.61,24.01
CA-2024-002724,2024-11-22,2024-11-24,CU-1785,Consumer,South,Furniture,Bookcases,Bush Westfield Collection Bookcase,1,0.0,532.46,40.52
CA-2023-002725,2023-03-23,2023-03-27,CU-1407,Home Office,Central,Office Supplies,Labels,"Avery 5"" x 8"" Label",1,0.1,15.5,-17.46
CA-2023-002726,2023-12-02,2023-12-07,CU-1178,Corporate,West,Office Supplies,Storage,Fellowes Bankers Box Heavy-Duty Storage Boxes,1,0.15,76.46,-9.18
CA-2023-002727,2023-01-16,2023-01-18,CU-1672,Consumer,South,Furniture,Furnishings,Eldon Image Series Desk Accessories,1,0.0,72.34,-0.23
CA-2024-002728,2024-11-22,2024-11-27,CU-1943,Consumer,West,Furniture,Furnishings,Eldon Image Series Desk Accessories,1,0.0,61.52,-1.66
CA-2023-002729,2023-08-20,2023-08-21,CU-1902,Home Office,Central,Furniture,Furnishings,Eldon Image Series Desk Accessories,3,0.0,197.07,40.1
CA-2024-002730,2024-03-29,2024-03-31,CU-1309,Consumer,West,Technology,Phones,Polycom CX600 IP Phone,1,0.0,386.91,34.34
CA-2024-002731,2024-04-20,2024-04-25,CU-1921,Corporate,West,Furniture,Bookcases,Sauder Camden County Barrister Bookcase,1,0.0,732.2,39.98
CA-2024-002732,2024-09-10,2024-09-12,CU-1363,Consumer,East,Office Supplies,Appliances,Hoover Commercial Lightweight Vacuum,5,0.0,2245.61,358.08
CA-2023-002733,2023-05-05,2023-05-12,CU-1366,Consumer,East,Furniture,Bookcases,Bush Westfield Collection Bookcase,1,0.0,564.37,63.6
CA-2023-002734,2023-06-04,2023-06-05,CU-1216,Corporate,East,Office Supplies,Paper,Hammermill Copy Plus Paper,2,0.0,83.83,8.92
CA-2024-002735,2024-05-16,2024-05-21,CU-1595,Home Office,South,Office Supplies,Art,Newell 312 Mechanical Pencil,2,0.0,19.7,-15.53
CA-2024-002736,2024-03-16,2024-03-17,CU-1716,Corporate,Central,Office Supplies,Paper,Xerox Premium Multipurpose Paper,1,0.0,53.68,-1.66
CA-2024-002737,2024-06-10,2024-06-16,CU-1636,Consumer,East,Office Supplies,Paper,Xerox Premium Multipurpose Paper,4,0.0,215.13,63.52
CA-2023-002738,2023-01-01,2023-01-04,CU-1084,Corporate,West,Technology,Accessories,SanDisk Ultra 64GB USB Flash Drive,1,0.15,26.23,-17.35
CA-2024-002739,2024-04-21,2024-04-28,CU-1857,Consumer,West,Office Supplies,Art,Newell 312 Mechanical Pencil,1,0.0,9.24,-19.56
CA-2023-002740,2023-01-14,2023-01-21,CU-1716,Consumer,Central,Office Supplies,Supplies,Stanley Bostitch Heavy-Duty Stapler,2,0.2,87.44,-6.91
CA-2024-002741,2024-11-17,2024-11-21,CU-1181,Home Office,West,Technology,Machines,HP LaserJet Pro M404n Printer,1,0.0,408.21,59.66
CA-2024-002742,2024-10-25,2024-11-01,CU-1717,Home Office,South,Office Supplies,Paper,Hammermill Copy Plus Paper,1,0.15,33.02,-15.41
CA-2024-002743,2024-05-03,2024-05-08,CU-1251,Consumer,Central,Office Supplies,Binders,GBC DocuBind TL300 Electric Binding System,2,0.15,1668.27,147.06
CA-2024-002744,2024-02-05,2024-02-09,CU-1647,Corporate,East,Office Supplies,Fasteners,OIC Heavy-Duty Binder Clips,2,0.0,13.03,-17.03
CA-2023-002745,2023-12-10,2023-12-12,CU-1073,Consumer,West,Technology,Accessories,Logitech MX Master Wireless Mouse,1,0.0,163.6,26.31
CA-2024-002746,2024-10-13,2024-10-18,CU-1085,Corporate,East,Office Supplies,Supplies,Stanley Bostitch Heavy-Duty Stapler,2,0.0,106.66,8.09
CA-2024-002747,2024-09-12,2024-09-15,CU-1791,Consumer,East,Technology,Machines,Zebra ZP 450 Thermal Label Printer,1,0.2,394.72,26.0
CA-2023-002748,2023-09-07,2023-09-13,CU-1514,Corporate,West,Office Supplies,Labels,"Avery 5"" x 8"" Label",1,0.0,17.23,-16.1
CA-2024-002749,2024-09-19,2024-09-21,CU-1674,Home Office,East,Technology,Accessories,Logitech MX Master Wireless Mouse,1,0.3,118.05,-13.46
CA-2024-002750,2024-11-30,2024-12-04,CU-1536,Consumer,Central,Office Supplies,Paper,Hammermill Copy Plus Paper,2,0.2,64.28,-8.67
CA-2023-002751,2023-04-07,2023-04-08,CU-1717,Corporate,West,Technology,Accessories,SanDisk Ultra 64GB USB Flash Drive,2,0.0,63.68,-4.27
CA-2023-002752,2023-10-27,2023-10-29,CU-1824,Consumer,West,Office Supplies,Paper,Hammermill Copy Plus Paper,3,0.2,105.82,2.52
CA-2023-002753,2023-07-07,2023-07-10,CU-1854,Corporate,West,Office Supplies,Storage,Fellowes Bankers Box Heavy-Duty Storage Boxes,1,0.3,66.56,-14.63
CA-2023-002754,2023-11-18,2023-11-25,CU-1602,Corporate,East,Office Supplies,Paper,Xerox Premium Multipurpose Paper,1,0.0,51.95,-3.07
CA-2023-002755,2023-06-18,2023-06-21,CU-1416,Home Office,East,Technology,Accessories,Belkin 8-Outlet Surge Protector,2,0.1,154.82,4.24
CA-2023-002756,2023-11-19,2023-11-20,CU-1951,Corporate,Central,Office Supplies,Storage,Tennsco Industrial Steel Shelving,2,0.3,489.05,10.66
CA-2023-002757,2023-05-27,2023-06-03,CU-1728,Corporate,East,Office Supplies,Labels,"Avery 5"" x 8"" Label",3,0.15,47.22,-5.95
CA-2024-002758,2024-09-03,2024-09-05,CU-1701,Corporate,East,Office Supplies,Supplies,Stanley Bostitch Heavy-Duty Stapler,2,0.1,102.53,-1.62
CA-2023-002759,2023-03-16,2023-03-18,CU-1190,Consumer,East,Office Supplies,Envelopes,Avery Self-Adhesive Address Labels,1,0.15,19.36,-16.89
CA-2023-002760,2023-10-27,2023-10-31,CU-1715,Consumer,South,Office Supplies,Paper,Hammermill Copy Plus Paper,5,0.1,197.84,42.09
CA-2023-002761,2023-12-20,2023-12-24,CU-1298,Home Office,Central,Office Supplies,Supplies,Stanley Bostitch Heavy-Duty Stapler,1,0.2,43.88,-14.71
CA-2024-002762,2024-04-14,2024-04-15,CU-1696,Consumer,East,Technology,Machines,Zebra ZP 450 Thermal Label Printer,2,0.0,958.93,183.46
CA-2023-002763,2023-07-17,2023-07-21,CU-1276,Corporate,Central,Office Supplies,Fasteners,OIC Heavy-Duty Binder Clips,3,0.1,19.3,-15.09
CA-2024-002764,2024-02-09,2024-02-13,CU-1687,Consumer,West,Office Supplies,Paper,Xerox Premium Multipurpose Paper,2,0.0,97.79,16.25
CA-2023-002765,2023-07-25,2023-07-26,CU-1971,Consumer,South,Technology,Phones,Polycom CX600 IP Phone,5,0.2,1750.03,14.9
CA-2024-002766,2024-05-30,2024-06-02,CU-1770,Consumer,West,Technology,Accessories,Logitech MX Master Wireless Mouse,3,0.15,441.55,58.36
CA-2024-002767,2024-04-07,2024-04-13,CU-1553,Home Office,West,Office Supplies,Envelopes,Avery Self-Adhesive Address Labels,1,0.15,17.71,-17.37
CA-2024-002768,2024-05-25,2024-05-31,CU-1693,Corporate,South,Office Supplies,Supplies,Stanley Bostitch Heavy-Duty Stapler,1,0.0,51.21,-9.19
CA-2024-002769,2024-03-21,2024-03-26,CU-1853,Consumer,Central,Technology,Accessories,Logitech MX Master Wireless Mouse,2,0.0,320.23,73.93
CA-2023-002770,2023-07-12,2023-07-14,CU-1383,Consumer,Central,Furniture,Tables,Bretford Rectangular Conference Table,1,0.15,1615.97,47.92
CA-2023-002771,2023-03-21,2023-03-22,CU-1732,Home Office,Central,Furniture,Furnishings,DAX Two-Tone Rosewood/Black Document Frame,1,0.0,40.21,-10.54
CA-2024-002772,2024-07-07,2024-07-08,CU-1036,Corporate,South,Furniture,Chairs,Global Deluxe High-Back Manager's Chair,1,0.0,635.64,89.42
CA-2024-002773,2024-10-15,2024-10-16,CU-1521,Corporate,Central,Office Supplies,Binders,GBC DocuBind TL300 Electric Binding System,1,0.0,934.05,173.0
CA-2024-002774,2024-12-04,2024-12-06,CU-1222,Corporate,South,Technology,Accessories,Belkin 8-Outlet Surge Protector,1,0.1,67.94,-8.86
CA-2024-002775,2024-04-14,2024-04-17,CU-1412,Home Office,South,Office Supplies,Paper,Xerox Premium Multipurpose Paper,1,0.0,52.98,-4.38
CA-2024-002776,2024-01-26,2024-01-29,CU-1985,Home Office,Central,Office Supplies,Paper,Hammermill Copy Plus Paper,1,0.15,35.46,-14.93
CA-2023-002777,2023-06-08,2023-06-12,CU-1661,Home Office,East,Technology,Accessories,SanDisk Ultra 64GB USB Flash Drive,2,0.0,66.21,-1.68
CA-2024-002778,2024-05-10,2024-05-16,CU-1818,Home Office,West,Technology,Phones,Polycom CX600 IP Phone,1,0.0,445.05,53.52
CA-2023-002779,2023-04-26,2023-04-27,CU-1729,Home Office,East,Office Supplies,Envelopes,Avery Self-Adhesive Address Labels,1,0.15,18.63,-17.63
CA-2024-002780,2024-11-10,2024-11-12,CU-1340,Home Office,East,Technology,Accessories,Logitech G910 Mechanical Keyboard,1,0.15,234.79,27.57
CA-2024-002781,2024-01-19,2024-01-21,CU-1722,Consumer,South,Furniture,Tables,Bretford Rectangular Conference Table,2,0.0,3448.32,273.25
CA-2023-002782,2023-09-10,2023-09-13,CU-1167,Corporate,East,Office Supplies,Storage,Tennsco Industrial Steel Shelving,5,0.1,1621.53,334.29
CA-2024-002783,2024-02-02,2024-02-06,CU-1044,Consumer,South,Office Supplies,Fasteners,OIC Heavy-Duty Binder Clips,1,0.2,5.51,-21.87
CA-2024-002784,2024-07-06,2024-07-13,CU-1834,Consumer,Central,Furniture,Furnishings,Eldon Image Series Desk Accessories,1,0.0,67.7,-1.78
CA-2023-002785,2023-06-05,2023-06-12,CU-1393,Corporate,East,Office Supplies,Art,Newell 312 Mechanical Pencil,1,0.2,7.63,-21.39
CA-2023-002786,2023-09-19,2023-09-22,CU-1895,Home Office,South,Office Supplies,Binders,GBC Ibimaster 500 Manual ProClick Binding System,1,0.1,673.89,60.74
CA-2023-002787,2023-11-04,2023-11-08,CU-1937,Consumer,West,Technology,Phones,Polycom CX600 IP Phone,1,0.15,349.43,-1.09
CA-2023-002788,2023-05-09,2023-05-15,CU-1864,Consumer,West,Technology,Accessories,Belkin 8-Outlet Surge Protector,2,0.15,131.29,4.89
CA-2024-002789,2024-05-01,2024-05-05,CU-1299,Consumer,South,Office Supplies,Paper,Hammermill Copy Plus Paper,2,0.15,65.55,-3.52
CA-2023-002790,2023-05-12,2023-05-18,CU-1062,Consumer,West,Office Supplies,Supplies,Stanley Bostitch Heavy-Duty Stapler,2,0.2,84.97,-6.69
CA-2023-002791,2023-03-26,2023-03-28,CU-1691,Corporate,West,Office Supplies,Binders,GBC Ibimaster 500 Manual ProClick Binding System,3,0.1,2106.64,219.38
CA-2023-002792,2023-08-10,2023-08-16,CU-1457,Corporate,Central,Office Supplies,Storage,Tennsco Industrial Steel Shelving,1,0.1,338.83,49.08
CA-2024-002793,2024-09-25,2024-10-02,CU-1646,Corporate,Central,Furniture,Bookcases,Sauder Camden County Barrister Bookcase,2,0.0,1321.85,90.28
CA-2024-002794,2024-01-21,2024-01-24,CU-1303,Consumer,West,Office Supplies,Labels,"Avery 5"" x 8"" Label",1,0.15,14.8,-18.76
CA-2024-002795,2024-06-20,2024-06-27,CU-1155,Consumer,South,Furniture,Bookcases,Bush Westfield Collection Bookcase,1,0.0,512.94,46.41
CA-2023-002796,2023-05-22,2023-05-28,CU-1711,Consumer,East,Office Supplies,Paper,Xerox Premium Multipurpose Paper,2,0.0,102.62,14.7
CA-2023-002797,2023-04-01,2023-04-06,CU-1370,Home Office,South,Office Supplies,Binders,GBC Ibimaster 500 Manual ProClick Binding System,1,0.3,589.21,-14.05
CA-2024-002798,2024-05-04,2024-05-10,CU-1117,Consumer,South,Furniture,Bookcases,Bush Westfield Collection Bookcase,1,0.0,560.49,49.68
CA-2023-002799,2023-02-08,2023-02-14,CU-1009,Consumer,Central,Office Supplies,Labels,"Avery 5"" x 8"" Label",1,0.0,18.76,-16.15
CA-2023-002800,2023-05-18,2023-05-22,CU-1344,Home Office,West,Office Supplies,Storage,Fellowes Bankers Box Heavy-Duty Storage Boxes,2,0.0,169.69,29.99
CA-2024-002801,2024-07-23,2024-07-30,CU-1915,Consumer,East,Technology,Machines,Zebra ZP 450 Thermal Label Printer,1,0.0,536.59,88.07
CA-2023-002802,2023-04-21,2023-04-24,CU-1917,Home Office,West,Office Supplies,Envelopes,Avery Self-Adhesive Address Labels,1,0.0,21.17,-15.44
CA-2024-002803,2024-10-10,2024-10-14,CU-1093,Corporate,East,Furniture,Furnishings,DAX Two-Tone Rosewood/Black Document Frame,2,0.0,77.63,1.74
CA-2024-002804,2024-11-04,2024-11-08,CU-1270,Home Office,East,Office Supplies,Paper,Hammermill Copy Plus Paper,1,0.0,39.95,-8.58
CA-2024-002805,2024-05-25,2024-05-31,CU-1673,Consumer,Central,Technology,Accessories,Logitech MX Master Wireless Mouse,1,0.15,142.74,8.76
CA-2024-002806,2024-07-13,2024-07-17,CU-1088,Home Office,Central,Office Supplies,Fasteners,OIC Heavy-Duty Binder Clips,1,0.1,5.85,-21.54
CA-2024-002807,2024-07-26,2024-08-02,CU-1667,Consumer,Central,Office Supplies,Storage,Fellowes Bankers Box Heavy-Duty Storage Boxes,1,0.0,94.58,5.62
CA-2024-002808,2024-10-22,2024-10-28,CU-1222,Corporate,East,Office Supplies,Supplies,Stanley Bostitch Heavy-Duty Stapler,5,0.0,276.64,62.54
CA-2023-002809,2023-01-14,2023-01-15,CU-1602,Consumer,Central,Furniture,Tables,Hon Every-Day Round Conference Table,1,0.0,1291.1,138.35
CA-2024-002810,2024-07-20,2024-07-24,CU-1990,Consumer,East,Office Supplies,Art,Newell 312 Mechanical Pencil,2,0.15,15.76,-17.81
CA-2024-002811,2024-06-23,2024-06-29,CU-1901,Home Office,East,Technology,Machines,HP LaserJet Pro M404n Printer,1,0.1,357.49,35.74
CA-2024-002812,2024-10-01,2024-10-07,CU-1454,Corporate,West,Office Supplies,Binders,GBC DocuBind TL300 Electric Binding System,2,0.0,1838.67,339.52
CA-2023-002813,2023-04-01,2023-04-03,CU-1830,Consumer,East,Technology,Accessories,SanDisk Ultra 64GB USB Flash Drive,1,0.0,33.32,-13.2
CA-2023-002814,2023-05-21,2023-05-27,CU-1310,Corporate,South,Office Supplies,Fasteners,OIC Heavy-Duty Binder Clips,1,0.0,7.22,-20.13
CA-2024-002815,2024-04-13,2024-04-20,CU-1090,Consumer,South,Technology,Copiers,Canon imageCLASS 2200 Advanced Copier,1,0.1,1842.28,466.63
CA-2024-002816,2024-11-28,2024-12-03,CU-1509,Consumer,West,Office Supplies,Storage,Tennsco Industrial Steel Shelving,2,0.1,582.1,97.78
CA-2024-002817,2024-09-25,2024-09-30,CU-1143,Home Office,West,Furniture,Furnishings,Eldon Image Series Desk Accessories,1,0.1,65.01,-3.75
CA-2024-002818,2024-09-12,2024-09-14,CU-1106,Corporate,West,Office Supplies,Appliances,Hoover Commercial Lightweight Vacuum,1,0.15,412.28,29.95
CA-2024-002819,2024-03-13,2024-03-17,CU-1673,Home Office,East,Office Supplies,Labels,"Avery 5"" x 8"" Label",1,0.0,17.4,-15.69
CA-2024-002820,2024-02-23,2024-02-25,CU-1670,Corporate,East,Office Supplies,Paper,Hammermill Copy Plus Paper,1,0.1,36.28,-13.48
CA-2024-002821,2024-04-15,2024-04-19,CU-1707,Home Office,Central,Technology,Accessories,Logitech G910 Mechanical Keyboard,1,0.0,262.75,49.98
CA-2024-002822,2024-08-06,2024-08-12,CU-1332,Consumer,East,Office Supplies,Labels,"Avery 5"" x 8"" Label",1,0.0,19.14,-14.72
CA-2024-002823,2024-07-17,2024-07-23,CU-1594,Home Office,East,Office Supplies,Envelopes,Avery Self-Adhesive Address Labels,3,0.0,67.75,4.36
CA-2023-002824,2023-11-22,2023-11-27,CU-1444,Corporate,West,Office Supplies,Art,Newell 312 Mechanical Pencil,1,0.0,9.56,-19.62
CA-2024-002825,2024-01-25,2024-01-28,CU-1025,Corporate,Central,Office Supplies,Binders,Fellowes PB500 Electric Punch Plastic Comb Binding Machine with Manual Bind,3,0.2,3115.77,441.5
CA-2023-002826,2023-03-16,2023-03-22,CU-1396,Corporate,West,Office Supplies,Storage,Tennsco Industrial Steel Shelving,1,0.15,280.31,33.8
CA-2024-002827,2024-07-18,2024-07-23,CU-1360,Corporate,South,Technology,Machines,Zebra ZP 450 Thermal Label Printer,1,0.15,446.44,50.19
CA-2023-002828,2023-04-06,2023-04-11,CU-1040,Consumer,South,Office Supplies,Art,Newell 312 Mechanical Pencil,1,0.0,10.41,-19.18
CA-2023-002829,2023-02-14,2023-02-15,CU-1970,Corporate,West,Office Supplies,Supplies,Stanley Bostitch Heavy-Duty Stapler,1,0.0,58.17,-7.92
CA-2023-002830,2023-12-24,2023-12-30,CU-1200,Consumer,Central,Office Supplies,Paper,Hammermill Copy Plus Paper,1,0.0,37.78,-10.61
CA-2023-002831,2023-04-15,2023-04-21,CU-1640,Consumer,West,Furniture,Furnishings,DAX Two-Tone Rosewood/Black Document Frame,1,0.0,42.41,-11.53
CA-2023-002832,2023-10-09,2023-10-11,CU-1185,Consumer,East,Office Supplies,Envelopes,Avery Self-Adhesive Address Labels,4,0.0,90.88,13.15
CA-2023-002833,2023-07-13,2023-07-17,CU-1042,Consumer,West,Office Supplies,Fasteners,OIC Heavy-Duty Binder Clips,3,0.1,16.39,-17.12
CA-2024-002834,2024-10-16,2024-10-18,CU-1727,Corporate,East,Office Supplies,Binders,Fellowes PB500 Electric Punch Plastic Comb Binding Machine with Manual Bind,1,0.0,1251.67,277.51
CA-2023-002835,2023-09-23,2023-09-29,CU-1295,Consumer,South,Technology,Accessories,SanDisk Ultra 64GB USB Flash Drive,1,0.0,35.06,-12.02
CA-2024-002836,2024-05-21,2024-05-28,CU-1984,Home Office,South,Office Supplies,Labels,"Avery 5"" x 8"" Label",3,0.15,43.62,-7.07
CA-2024-002837,2024-02-22,2024-02-28,CU-1807,Consumer,South,Technology,Accessories,SanDisk Ultra 64GB USB Flash Drive,1,0.0,31.8,-12.69
CA-2024-002838,2024-10-23,2024-10-26,CU-1671,Corporate,West,Furniture,Bookcases,Bush Westfield Collection Bookcase,1,0.0,583.67,35.92
CA-2023-002839,2023-12-29,2024-01-05,CU-1575,Home Office,East,Office Supplies,Art,Newell 312 Mechanical Pencil,2,0.2,15.38,-18.47
CA-2024-002840,2024-11-08,2024-11-11,CU-1221,Corporate,West,Office Supplies,Fasteners,OIC Heavy-Duty Binder Clips,4,0.1,25.44,-12.02
CA-2023-002841,2023-11-03,2023-11-08,CU-1537,Corporate,Central,Office Supplies,Storage,Fellowes Bankers Box Heavy-Duty Storage Boxes,1,0.15,79.5,-5.77
CA-2024-002842,2024-06-04,2024-06-09,CU-1574,Consumer,South,Furniture,Furnishings,Eldon Image Series Desk Accessories,1,0.2,52.3,-10.58
CA-2023-002843,2023-11-04,2023-11-06,CU-1032,Corporate,Central,Furniture,Furnishings,DAX Two-Tone Rosewood/Black Document Frame,2,0.3,59.86,-14.96
CA-2023-002844,2023-11-09,2023-11-12,CU-1410,Corporate,East,Technology,Accessories,SanDisk Ultra 64GB USB Flash Drive,1,0.1,29.74,-16.08
CA-2023-002845,2023-01-09,2023-01-10,CU-1580,Consumer,West,Office Supplies,Paper,Hammermill Copy Plus Paper,1,0.2,34.6,-14.18
CA-2024-002846,2024-04-02,2024-04-04,CU-1650,Corporate,Central,Furniture,Bookcases,Sauder Camden County Barrister Bookcase,1,0.0,768.54,26.21
CA-2023-002847,2023-09-05,2023-09-10,CU-1362,Consumer,East,Furniture,Bookcases,Sauder Camden County Barrister Bookcase,1,0.0,716.37,24.89
CA-2024-002848,2024-12-06,2024-12-12,CU-1096,Corporate,East,Office Supplies,Fasteners,OIC Heavy-Duty Binder Clips,1,0.0,6.83,-20.22
CA-2023-002849,2023-12-18,2023-12-20,CU-1688,Home Office,East,Furniture,Furnishings,DAX Two-Tone Rosewood/Black Document Frame,1,0.0,39.61,-11.42
CA-2023-002850,2023-08-18,2023-08-25,CU-1742,Consumer,Central,Office Supplies,Art,Newell 312 Mechanical Pencil,3,0.15,23.12,-15.01
CA-2023-002851,2023-05-26,2023-05-28,CU-1189,Corporate,South,Office Supplies,Fasteners,OIC Heavy-Duty Binder Clips,2,0.0,14.17,-16.92
CA-2023-002852,2023-06-02,2023-06-07,CU-1708,Consumer,South,Office Supplies,Paper,Hammermill Copy Plus Paper,2,0.2,69.78,-6.62
CA-2024-002853,2024-05-22,2024-05-24,CU-1082,Corporate,West,Office Supplies,Art,Newell 312 Mechanical Pencil,2,0.1,16.82,-17.54
CA-2023-002854,2023-02-11,2023-02-18,CU-1488,Home Office,South,Office Supplies,Envelopes,Avery Self-Adhesive Address Labels,3,0.0,63.29,0.63
CA-2023-002855,2023-12-19,2023-12-26,CU-1783,Corporate,East,Office Supplies,Paper,Xerox Premium Multipurpose Paper,2,0.0,102.53,13.28
CA-2024-002856,2024-04-30,2024-05-02,CU-1097,Consumer,Central,Office Supplies,Art,Newell 312 Mechanical Pencil,1,0.0,9.17,-19.94
CA-2024-002857,2024-11-14,2024-11-17,CU-1170,Corporate,South,Technology,Accessories,Belkin 8-Outlet Surge Protector,1,0.0,84.44,2.25
CA-2023-002858,2023-04-14,2023-04-16,CU-1670,Corporate,West,Office Supplies,Supplies,Stanley Bostitch Heavy-Duty Stapler,1,0.0,52.3,-6.21
CA-2023-002859,2023-06-13,2023-06-14,CU-1441,Consumer,Central,Office Supplies,Envelopes,Avery Self-Adhesive Address Labels,4,0.0,84.42,12.26
CA-2023-002860,2023-08-29,2023-09-03,CU-1343,Consumer,South,Office Supplies,Envelopes,Avery Self-Adhesive Address Labels,4,0.0,88.52,10.17
CA-2024-002861,2024-09-22,2024-09-29,CU-1428,Corporate,East,Office Supplies,Envelopes,Avery Self-Adhesive Address Labels,1,0.15,20.22,-16.89
CA-2024-002862,2024-11-23,2024-11-30,CU-1794,Home Office,Central,Technology,Phones,Polycom CX600 IP Phone,1,0.15,337.73,-0.82
CA-2023-002863,2023-11-12,2023-11-17,CU-1378,Home Office,East,Office Supplies,Storage,Fellowes Bankers Box Heavy-Duty Storage Boxes,4,0.1,327.54,49.66
CA-2024-002864,2024-02-15,2024-02-18,CU-1109,Consumer,South,Office Supplies,Paper,Xerox Premium Multipurpose Paper,3,0.0,146.11,37.16
CA-2023-002865,2023-05-16,2023-05-20,CU-1112,Home Office,South,Office Supplies,Paper,Xerox Premium Multipurpose Paper,1,0.0,48.78,-3.94
CA-2023-002866,2023-10-27,2023-11-01,CU-1724,Consumer,South,Office Supplies,Binders,Fellowes PB500 Electric Punch Plastic Comb Binding Machine with Manual Bind,1,0.0,1422.82,334.24
CA-2023-002867,2023-09-12,2023-09-16,CU-1668,Consumer,West,Furniture,Furnishings,DAX Two-Tone Rosewood/Black Document Frame,1,0.2,30.63,-19.5
CA-2024-002868,2024-05-10,2024-05-11,CU-1971,Home Office,West,Office Supplies,Labels,"Avery 5"" x 8"" Label",1,0.0,16.61,-16.46
CA-2024-002869,2024-09-11,2024-09-13,CU-1877,Consumer,Central,Office Supplies,Paper,Xerox Premium Multipurpose Paper,2,0.0,95.35,13.88
CA-2024-002870,2024-03-13,2024-03-15,CU-1633,Consumer,East,Office Supplies,Labels,"Avery 5"" x 8"" Label",1,0.0,17.74,-16.48
CA-2023-002871,2023-04-11,2023-04-16,CU-1695,Corporate,West,Office Supplies,Art,Newell 312 Mechanical Pencil,1,0.2,8.07,-21.26
CA-2024-002872,2024-05-10,2024-05-11,CU-1452,Home Office,South,Technology,Accessories,SanDisk Ultra 64GB USB Flash Drive,1,0.1,30.2,-16.07
CA-2023-002873,2023-12-21,2023-12-28,CU-1260,Corporate,South,Office Supplies,Envelopes,Avery Self-Adhesive Address Labels,2,0.1,38.97,-10.8
CA-2023-002874,2023-02-22,2023-02-23,CU-1533,Consumer,West,Technology,Accessories,SanDisk Ultra 64GB USB Flash Drive,1,0.0,33.34,-12.57
CA-2024-002875,2024-07-22,2024-07-27,CU-1174,Home Office,South,Furniture,Chairs,HON 5400 Series Task Chairs for Big and Tall,1,0.2,847.39,52.75
CA-2024-002876,2024-05-30,2024-06-03,CU-1619,Home Office,East,Office Supplies,Paper,Hammermill Copy Plus Paper,1,0.0,43.41,-8.19
CA-2023-002877,2023-10-07,2023-10-11,CU-1740,Consumer,East,Office Supplies,Labels,"Avery 5"" x 8"" Label",1,0.0,18.12,-15.86
CA-2024-002878,2024-03-10,2024-03-15,CU-1457,Consumer,Central,Office Supplies,Art,Newell 312 Mechanical Pencil,1,0.2,8.13,-21.1
CA-2023-002879,2023-02-19,2023-02-26,CU-1317,Consumer,East,Office Supplies,Supplies,Stanley Bostitch Heavy-Duty Stapler,1,0.0,54.88,-9.18
CA-2023-002880,2023-01-03,2023-01-04,CU-1789,Home Office,East,Furniture,Bookcases,Bush Westfield Collection Bookcase,2,0.0,1181.65,87.08
CA-2024-002881,2024-12-02,2024-12-08,CU-1420,Consumer,West,Office Supplies,Binders,GBC Ibimaster 500 Manual ProClick Binding System,2,0.0,1514.99,313.01
CA-2023-002882,2023-01-10,2023-01-12,CU-1251,Home Office,West,Office Supplies,Art,Newell 312 Mechanical Pencil,2,0.1,17.74,-16.68
CA-2024-002883,2024-09-06,2024-09-07,CU-1188,Consumer,Central,Office Supplies,Appliances,Hoover Commercial Lightweight Vacuum,1,0.1,436.55,34.73
CA-2023-002884,2023-01-24,2023-01-27,CU-1935,Consumer,West,Technology,Accessories,Logitech MX Master Wireless Mouse,1,0.1,153.52,18.69
CA-2023-002885,2023-04-27,2023-05-01,CU-1545,Home Office,South,Furniture,Bookcases,Bush Westfield Collection Bookcase,2,0.2,822.34,-13.74
CA-2023-002886,2023-04-17,2023-04-19,CU-1598,Consumer,South,Furniture,Chairs,Global Deluxe High-Back Manager's Chair,1,0.0,649.54,99.89
CA-2024-002887,2024-10-20,2024-10-23,CU-1352,Corporate,West,Office Supplies,Paper,Xerox Premium Multipurpose Paper,4,0.0,205.75,60.34
CA-2023-002888,2023-04-28,2023-05-03,CU-1830,Consumer,West,Technology,Machines,Zebra ZP 450 Thermal Label Printer,1,0.0,511.3,98.18
CA-2023-002889,2023-05-25,2023-06-01,CU-1849,Corporate,West,Office Supplies,Paper,Hammermill Copy Plus Paper,2,0.0,77.32,4.89
CA-2024-002890,2024-07-10,2024-07-12,CU-1866,Home Office,West,Office Supplies,Storage,Tennsco Industrial Steel Shelving,1,0.0,351.85,59.02
CA-2023-002891,2023-10-21,2023-10-28,CU-1779,Corporate,West,Technology,Machines,HP LaserJet Pro M404n Printer,1,0.0,427.33,93.29
CA-2023-002892,2023-03-12,2023-03-15,CU-1223,Consumer,South,Furniture,Furnishings,Eldon Image Series Desk Accessories,1,0.0,66.39,-2.22
CA-2024-002893,2024-11-27,2024-11-28,CU-1687,Consumer,South,Office Supplies,Binders,GBC Ibimaster 500 Manual ProClick Binding System,1,0.15,713.11,35.96
CA-2023-002894,2023-07-10,2023-07-13,CU-1908,Corporate,South,Office Supplies,Art,Newell 312 Mechanical Pencil,1,0.0,9.65,-19.61
CA-2024-002895,2024-05-05,2024-05-06,CU-1522,Corporate,Central,Technology,Accessories,Belkin 8-Outlet Surge Protector,1,0.0,88.13,-0.01
CA-2023-002896,2023-08-10,2023-08-14,CU-1498,Home Office,East,Office Supplies,Art,Newell 312 Mechanical Pencil,2,0.0,17.59,-15.92
CA-2024-002897,2024-02-16,2024-02-22,CU-1974,Consumer,Central,Furniture,Chairs,Global Deluxe High-Back Manager's Chair,3,0.15,1603.34,47.44
CA-2024-002898,2024-11-08,2024-11-14,CU-1044,Corporate,Central,Technology,Accessories,Logitech G910 Mechanical Keyboard,4,0.0,1081.97,260.03
CA-2024-002899,2024-01-22,2024-01-28,CU-1525,Consumer,South,Furniture,Bookcases,Sauder Camden County Barrister Bookcase,1,0.0,714.35,14.42
CA-2024-002900,2024-05-06,2024-05-07,CU-1968,Corporate,Central,Office Supplies,Art,Newell 312 Mechanical Pencil,1,0.0,9.5,-19.55
CA-2024-002901,2024-05-06,2024-05-09,CU-1258,Home Office,West,Office Supplies,Labels,"Avery 5"" x 8"" Label",1,0.1,16.9,-17.44
CA-2023-002902,2023-10-19,2023-10-24,CU-1109,Corporate,Central,Office Supplies,Fasteners,OIC Heavy-Duty Binder Clips,2,0.0,12.49,-17.28
CA-2023-002903,2023-04-24,2023-04-27,CU-1097,Home Office,Central,Office Supplies,Art,Newell 312 Mechanical Pencil,1,0.0,9.46,-19.62
CA-2023-002904,2023-01-10,2023-01-14,CU-1320,Corporate,East,Office Supplies,Binders,GBC Ibimaster 500 Manual ProClick Binding System,1,0.15,734.02,78.31
CA-2023-002905,2023-04-07,2023-04-11,CU-1360,Corporate,East,Technology,Machines,Zebra ZP 450 Thermal Label Printer,1,0.1,505.1,51.53
CA-2024-002906,2024-02-29,2024-03-01,CU-1072,Consumer,East,Office Supplies,Paper,Hammermill Copy Plus Paper,1,0.0,41.26,-8.01
CA-2024-002907,2024-06-22,2024-06-29,CU-1970,Consumer,Central,Office Supplies,Labels,"Avery 5"" x 8"" Label",2,0.1,32.39,-11.86
CA-2023-002908,2023-04-27,2023-05-04,CU-1193,Home Office,East,Technology,Machines,Zebra ZP 450 Thermal Label Printer,3,0.0,1530.27,312.0
CA-2023-002909,2023-04-28,2023-05-02,CU-1247,Consumer,West,Furniture,Chairs,Global Deluxe High-Back Manager's Chair,5,0.0,3334.08,590.21
CA-2024-002910,2024-09-20,2024-09-27,CU-1616,Consumer,East,Office Supplies,Art,Newell 312 Mechanical Pencil,1,0.0,10.19,-19.46
CA-2024-002911,2024-05-02,2024-05-08,CU-1230,Corporate,West,Technology,Accessories,Logitech G910 Mechanical Keyboard,1,0.0,266.58,47.19
CA-2023-002912,2023-08-29,2023-09-04,CU-1285,Home Office,East,Office Supplies,Envelopes,Avery Self-Adhesive Address Labels,2,0.15,35.14,-12.35
CA-2024-002913,2024-09-10,2024-09-16,CU-1828,Corporate,Central,Technology,Accessories,Logitech MX Master Wireless Mouse,3,0.15,443.21,55.2
CA-2024-002914,2024-09-06,2024-09-12,CU-1924,Corporate,West,Office Supplies,Supplies,Stanley Bostitch Heavy-Duty Stapler,1,0.2,41.43,-15.64
CA-2024-002915,2024-03-07,2024-03-09,CU-1830,Consumer,Central,Furniture,Tables,Hon Every-Day Round Conference Table,1,0.1,1191.2,-5.99
CA-2024-002916,2024-12-13,2024-12-18,CU-1740,Home Office,South,Office Supplies,Paper,Xerox Premium Multipurpose Paper,2,0.0,98.92,18.25
CA-2023-002917,2023-11-22,2023-11-24,CU-1790,Corporate,West,Technology,Phones,Polycom CX600 IP Phone,1,0.15,357.96,-5.74
CA-2024-002918,2024-06-17,2024-06-23,CU-1677,Corporate,South,Office Supplies,Supplies,Stanley Bostitch Heavy-Duty Stapler,2,0.1,103.73,0.41
CA-2024-002919,2024-08-16,2024-08-21,CU-1625,Home Office,East,Office Supplies,Appliances,Hoover Commercial Lightweight Vacuum,2,0.2,693.1,58.46
CA-2024-002920,2024-12-20,2024-12-21,CU-1947,Consumer,West,Office Supplies,Paper,Hammermill Copy Plus Paper,2,0.2,64.15,-4.92
CA-2024-002921,2024-02-15,2024-02-20,CU-1439,Corporate,Central,Office Supplies,Binders,GBC DocuBind TL300 Electric Binding System,3,0.0,2942.36,550.95
CA-2024-002922,2024-05-04,2024-05-10,CU-1941,Consumer,South,Technology,Accessories,Logitech MX Master Wireless Mouse,1,0.0,156.49,16.94
CA-2023-002923,2023-05-16,2023-05-22,CU-1537,Home Office,East,Technology,Accessories,Logitech G910 Mechanical Keyboard,1,0.15,216.72,20.55
CA-2023-002924,2023-03-04,2023-03-08,CU-1014,Consumer,Central,Office Supplies,Labels,"Avery 5"" x 8"" Label",1,0.1,15.76,-18.14
CA-2024-002925,2024-10-26,2024-11-02,CU-1277,Consumer,Central,Office Supplies,Storage,Fellowes Bankers Box Heavy-Duty Storage Boxes,1,0.0,96.07,9.71
CA-2023-002926,2023-06-11,2023-06-17,CU-1449,Corporate,South,Furniture,Furnishings,Eldon Image Series Desk Accessories,3,0.15,154.59,17.55
CA-2024-002927,2024-12-19,2024-12-20,CU-1280,Consumer,South,Technology,Accessories,Logitech MX Master Wireless Mouse,2,0.0,299.73,62.1
CA-2023-002928,2023-04-16,2023-04-19,CU-1478,Consumer,South,Office Supplies,Art,Newell 312 Mechanical Pencil,1,0.0,9.96,-19.09
CA-2023-002929,2023-11-15,2023-11-22,CU-1057,Home Office,East,Office Supplies,Fasteners,OIC Heavy-Duty Binder Clips,1,0.0,6.17,-20.73
CA-2024-002930,2024-01-30,2024-02-06,CU-1392,Corporate,South,Office Supplies,Binders,GBC Ibimaster 500 Manual ProClick Binding System,3,0.15,1896.77,139.18
CA-2023-002931,2023-07-05,2023-07-11,CU-1391,Home Office,West,Office Supplies,Envelopes,Avery Self-Adhesive Address Labels,5,0.0,119.79,23.94
CA-2024-002932,2024-03-19,2024-03-24,CU-1239,Consumer,West,Office Supplies,Fasteners,OIC Heavy-Duty Binder Clips,5,0.1,31.38,-9.91
CA-2023-002933,2023-04-06,2023-04-11,CU-1623,Home Office,Central,Furniture,Bookcases,Bush Westfield Collection Bookcase,3,0.1,1526.54,98.78
CA-2024-002934,2024-09-28,2024-10-05,CU-1301,Consumer,West,Furniture,Bookcases,Bush Westfield Collection Bookcase,2,0.0,1153.17,147.57
CA-2024-002935,2024-03-10,2024-03-16,CU-1690,Home Office,East,Technology,Accessories,Logitech G910 Mechanical Keyboard,2,0.0,502.43,129.09
CA-2023-002936,2023-09-01,2023-09-04,CU-1924,Home Office,South,Furniture,Chairs,Global Deluxe High-Back Manager's Chair,1,0.2,517.24,-8.11
CA-2023-002937,2023-02-08,2023-02-13,CU-1575,Consumer,West,Office Supplies,Paper,Hammermill Copy Plus Paper,3,0.15,99.36,2.93
CA-2024-002938,2024-09-27,2024-09-29,CU-1022,Home Office,South,Office Supplies,Art,Newell 312 Mechanical Pencil,1,0.0,9.1,-19.56
CA-2023-002939,2023-06-17,2023-06-24,CU-1623,Corporate,West,Furniture,Furnishings,DAX Two-Tone Rosewood/Black Document Frame,2,0.2,69.78,-8.59
CA-2024-002940,2024-10-08,2024-10-15,CU-1290,Corporate,East,Technology,Copiers,Canon imageCLASS 2200 Advanced Copier,2,0.15,3836.52,923.02
CA-2023-002941,2023-11-27,2023-12-02,CU-1821,Home Office,East,Technology,Phones,Polycom CX600 IP Phone,3,0.0,1139.92,177.46
CA-2023-002942,2023-01-05,2023-01-06,CU-1466,Consumer,South,Technology,Accessories,SanDisk Ultra 64GB USB Flash Drive,2,0.0,60.77,-4.4
CA-2023-002943,2023-10-19,2023-10-25,CU-1460,Home Office,South,Office Supplies,Supplies,Stanley Bostitch Heavy-Duty Stapler,2,0.1,101.32,-0.11
CA-2024-002944,2024-04-12,2024-04-13,CU-1884,Corporate,Central,Office Supplies,Paper,Xerox Premium Multipurpose Paper,1,0.1,49.47,-8.96
CA-2023-002945,2023-03-29,2023-04-05,CU-1817,Home Office,South,Furniture,Tables,Bretford Rectangular Conference Table,1,0.0,1622.62,171.96
CA-2024-002946,2024-04-03,2024-04-04,CU-1668,Corporate,Central,Office Supplies,Storage,Fellowes Bankers Box Heavy-Duty Storage Boxes,1,0.0,87.54,2.9
CA-2024-002947,2024-07-09,2024-07-15,CU-1267,Home Office,East,Office Supplies,Art,Newell 312 Mechanical Pencil,4,0.1,33.85,-10.25
CA-2023-002948,2023-07-29,2023-08-01,CU-1589,Home Office,South,Office Supplies,Labels,"Avery 5"" x 8"" Label",4,0.0,75.79,12.39
CA-2023-002949,2023-01-20,2023-01-23,CU-1724,Home Office,East,Office Supplies,Storage,Fellowes Bankers Box Heavy-Duty Storage Boxes,3,0.1,251.26,39.6
CA-2024-002950,2024-05-11,2024-05-14,CU-1814,Home Office,West,Office Supplies,Storage,Fellowes Bankers Box Heavy-Duty Storage Boxes,1,0.1,85.45,1.07
CA-2023-002951,2023-03-15,2023-03-19,CU-1307,Consumer,East,Technology,Accessories,Belkin 8-Outlet Surge Protector,1,0.0,78.79,-2.18
CA-2023-002952,2023-12-05,2023-12-06,CU-1502,Corporate,East,Technology,Machines,HP LaserJet Pro M404n Printer,2,0.0,801.06,181.56
CA-2024-002953,2024-01-21,2024-01-28,CU-1255,Home Office,South,Technology,Accessories,Belkin 8-Outlet Surge Protector,1,0.15,70.63,-9.0
CA-2024-002954,2024-08-09,2024-08-11,CU-1330,Home Office,South,Technology,Accessories,SanDisk Ultra 64GB USB Flash Drive,1,0.1,26.91,-17.13
CA-2023-002955,2023-08-15,2023-08-16,CU-1562,Home Office,West,Office Supplies,Supplies,Stanley Bostitch Heavy-Duty Stapler,1,0.15,50.68,-14.71
CA-2024-002956,2024-09-07,2024-09-10,CU-1942,Home Office,South,Office Supplies,Binders,GBC Ibimaster 500 Manual ProClick Binding System,3,0.1,1998.32,222.94
CA-2023-002957,2023-05-31,2023-06-07,CU-1912,Consumer,West,Furniture,Tables,Hon Every-Day Round Conference Table,1,0.0,1372.02,110.55
CA-2023-002958,2023-12-02,2023-12-06,CU-1288,Consumer,South,Technology,Accessories,Logitech MX Master Wireless Mouse,4,0.1,555.2,100.65
CA-2024-002959,2024-02-17,2024-02-22,CU-1073,Home Office,East,Technology,Accessories,SanDisk Ultra 64GB USB Flash Drive,1,0.1,27.91,-17.51
CA-2023-002960,2023-07-20,2023-07-22,CU-1048,Corporate,East,Office Supplies,Paper,Xerox Premium Multipurpose Paper,2,0.0,107.33,21.13
CA-2023-002961,2023-05-08,2023-05-12,CU-1423,Consumer,West,Furniture,Furnishings,Eldon Image Series Desk Accessories,3,0.0,213.09,45.11
CA-2023-002962,2023-09-08,2023-09-12,CU-1936,Home Office,West,Office Supplies,Paper,Hammermill Copy Plus Paper,1,0.0,42.2,-6.47
CA-2024-002963,2024-05-22,2024-05-25,CU-1665,Consumer,South,Technology,Accessories,SanDisk Ultra 64GB USB Flash Drive,4,0.15,112.7,3.69
CA-2024-002964,2024-05-29,2024-06-04,CU-1259,Consumer,East,Office Supplies,Storage,Fellowes Bankers Box Heavy-Duty Storage Boxes,2,0.15,149.19,9.95
CA-2024-002965,2024-05-02,2024-05-06,CU-1981,Corporate,West,Office Supplies,Appliances,Hoover Commercial Lightweight Vacuum,2,0.0,905.63,131.9
CA-2024-002966,2024-04-23,2024-04-26,CU-1772,Corporate,East,Office Supplies,Binders,GBC Ibimaster 500 Manual ProClick Binding System,2,0.0,1566.08,236.21
CA-2024-002967,2024-10-29,2024-11-05,CU-1584,Corporate,Central,Technology,Machines,Zebra ZP 450 Thermal Label Printer,2,0.0,947.64,201.09
CA-2024-002968,2024-02-23,2024-02-26,CU-1351,Consumer,South,Office Supplies,Paper,Xerox Premium Multipurpose Paper,2,0.0,107.9,21.19
CA-2024-002969,2024-11-01,2024-11-07,CU-1133,Corporate,West,Office Supplies,Paper,Hammermill Copy Plus Paper,1,0.2,35.52,-13.63
CA-2023-002970,2023-02-02,2023-02-08,CU-1477,Consumer,Central,Office Supplies,Labels,"Avery 5"" x 8"" Label",3,0.15,48.11,-8.83
CA-2023-002971,2023-03-13,2023-03-14,CU-1431,Consumer,Central,Office Supplies,Supplies,Stanley Bostitch Heavy-Duty Stapler,3,0.1,158.38,12.37
CA-2024-002972,2024-09-06,2024-09-12,CU-1082,Consumer,Central,Technology,Accessories,SanDisk Ultra 64GB USB Flash Drive,1,0.1,28.72,-16.86
CA-2024-002973,2024-11-30,2024-12-03,CU-1078,Corporate,South,Office Supplies,Art,Newell 312 Mechanical Pencil,2,0.0,20.66,-14.75
CA-2024-002974,2024-04-26,2024-04-30,CU-1684,Consumer,South,Office Supplies,Paper,Hammermill Copy Plus Paper,1,0.1,38.19,-11.64
CA-2024-002975,2024-04-17,2024-04-23,CU-1906,Consumer,Central,Office Supplies,Envelopes,Avery Self-Adhesive Address Labels,1,0.1,20.94,-16.55
CA-2024-002976,2024-01-17,2024-01-23,CU-1657,Home Office,Central,Technology,Accessories,Logitech MX Master Wireless Mouse,1,0.3,115.46,-14.5
CA-2023-002977,2023-10-10,2023-10-16,CU-1190,Corporate,West,Technology,Accessories,Logitech G910 Mechanical Keyboard,1,0.0,276.73,55.23
CA-2023-002978,2023-10-20,2023-10-27,CU-1178,Consumer,Central,Office Supplies,Binders,Fellowes PB500 Electric Punch Plastic Comb Binding Machine with Manual Bind,1,0.0,1268.06,296.68
CA-2023-002979,2023-09-17,2023-09-18,CU-1496,Corporate,West,Office Supplies,Paper,Xerox Premium Multipurpose Paper,1,0.0,50.67,-5.52
CA-2023-002980,2023-09-07,2023-09-09,CU-1171,Corporate,West,Office Supplies,Art,Newell 312 Mechanical Pencil,3,0.0,29.99,-10.39
CA-2023-002981,2023-11-03,2023-11-10,CU-1017,Home Office,East,Furniture,Furnishings,Eldon Image Series Desk Accessories,1,0.0,67.72,-1.37
CA-2023-002982,2023-08-20,2023-08-27,CU-1765,Home Office,West,Office Supplies,Art,Newell 312 Mechanical Pencil,2,0.15,17.75,-17.44
CA-2024-002983,2024-02-28,2024-03-02,CU-1208,Corporate,Central,Furniture,Bookcases,Sauder Camden County Barrister Bookcase,3,0.0,1973.39,69.28
CA-2024-002984,2024-06-01,2024-06-07,CU-1993,Corporate,South,Technology,Machines,Zebra ZP 450 Thermal Label Printer,1,0.0,488.86,99.33
CA-2024-002985,2024-07-01,2024-07-08,CU-1653,Consumer,Central,Office Supplies,Binders,GBC Ibimaster 500 Manual ProClick Binding System,1,0.1,734.6,81.19
CA-2024-002986,2024-05-15,2024-05-20,CU-1535,Corporate,Central,Office Supplies,Envelopes,Avery Self-Adhesive Address Labels,1,0.1,20.37,-16.05
CA-2023-002987,2023-06-24,2023-06-29,CU-1113,Corporate,West,Technology,Machines,HP LaserJet Pro M404n Printer,1,0.15,372.76,46.12
CA-2023-002988,2023-12-20,2023-12-27,CU-1318,Home Office,Central,Office Supplies,Fasteners,OIC Heavy-Duty Binder Clips,1,0.0,7.06,-20.31
CA-2024-002989,2024-07-14,2024-07-20,CU-1264,Corporate,East,Technology,Accessories,SanDisk Ultra 64GB USB Flash Drive,2,0.3,49.22,-18.71
CA-2023-002990,2023-09-23,2023-09-25,CU-1622,Corporate,West,Office Supplies,Labels,"Avery 5"" x 8"" Label",5,0.0,95.16,14.96
CA-2023-002991,2023-09-05,2023-09-12,CU-1321,Consumer,West,Technology,Accessories,Belkin 8-Outlet Surge Protector,3,0.1,203.75,13.82
CA-2023-002992,2023-07-17,2023-07-20,CU-1340,Home Office,South,Technology,Phones,Polycom CX600 IP Phone,1,0.1,344.86,10.58
CA-2024-002993,2024-01-07,2024-01-09,CU-1314,Corporate,Central,Technology,Accessories,Belkin 8-Outlet Surge Protector,4,0.0,298.21,49.09
CA-2024-002994,2024-04-05,2024-04-09,CU-1758,Corporate,South,Office Supplies,Art,Newell 312 Mechanical Pencil,2,0.0,17.65,-15.25
CA-2024-002995,2024-09-20,2024-09-25,CU-1442,Consumer,South,Furniture,Furnishings,Eldon Image Series Desk Accessories,2,0.0,130.71,25.4
CA-2023-002996,2023-11-30,2023-12-03,CU-1416,Home Office,South,Technology,Accessories,Logitech MX Master Wireless Mouse,2,0.3,231.4,-3.56
CA-2023-002997,2023-12-16,2023-12-18,CU-1105,Consumer,West,Office Supplies,Binders,GBC DocuBind TL300 Electric Binding System,1,0.0,980.17,210.07
CA-2023-002998,2023-04-18,2023-04-24,CU-1916,Home Office,East,Office Supplies,Supplies,Stanley Bostitch Heavy-Duty Stapler,5,0.0,286.4,50.96
CA-2023-002999,2023-06-13,2023-06-19,CU-1515,Consumer,East,Furniture,Bookcases,Bush Westfield Collection Bookcase,3,0.0,1694.29,168.23
CA-2024-003000,2024-12-04,2024-12-05,CU-1390,Home Office,West,Office Supplies,Fasteners,OIC Heavy-Duty Binder Clips,1,0.2,5.22,-21.84
CA-2023-003001,2023-05-30,2023-05-31,CU-1763,Consumer,Central,Office Supplies,Art,Newell 312 Mechanical Pencil,2,0.0,20.22,-14.46
CA-2023-003002,2023-12-20,2023-12-25,CU-1360,Corporate,East,Furniture,Bookcases,Bush Westfield Collection Bookcase,2,0.1,1086.24,80.15
CA-2023-003003,2023-05-16,2023-05-21,CU-1660,Home Office,West,Office Supplies,Fasteners,OIC Heavy-Duty Binder Clips,1,0.0,6.23,-20.99
CA-2023-003004,2023-10-01,2023-10-06,CU-1961,Consumer,East,Office Supplies,Storage,Fellowes Bankers Box Heavy-Duty Storage Boxes,1,0.0,93.42,6.42
CA-2024-003005,2024-09-16,2024-09-19,CU-1524,Home Office,Central,Technology,Phones,Polycom CX600 IP Phone,1,0.2,349.18,-7.66
CA-2024-003006,2024-12-24,2024-12-26,CU-1565,Consumer,East,Furniture,Bookcases,Sauder Camden County Barrister Bookcase,4,0.0,2990.23,106.22
CA-2023-003007,2023-07-06,2023-07-09,CU-1977,Corporate,South,Office Supplies,Binders,Fellowes PB500 Electric Punch Plastic Comb Binding Machine with Manual Bind,2,0.15,2415.22,316.84
CA-2023-003008,2023-02-12,2023-02-18,CU-1517,Corporate,West,Office Supplies,Envelopes,Avery Self-Adhesive Address Labels,1,0.0,22.17,-14.18
CA-2024-003009,2024-02-06,2024-02-12,CU-1441,Consumer,East,Furniture,Tables,Bretford Rectangular Conference Table,1,0.2,1374.64,-13.89
CA-2024-003010,2024-06-11,2024-06-16,CU-1435,Home Office,East,Office Supplies,Art,Newell 312 Mechanical Pencil,1,0.0,9.99,-19.49
CA-2023-003011,2023-03-17,2023-03-19,CU-1863,Home Office,Central,Office Supplies,Paper,Xerox Premium Multipurpose Paper,4,0.0,193.06,59.94
CA-2023-003012,2023-04-01,2023-04-02,CU-1850,Home Office,South,Technology,Accessories,SanDisk Ultra 64GB USB Flash Drive,3,0.1,80.06,-4.49
CA-2024-003013,2024-11-12,2024-11-19,CU-1017,Consumer,South,Office Supplies,Paper,Hammermill Copy Plus Paper,3,0.15,107.62,4.86
CA-2023-003014,2023-05-05,2023-05-12,CU-1330,Home Office,East,Office Supplies,Supplies,Stanley Bostitch Heavy-Duty Stapler,1,0.3,39.89,-17.54
CA-2024-003015,2024-07-27,2024-07-29,CU-1265,Corporate,Central,Office Supplies,Storage,Tennsco Industrial Steel Shelving,2,0.0,720.16,177.96
CA-2024-003016,2024-01-06,2024-01-08,CU-1753,Corporate,West,Furniture,Furnishings,Eldon Image Series Desk Accessories,1,0.0,64.78,-3.33
CA-2023-003017,2023-08-09,2023-08-15,CU-1505,Consumer,South,Office Supplies,Binders,GBC DocuBind TL300 Electric Binding System,2,0.1,1612.8,263.85
CA-2024-003018,2024-06-06,2024-06-13,CU-1339,Corporate,East,Office Supplies,Art,Newell 312 Mechanical Pencil,3,0.0,30.18,-9.5
CA-2024-003019,2024-08-30,2024-09-01,CU-1162,Home Office,East,Office Supplies,Paper,Xerox Premium Multipurpose Paper,2,0.1,95.75,11.53
CA-2024-003020,2024-07-03,2024-07-04,CU-1447,Home Office,South,Technology,Accessories,SanDisk Ultra 64GB USB Flash Drive,1,0.0,31.01,-14.69
CA-2024-003021,2024-03-13,2024-03-18,CU-1507,Home Office,Central,Office Supplies,Supplies,Stanley Bostitch Heavy-Duty Stapler,2,0.15,95.15,-4.6
CA-2024-003022,2024-09-17,2024-09-21,CU-1588,Corporate,West,Furniture,Furnishings,Eldon Image Series Desk Accessories,3,0.0,216.21,55.83
CA-2023-003023,2023-12-09,2023-12-11,CU-1352,Home Office,South,Office Supplies,Binders,GBC Ibimaster 500 Manual ProClick Binding System,1,0.0,875.64,138.8
CA-2024-003024,2024-09-06,2024-09-12,CU-1988,Corporate,Central,Technology,Accessories,Logitech G910 Mechanical Keyboard,1,0.1,229.65,30.46
CA-2024-003025,2024-12-03,2024-12-04,CU-1160,Corporate,West,Office Supplies,Labels,"Avery 5"" x 8"" Label",1,0.0,18.31,-15.13
CA-2023-003026,2023-11-27,2023-12-04,CU-1263,Corporate,East,Technology,Accessories,Logitech MX Master Wireless Mouse,2,0.0,331.7,75.44
CA-2023-003027,2023-10-02,2023-10-07,CU-1318,Consumer,West,Office Supplies,Paper,Xerox Premium Multipurpose Paper,2,0.0,100.76,17.55
CA-2024-003028,2024-03-27,2024-04-01,CU-1978,Consumer,South,Office Supplies,Envelopes,Avery Self-Adhesive Address Labels,1,0.1,21.41,-16.96
CA-2024-003029,2024-05-31,2024-06-07,CU-1776,Home Office,South,Technology,Accessories,Logitech G910 Mechanical Keyboard,3,0.0,753.68,159.27
CA-2024-003030,2024-08-12,2024-08-16,CU-1777,Home Office,East,Office Supplies,Fasteners,OIC Heavy-Duty Binder Clips,1,0.2,4.99,-21.99
CA-2023-003031,2023-11-09,2023-11-16,CU-1532,Corporate,West,Office Supplies,Fasteners,OIC Heavy-Duty Binder Clips,1,0.0,6.71,-20.5
CA-2024-003032,2024-11-01,2024-11-07,CU-1008,Consumer,East,Furniture,Chairs,HON 5400 Series Task Chairs for Big and Tall,1,0.1,931.45,53.13
CA-2023-003033,2023-11-04,2023-11-09,CU-1383,Home Office,West,Technology,Copiers,Canon imageCLASS 2200 Advanced Copier,3,0.0,6313.28,1995.22
CA-2024-003034,2024-02-14,2024-02-20,CU-1353,Consumer,East,Office Supplies,Art,Newell 312 Mechanical Pencil,4,0.0,36.85,-6.18
CA-2024-003035,2024-02-07,2024-02-08,CU-1412,Home Office,East,Office Supplies,Fasteners,OIC Heavy-Duty Binder Clips,1,0.15,6.08,-21.24
CA-2024-003036,2024-05-22,2024-05-24,CU-1306,Home Office,Central,Furniture,Chairs,HON 5400 Series Task Chairs for Big and Tall,1,0.0,1112.14,207.66
CA-2023-003037,2023-04-20,2023-04-25,CU-1641,Home Office,East,Office Supplies,Labels,"Avery 5"" x 8"" Label",2,0.15,29.32,-13.76
CA-2024-003038,2024-05-28,2024-05-31,CU-1328,Home Office,East,Office Supplies,Supplies,Stanley Bostitch Heavy-Duty Stapler,1,0.0,59.94,-6.59
CA-2024-003039,2024-07-24,2024-07-26,CU-1091,Consumer,West,Furniture,Furnishings,DAX Two-Tone Rosewood/Black Document Frame,2,0.0,88.23,2.93
CA-2023-003040,2023-07-06,2023-07-10,CU-1295,Home Office,West,Furniture,Tables,Bretford Rectangular Conference Table,4,0.0,7060.78,688.97
CA-2023-003041,2023-01-03,2023-01-07,CU-1682,Home Office,Central,Office Supplies,Envelopes,Avery Self-Adhesive Address Labels,2,0.0,44.15,-5.9
CA-2024-003042,2024-09-13,2024-09-18,CU-1283,Corporate,Central,Office Supplies,Binders,GBC DocuBind TL300 Electric Binding System,1,0.0,900.63,187.04
CA-2023-003043,2023-11-11,2023-11-16,CU-1554,Consumer,East,Technology,Accessories,SanDisk Ultra 64GB USB Flash Drive,1,0.1,28.88,-16.9
CA-2024-003044,2024-06-13,2024-06-20,CU-1388,Corporate,Central,Office Supplies,Fasteners,OIC Heavy-Duty Binder Clips,2,0.0,13.15,-17.38
CA-2024-003045,2024-05-07,2024-05-08,CU-1653,Corporate,East,Office Supplies,Paper,Xerox Premium Multipurpose Paper,1,0.1,47.76,-6.85
CA-2024-003046,2024-03-18,2024-03-23,CU-1973,Consumer,Central,Office Supplies,Appliances,Hoover Commercial Lightweight Vacuum,1,0.0,465.07,71.49
CA-2024-003047,2024-08-19,2024-08-22,CU-1246,Corporate,Central,Technology,Accessories,SanDisk Ultra 64GB USB Flash Drive,3,0.0,95.82,10.22
CA-2023-003048,2023-12-21,2023-12-23,CU-1126,Corporate,South,Office Supplies,Paper,Xerox Premium Multipurpose Paper,1,0.0,47.55,-6.59
CA-2024-003049,2024-04-18,2024-04-22,CU-1838,Home Office,South,Furniture,Furnishings,DAX Two-Tone Rosewood/Black Document Frame,2,0.1,71.28,-5.85
CA-2024-003050,2024-12-11,2024-12-16,CU-1410,Corporate,Central,Office Supplies,Art,Newell 312 Mechanical Pencil,1,0.2,7.63,-21.37
CA-2023-003051,2023-08-17,2023-08-20,CU-1336,Home Office,South,Furniture,Furnishings,Eldon Image Series Desk Accessories,4,0.1,231.11,41.17
CA-2024-003052,2024-04-23,2024-04-25,CU-1381,Corporate,Central,Office Supplies,Fasteners,OIC Heavy-Duty Binder Clips,1,0.0,6.23,-20.85
CA-2024-003053,2024-11-21,2024-11-27,CU-1499,Corporate,Central,Office Supplies,Envelopes,Avery Self-Adhesive Address Labels,4,0.0,92.52,13.5
CA-2024-003054,2024-10-31,2024-11-04,CU-1643,Home Office,Central,Office Supplies,Paper,Xerox Premium Multipurpose Paper,1,0.2,41.59,-10.89
CA-2023-003055,2023-07-18,2023-07-22,CU-1454,Consumer,South,Technology,Accessories,Logitech G910 Mechanical Keyboard,1,0.1,251.49,34.22
CA-2023-003056,2023-01-19,2023-01-23,CU-1098,Corporate,West,Technology,Phones,Polycom CX600 IP Phone,1,0.1,403.73,28.87
CA-2024-003057,2024-11-16,2024-11-21,CU-1569,Corporate,South,Office Supplies,Art,Newell 312 Mechanical Pencil,3,0.15,23.37,-15.86
CA-2024-003058,2024-08-08,2024-08-11,CU-1784,Corporate,Central,Technology,Machines,HP LaserJet Pro M404n Printer,1,0.0,445.87,78.58
CA-2023-003059,2023-05-06,2023-05-10,CU-1630,Home Office,Central,Office Supplies,Binders,Fellowes PB500 Electric Punch Plastic Comb Binding Machine with Manual Bind,2,0.0,2430.62,576.01
CA-2024-003060,2024-11-05,2024-11-12,CU-1809,Home Office,South,Furniture,Chairs,HON 5400 Series Task Chairs for Big and Tall,1,0.1,1003.41,93.31
CA-2024-003061,2024-08-11,2024-08-12,CU-1696,Consumer,West,Office Supplies,Art,Newell 312 Mechanical Pencil,1,0.1,9.33,-20.4
CA-2024-003062,2024-12-21,2024-12-23,CU-1789,Home Office,West,Technology,Phones,Polycom CX600 IP Phone,2,0.1,781.57,80.19
CA-2024-003063,2024-03-31,2024-04-04,CU-1376,Home Office,South,Office Supplies,Labels,"Avery 5"" x 8"" Label",1,0.0,17.5,-15.48
CA-2024-003064,2024-12-21,2024-12-26,CU-1219,Corporate,Central,Office Supplies,Envelopes,Avery Self-Adhesive Address Labels,1,0.0,20.69,-15.15
CA-2023-003065,2023-08-07,2023-08-09,CU-1194,Consumer,West,Technology,Accessories,SanDisk Ultra 64GB USB Flash Drive,3,0.15,84.5,-7.34
CA-2023-003066,2023-11-14,2023-11-16,CU-1945,Consumer,South,Office Supplies,Art,Newell 312 Mechanical Pencil,1,0.1,8.54,-20.32
CA-2024-003067,2024-05-06,2024-05-12,CU-1711,Corporate,Central,Technology,Accessories,SanDisk Ultra 64GB USB Flash Drive,2,0.0,68.7,-4.31
CA-2023-003068,2023-07-20,2023-07-26,CU-1689,Home Office,East,Technology,Accessories,SanDisk Ultra 64GB USB Flash Drive,5,0.1,150.49,20.23
CA-2024-003069,2024-01-08,2024-01-15,CU-1525,Consumer,South,Office Supplies,Fasteners,OIC Heavy-Duty Binder Clips,3,0.1,16.83,-16.05
CA-2023-003070,2023-07-05,2023-07-11,CU-1797,Consumer,East,Office Supplies,Paper,Hammermill Copy Plus Paper,3,0.0,126.07,21.64
CA-2024-003071,2024-06-02,2024-06-09,CU-1688,Consumer,East,Technology,Accessories,SanDisk Ultra 64GB USB Flash Drive,1,0.2,24.16,-18.47
CA-2023-003072,2023-06-20,2023-06-21,CU-1945,Consumer,West,Furniture,Furnishings,Eldon Image Series Desk Accessories,2,0.0,124.85,18.59
CA-2024-003073,2024-10-19,2024-10-24,CU-1403,Corporate,West,Office Supplies,Envelopes,Avery Self-Adhesive Address Labels,5,0.15,99.34,11.79
CA-2023-003074,2023-09-28,2023-10-04,CU-1838,Corporate,South,Office Supplies,Fasteners,OIC Heavy-Duty Binder Clips,1,0.0,6.3,-20.8
CA-2023-003075,2023-10-21,2023-10-22,CU-1926,Home Office,South,Technology,Phones,Polycom CX600 IP Phone,1,0.15,353.51,17.83
CA-2023-003076,2023-03-29,2023-03-31,CU-1059,Consumer,Central,Office Supplies,Paper,Xerox Premium Multipurpose Paper,1,0.0,47.26,-5.6
CA-2024-003077,2024-12-07,2024-12-12,CU-1549,Corporate,West,Furniture,Chairs,Global Deluxe High-Back Manager's Chair,3,0.1,1678.64,181.61
CA-2023-003078,2023-03-24,2023-03-27,CU-1249,Consumer,East,Office Supplies,Paper,Xerox Premium Multipurpose Paper,1,0.0,47.77,-4.16
CA-2023-003079,2023-11-28,2023-12-01,CU-1933,Corporate,Central,Technology,Machines,HP LaserJet Pro M404n Printer,3,0.0,1227.95,274.92
CA-2023-003080,2023-07-20,2023-07-21,CU-1047,Home Office,Central,Office Supplies,Art,Newell 312 Mechanical Pencil,3,0.0,27.72,-10.51
CA-2024-003081,2024-03-07,2024-03-13,CU-1147,Home Office,South,Office Supplies,Fasteners,OIC Heavy-Duty Binder Clips,1,0.3,4.43,-22.49
CA-2023-003082,2023-01-03,2023-01-07,CU-1096,Corporate,East,Office Supplies,Paper,Hammermill Copy Plus Paper,1,0.15,36.0,-14.36
CA-2023-003083,2023-02-12,2023-02-15,CU-1513,Corporate,East,Office Supplies,Art,Newell 312 Mechanical Pencil,3,0.0,26.48,-12.4
CA-2023-003084,2023-02-15,2023-02-17,CU-1410,Corporate,West,Furniture,Furnishings,DAX Two-Tone Rosewood/Black Document Frame,2,0.0,79.72,-1.06
CA-2024-003085,2024-04-23,2024-04-26,CU-1770,Consumer,Central,Technology,Phones,Polycom CX600 IP Phone,2,0.0,800.94,146.32
CA-2024-003086,2024-02-01,2024-02-08,CU-1768,Corporate,Central,Furniture,Tables,Hon Every-Day Round Conference Table,2,0.1,2734.85,133.49
CA-2023-003087,2023-08-23,2023-08-26,CU-1699,Consumer,Central,Technology,Accessories,Logitech MX Master Wireless Mouse,3,0.3,353.63,21.26
CA-2024-003088,2024-07-19,2024-07-20,CU-1145,Home Office,West,Office Supplies,Supplies,Stanley Bostitch Heavy-Duty Stapler,1,0.1,47.7,-10.55
CA-2024-003089,2024-04-20,2024-04-21,CU-1254,Home Office,West,Office Supplies,Paper,Hammermill Copy Plus Paper,1,0.3,31.13,-18.74
CA-2023-003090,2023-05-22,2023-05-29,CU-1433,Home Office,Central,Furniture,Furnishings,DAX Two-Tone Rosewood/Black Document Frame,4,0.0,150.77,17.42
CA-2024-003091,2024-07-17,2024-07-23,CU-1950,Home Office,East,Office Supplies,Art,Newell 312 Mechanical Pencil,1,0.0,8.76,-19.69
CA-2023-003092,2023-07-23,2023-07-30,CU-1859,Home Office,Central,Technology,Machines,HP LaserJet Pro M404n Printer,1,0.15,372.01,22.76
CA-2023-003093,2023-01-05,2023-01-09,CU-1346,Corporate,West,Office Supplies,Paper,Xerox Premium Multipurpose Paper,1,0.15,46.69,-9.49
CA-2024-003094,2024-08-10,2024-08-12,CU-1311,Consumer,Central,Technology,Accessories,SanDisk Ultra 64GB USB Flash Drive,2,0.0,69.34,-0.41
CA-2023-003095,2023-06-04,2023-06-09,CU-1723,Corporate,Central,Furniture,Bookcases,Bush Westfield Collection Bookcase,1,0.0,562.53,49.68
CA-2023-003096,2023-08-14,2023-08-17,CU-1877,Corporate,Central,Technology,Accessories,SanDisk Ultra 64GB USB Flash Drive,3,0.0,97.34,7.2
CA-2023-003097,2023-07-16,2023-07-17,CU-1132,Corporate,West,Office Supplies,Storage,Fellowes Bankers Box Heavy-Duty Storage Boxes,1,0.2,75.86,-9.91
CA-2023-003098,2023-01-05,2023-01-08,CU-1568,Home Office,South,Technology,Phones,Polycom CX600 IP Phone,1,0.0,393.77,51.23
CA-2023-003099,2023-08-02,2023-08-04,CU-1413,Corporate,West,Office Supplies,Paper,Hammermill Copy Plus Paper,2,0.0,83.55,9.62
CA-2024-003100,2024-11-14,2024-11-18,CU-1671,Home Office,West,Furniture,Furnishings,DAX Two-Tone Rosewood/Black Document Frame,1,0.0,39.95,-10.5
CA-2024-003101,2024-11-23,2024-11-29,CU-1045,Consumer,East,Office Supplies,Fasteners,OIC Heavy-Duty Binder Clips,1,0.0,6.96,-20.26
CA-2023-003102,2023-07-01,2023-07-04,CU-1773,Corporate,South,Office Supplies,Envelopes,Avery Self-Adhesive Address Labels,1,0.15,19.58,-17.69
CA-2023-003103,2023-12-15,2023-12-16,CU-1310,Home Office,West,Technology,Accessories,SanDisk Ultra 64GB USB Flash Drive,1,0.0,32.68,-14.62
CA-2023-003104,2023-08-11,2023-08-18,CU-1296,Consumer,West,Technology,Accessories,Logitech MX Master Wireless Mouse,1,0.0,148.55,18.78
CA-2023-003105,2023-02-22,2023-02-26,CU-1911,Corporate,West,Office Supplies,Envelopes,Avery Self-Adhesive Address Labels,3,0.2,51.84,-8.01
CA-2024-003106,2024-02-28,2024-03-06,CU-1314,Corporate,South,Technology,Accessories,Logitech MX Master Wireless Mouse,1,0.0,176.74,28.75
CA-2023-003107,2023-10-24,2023-10-30,CU-1155,Consumer,West,Office Supplies,Supplies,Stanley Bostitch Heavy-Duty Stapler,1,0.0,56.24,-5.71
CA-2024-003108,2024-11-30,2024-12-05,CU-1208,Home Office,Central,Furniture,Chairs,Global Deluxe High-Back Manager's Chair,1,0.0,674.34,58.36
CA-2024-003109,2024-09-15,2024-09-20,CU-1863,Corporate,West,Furniture,Tables,Bretford Rectangular Conference Table,2,0.0,3449.01,298.07
CA-2024-003110,2024-08-27,2024-09-02,CU-1223,Home Office,East,Office Supplies,Envelopes,Avery Self-Adhesive Address Labels,4,0.2,73.64,-2.34
CA-2024-003111,2024-02-24,2024-03-02,CU-1467,Corporate,South,Office Supplies,Art,Newell 312 Mechanical Pencil,1,0.15,8.07,-21.02
CA-2024-003112,2024-04-24,2024-04-25,CU-1228,Corporate,West,Office Supplies,Supplies,Stanley Bostitch Heavy-Duty Stapler,1,0.1,53.45,-12.59
CA-2024-003113,2024-08-26,2024-08-28,CU-1056,Corporate,East,Furniture,Furnishings,DAX Two-Tone Rosewood/Black Document Frame,3,0.2,91.64,-5.3
CA-2024-003114,2024-01-02,2024-01-03,CU-1552,Home Office,East,Technology,Accessories,Logitech MX Master Wireless Mouse,2,0.0,334.21,63.87
CA-2023-003115,2023-10-22,2023-10-24,CU-1220,Home Office,East,Technology,Accessories,Logitech G910 Mechanical Keyboard,1,0.2,202.89,13.24
CA-2023-003116,2023-09-16,2023-09-19,CU-1974,Corporate,South,Office Supplies,Paper,Xerox Premium Multipurpose Paper,2,0.15,93.98,7.75
CA-2024-003117,2024-12-25,2024-12-27,CU-1448,Home Office,West,Office Supplies,Labels,"Avery 5"" x 8"" Label",1,0.1,16.39,-18.07
CA-2023-003118,2023-11-27,2023-12-04,CU-1854,Consumer,Central,Technology,Accessories,Logitech MX Master Wireless Mouse,1,0.0,157.92,23.27
CA-2024-003119,2024-01-27,2024-02-03,CU-1490,Corporate,East,Office Supplies,Storage,Tennsco Industrial Steel Shelving,1,0.2,286.37,11.32
CA-2023-003120,2023-04-20,2023-04-21,CU-1170,Corporate,South,Office Supplies,Storage,Tennsco Industrial Steel Shelving,2,0.15,604.74,55.2
CA-2023-003121,2023-11-15,2023-11-17,CU-1309,Consumer,South,Office Supplies,Art,Newell 312 Mechanical Pencil,1,0.0,9.5,-19.42
CA-2023-003122,2023-12-08,2023-12-15,CU-1983,Corporate,West,Office Supplies,Binders,Fellowes PB500 Electric Punch Plastic Comb Binding Machine with Manual Bind,2,0.3,1835.75,109.03
CA-2023-003123,2023-01-29,2023-02-04,CU-1909,Consumer,West,Technology,Accessories,Logitech G910 Mechanical Keyboard,1,0.1,223.47,18.53
CA-2023-003124,2023-02-05,2023-02-06,CU-1213,Home Office,East,Office Supplies,Fasteners,OIC Heavy-Duty Binder Clips,2,0.0,13.06,-17.46
CA-2024-003125,2024-07-06,2024-07-13,CU-1207,Home Office,Central,Office Supplies,Appliances,Hoover Commercial Lightweight Vacuum,1,0.0,507.94,78.48
CA-2023-003126,2023-09-15,2023-09-22,CU-1115,Corporate,West,Technology,Accessories,Logitech G910 Mechanical Keyboard,1,0.0,261.51,50.93
CA-2023-003127,2023-11-14,2023-11-17,CU-1006,Corporate,Central,Technology,Accessories,Logitech MX Master Wireless Mouse,1,0.0,153.27,22.78
CA-2023-003128,2023-01-20,2023-01-23,CU-1153,Consumer,East,Office Supplies,Binders,GBC Ibimaster 500 Manual ProClick Binding System,1,0.0,785.09,144.74
CA-2024-003129,2024-11-28,2024-11-30,CU-1304,Corporate,South,Office Supplies,Supplies,Stanley Bostitch Heavy-Duty Stapler,2,0.0,116.7,11.01
CA-2023-003130,2023-03-10,2023-03-14,CU-1889,Corporate,West,Furniture,Furnishings,Eldon Image Series Desk Accessories,1,0.0,70.79,-1.56
CA-2024-003131,2024-03-01,2024-03-03,CU-1415,Home Office,West,Furniture,Furnishings,DAX Two-Tone Rosewood/Black Document Frame,1,0.1,39.07,-14.97
CA-2023-003132,2023-09-16,2023-09-19,CU-1930,Corporate,South,Technology,Accessories,Logitech G910 Mechanical Keyboard,1,0.15,221.87,17.93
CA-2024-003133,2024-07-09,2024-07-16,CU-1923,Consumer,East,Technology,Machines,Zebra ZP 450 Thermal Label Printer,1,0.3,362.33,-9.59
CA-2024-003134,2024-02-12,2024-02-17,CU-1456,Home Office,East,Office Supplies,Labels,"Avery 5"" x 8"" Label",1,0.0,16.42,-16.97
CA-2023-003135,2023-08-23,2023-08-25,CU-1102,Home Office,West,Office Supplies,Paper,Xerox Premium Multipurpose Paper,1,0.1,46.78,-7.98
CA-2023-003136,2023-01-08,2023-01-09,CU-1998,Corporate,East,Office Supplies,Paper,Xerox Premium Multipurpose Paper,2,0.1,92.98,11.31
CA-2023-003137,2023-01-29,2023-02-03,CU-1562,Home Office,South,Technology,Accessories,Logitech MX Master Wireless Mouse,1,0.0,151.43,22.29
CA-2023-003138,2023-05-10,2023-05-12,CU-1589,Home Office,East,Furniture,Chairs,Global Deluxe High-Back Manager's Chair,1,0.1,592.25,51.04
CA-2024-003139,2024-05-03,2024-05-08,CU-1646,Corporate,South,Office Supplies,Storage,Fellowes Bankers Box Heavy-Duty Storage Boxes,1,0.2,68.92,-7.54
CA-2023-003140,2023-05-08,2023-05-09,CU-1168,Consumer,West,Office Supplies,Paper,Hammermill Copy Plus Paper,1,0.1,36.85,-12.73
CA-2023-003141,2023-12-09,2023-12-16,CU-1936,Consumer,South,Furniture,Bookcases,Sauder Camden County Barrister Bookcase,1,0.15,655.71,-6.15
CA-2024-003142,2024-07-28,2024-08-04,CU-1081,Home Office,East,Office Supplies,Appliances,Hoover Commercial Lightweight Vacuum,1,0.0,462.95,63.0
CA-2024-003143,2024-12-10,2024-12-11,CU-1745,Corporate,East,Technology,Accessories,Logitech G910 Mechanical Keyboard,2,0.2,460.8,65.13
CA-2024-003144,2024-10-23,2024-10-27,CU-1650,Corporate,East,Office Supplies,Labels,"Avery 5"" x 8"" Label",1,0.0,18.51,-16.05
CA-2024-003145,2024-10-06,2024-10-09,CU-1887,Corporate,South,Furniture,Furnishings,DAX Two-Tone Rosewood/Black Document Frame,2,0.0,82.63,1.58
CA-2024-003146,2024-05-02,2024-05-03,CU-1887,Home Office,Central,Office Supplies,Storage,Fellowes Bankers Box Heavy-Duty Storage Boxes,1,0.1,77.02,-1.43
CA-2023-003147,2023-06-10,2023-06-15,CU-1019,Home Office,South,Furniture,Bookcases,Sauder Camden County Barrister Bookcase,1,0.15,577.88,-28.1
CA-2023-003148,2023-05-09,2023-05-12,CU-1581,Corporate,Central,Office Supplies,Appliances,Hoover Commercial Lightweight Vacuum,3,0.3,1014.83,14.35
CA-2024-003149,2024-09-07,2024-09-08,CU-1171,Corporate,West,Office Supplies,Paper,Hammermill Copy Plus Paper,1,0.0,40.72,-9.11
CA-2024-003150,2024-12-12,2024-12-19,CU-1033,Consumer,West,Office Supplies,Storage,Tennsco Industrial Steel Shelving,3,0.0,1018.19,212.64
CA-2024-003151,2024-09-05,2024-09-07,CU-1997,Consumer,Central,Office Supplies,Binders,GBC DocuBind TL300 Electric Binding System,2,0.1,1656.62,284.92
CA-2024-003152,2024-11-26,2024-11-29,CU-1839,Consumer,West,Technology,Accessories,Logitech MX Master Wireless Mouse,1,0.2,121.02,-2.5
CA-2023-003153,2023-11-15,2023-11-16,CU-1899,Consumer,Central,Furniture,Tables,Bretford Rectangular Conference Table,4,0.0,7179.39,859.44
CA-2024-003154,2024-06-18,2024-06-21,CU-1754,Corporate,West,Technology,Accessories,Logitech MX Master Wireless Mouse,2,0.0,352.63,85.03
CA-2023-003155,2023-11-10,2023-11-12,CU-1780,Corporate,West,Technology,Accessories,Logitech G910 Mechanical Keyboard,1,0.0,279.76,60.29
CA-2024-003156,2024-12-01,2024-12-05,CU-1255,Home Office,Central,Furniture,Tables,Hon Every-Day Round Conference Table,1,0.0,1511.6,185.66
CA-2023-003157,2023-06-22,2023-06-24,CU-1412,Corporate,Central,Office Supplies,Paper,Hammermill Copy Plus Paper,3,0.1,110.96,14.1
CA-2023-003158,2023-02-13,2023-02-19,CU-1056,Corporate,South,Technology,Machines,Zebra ZP 450 Thermal Label Printer,2,0.0,948.68,220.6
CA-2024-003159,2024-04-09,2024-04-13,CU-1255,Home Office,South,Office Supplies,Binders,GBC Ibimaster 500 Manual ProClick Binding System,3,0.0,2282.94,433.3
CA-2023-003160,2023-11-22,2023-11-25,CU-1410,Home Office,West,Office Supplies,Fasteners,OIC Heavy-Duty Binder Clips,1,0.2,5.02,-22.09
CA-2024-003161,2024-09-05,2024-09-07,CU-1883,Corporate,East,Office Supplies,Supplies,Stanley Bostitch Heavy-Duty Stapler,2,0.1,99.99,-0.98
CA-2024-003162,2024-09-28,2024-09-30,CU-1874,Consumer,East,Furniture,Furnishings,Eldon Image Series Desk Accessories,1,0.1,60.74,-7.35
CA-2024-003163,2024-12-06,2024-12-09,CU-1847,Home Office,Central,Technology,Accessories,Logitech G910 Mechanical Keyboard,1,0.1,232.19,21.59
CA-2023-003164,2023-08-15,2023-08-17,CU-1695,Consumer,Central,Office Supplies,Binders,Fellowes PB500 Electric Punch Plastic Comb Binding Machine with Manual Bind,1,0.0,1269.62,333.95
CA-2023-003165,2023-07-05,2023-07-07,CU-1259,Consumer,South,Office Supplies,Paper,Hammermill Copy Plus Paper,1,0.0,39.83,-8.83
CA-2023-003166,2023-07-15,2023-07-21,CU-1074,Corporate,Central,Technology,Accessories,Belkin 8-Outlet Surge Protector,1,0.0,79.01,-2.88
CA-2023-003167,2023-05-09,2023-05-11,CU-1969,Corporate,South,Technology,Accessories,Belkin 8-Outlet Surge Protector,1,0.15,68.89,-13.07
CA-2024-003168,2024-07-01,2024-07-08,CU-1053,Corporate,East,Office Supplies,Art,Newell 312 Mechanical Pencil,3,0.2,22.08,-15.73
CA-2023-003169,2023-06-05,2023-06-11,CU-1607,Home Office,East,Technology,Accessories,Belkin 8-Outlet Surge Protector,2,0.2,127.49,-7.86
CA-2024-003170,2024-01-16,2024-01-23,CU-1963,Corporate,Central,Office Supplies,Paper,Xerox Premium Multipurpose Paper,1,0.0,51.79,-1.88
CA-2024-003171,2024-08-23,2024-08-24,CU-1357,Home Office,East,Technology,Accessories,Belkin 8-Outlet Surge Protector,3,0.1,234.4,35.24
CA-2024-003172,2024-12-06,2024-12-09,CU-1481,Consumer,South,Office Supplies,Fasteners,OIC Heavy-Duty Binder Clips,1,0.15,5.22,-21.67
CA-2024-003173,2024-12-09,2024-12-13,CU-1442,Consumer,East,Furniture,Furnishings,DAX Two-Tone Rosewood/Black Document Frame,1,0.0,38.56,-10.99
CA-2024-003174,2024-06-11,2024-06-17,CU-1123,Home Office,West,Office Supplies,Fasteners,OIC Heavy-Duty Binder Clips,5,0.0,30.37,-8.01
CA-2023-003175,2023-05-18,2023-05-25,CU-1733,Corporate,East,Technology,Accessories,Belkin 8-Outlet Surge Protector,2,0.2,133.61,1.67
CA-2023-003176,2023-11-20,2023-11-22,CU-1296,Consumer,Central,Technology,Copiers,Canon imageCLASS 2200 Advanced Copier,2,0.0,4777.68,1337.81
CA-2023-003177,2023-11-18,2023-11-23,CU-1456,Corporate,Central,Office Supplies,Envelopes,Avery Self-Adhesive Address Labels,1,0.15,19.39,-17.62
CA-2023-003178,2023-11-10,2023-11-12,CU-1763,Home Office,Central,Office Supplies,Labels,"Avery 5"" x 8"" Label",2,0.0,38.05,-7.13
CA-2023-003179,2023-04-22,2023-04-23,CU-1750,Consumer,East,Office Supplies,Binders,GBC Ibimaster 500 Manual ProClick Binding System,1,0.15,719.07,75.32
CA-2024-003180,2024-05-12,2024-05-19,CU-1818,Corporate,Central,Office Supplies,Art,Newell 312 Mechanical Pencil,1,0.0,9.75,-19.85
CA-2024-003181,2024-01-31,2024-02-02,CU-1360,Consumer,South,Office Supplies,Art,Newell 312 Mechanical Pencil,1,0.3,6.68,-22.06
CA-2024-003182,2024-03-06,2024-03-11,CU-1409,Home Office,East,Furniture,Chairs,HON 5400 Series Task Chairs for Big and Tall,1,0.0,1050.61,151.27
CA-2024-003183,2024-01-25,2024-01-29,CU-1843,Consumer,Central,Technology,Accessories,Logitech G910 Mechanical Keyboard,1,0.0,249.55,45.74
CA-2024-003184,2024-11-20,2024-11-26,CU-1430,Corporate,Central,Office Supplies,Storage,Tennsco Industrial Steel Shelving,1,0.0,335.06,55.47
CA-2024-003185,2024-04-22,2024-04-27,CU-1787,Corporate,West,Furniture,Chairs,Global Deluxe High-Back Manager's Chair,2,0.15,1140.83,30.59
CA-2024-003186,2024-06-16,2024-06-23,CU-1290,Home Office,East,Office Supplies,Envelopes,Avery Self-Adhesive Address Labels,2,0.1,37.05,-11.27
CA-2024-003187,2024-02-26,2024-03-01,CU-1388,Home Office,West,Furniture,Furnishings,DAX Two-Tone Rosewood/Black Document Frame,1,0.0,41.82,-9.85
CA-2024-003188,2024-04-05,2024-04-08,CU-1311,Corporate,West,Office Supplies,Binders,GBC Ibimaster 500 Manual ProClick Binding System,2,0.15,1477.64,89.48
CA-2023-003189,2023-02-16,2023-02-19,CU-1948,Consumer,Central,Office Supplies,Fasteners,OIC Heavy-Duty Binder Clips,2,0.15,10.7,-19.66
CA-2024-003190,2024-10-02,2024-10-08,CU-1541,Corporate,West,Office Supplies,Paper,Hammermill Copy Plus Paper,2,0.0,85.95,6.26
CA-2023-003191,2023-12-06,2023-12-13,CU-1018,Home Office,East,Technology,Accessories,SanDisk Ultra 64GB USB Flash Drive,1,0.0,32.36,-12.78
CA-2023-003192,2023-04-12,2023-04-16,CU-1110,Corporate,South,Office Supplies,Art,Newell 312 Mechanical Pencil,2,0.0,20.16,-14.27
CA-2024-003193,2024-07-14,2024-07-18,CU-1976,Corporate,South,Office Supplies,Labels,"Avery 5"" x 8"" Label",1,0.0,16.98,-17.02
CA-2023-003194,2023-12-12,2023-12-15,CU-1762,Home Office,Central,Office Supplies,Binders,Fellowes PB500 Electric Punch Plastic Comb Binding Machine with Manual Bind,1,0.0,1350.47,263.09
CA-2024-003195,2024-11-12,2024-11-17,CU-1469,Consumer,West,Office Supplies,Envelopes,Avery Self-Adhesive Address Labels,2,0.0,47.04,-4.5
CA-2023-003196,2023-05-19,2023-05-22,CU-1254,Home Office,East,Office Supplies,Paper,Xerox Premium Multipurpose Paper,1,0.0,54.44,-0.93
CA-2024-003197,2024-11-18,2024-11-19,CU-1633,Consumer,Central,Office Supplies,Binders,Fellowes PB500 Electric Punch Plastic Comb Binding Machine with Manual Bind,2,0.0,2569.7,642.19
CA-2024-003198,2024-05-18,2024-05-24,CU-1422,Corporate,South,Technology,Machines,HP LaserJet Pro M404n Printer,1,0.0,418.54,92.02
CA-2024-003199,2024-02-28,2024-03-06,CU-1620,Corporate,East,Office Supplies,Paper,Xerox Premium Multipurpose Paper,1,0.0,48.88,-5.9
CA-2023-003200,2023-05-29,2023-06-01,CU-1255,Consumer,East,Technology,Accessories,Logitech G910 Mechanical Keyboard,2,0.1,440.62,61.27
CA-2023-003201,2023-08-18,2023-08-21,CU-1104,Consumer,South,Furniture,Chairs,HON 5400 Series Task Chairs for Big and Tall,1,0.0,1098.86,215.71
CA-2023-003202,2023-03-22,2023-03-28,CU-1871,Home Office,East,Office Supplies,Paper,Xerox Premium Multipurpose Paper,2,0.0,99.01,19.07
CA-2024-003203,2024-06-03,2024-06-04,CU-1870,Consumer,East,Office Supplies,Storage,Fellowes Bankers Box Heavy-Duty Storage Boxes,1,0.0,91.92,7.74
CA-2024-003204,2024-08-16,2024-08-18,CU-1597,Home Office,West,Office Supplies,Art,Newell 312 Mechanical Pencil,2,0.15,16.27,-17.88
CA-2023-003205,2023-07-18,2023-07-22,CU-1831,Corporate,South,Office Supplies,Binders,GBC Ibimaster 500 Manual ProClick Binding System,1,0.0,786.64,136.69
CA-2023-003206,2023-11-07,2023-11-09,CU-1549,Home Office,West,Office Supplies,Binders,Fellowes PB500 Electric Punch Plastic Comb Binding Machine with Manual Bind,1,0.3,962.61,16.48
CA-2023-003207,2023-07-15,2023-07-21,CU-1231,Consumer,Central,Office Supplies,Binders,GBC Ibimaster 500 Manual ProClick Binding System,3,0.0,2253.04,402.75
CA-2024-003208,2024-06-29,2024-06-30,CU-1269,Consumer,East,Office Supplies,Labels,"Avery 5"" x 8"" Label",1,0.0,18.0,-16.52
CA-2024-003209,2024-11-16,2024-11-21,CU-1094,Home Office,Central,Office Supplies,Paper,Xerox Premium Multipurpose Paper,1,0.0,51.27,-2.22
CA-2023-003210,2023-04-15,2023-04-22,CU-1979,Home Office,East,Office Supplies,Envelopes,Avery Self-Adhesive Address Labels,2,0.0,42.84,-4.35
CA-2023-003211,2023-11-08,2023-11-14,CU-1046,Consumer,South,Office Supplies,Art,Newell 312 Mechanical Pencil,2,0.1,16.39,-18.07
CA-2023-003212,2023-03-22,2023-03-25,CU-1875,Home Office,Central,Technology,Phones,Polycom CX600 IP Phone,2,0.0,769.7,136.69
CA-2023-003213,2023-11-16,2023-11-17,CU-1651,Consumer,West,Office Supplies,Storage,Tennsco Industrial Steel Shelving,1,0.0,367.33,61.52
CA-2024-003214,2024-08-24,2024-08-30,CU-1762,Corporate,Central,Technology,Copiers,Canon imageCLASS 2200 Advanced Copier,1,0.0,2160.48,538.07
CA-2024-003215,2024-01-31,2024-02-04,CU-1202,Consumer,South,Technology,Phones,Polycom CX600 IP Phone,2,0.0,830.96,97.05
CA-2023-003216,2023-12-29,2024-01-05,CU-1335,Home Office,West,Furniture,Tables,Hon Every-Day Round Conference Table,1,0.0,1514.64,85.46
CA-2024-003217,2024-09-06,2024-09-09,CU-1959,Corporate,South,Technology,Accessories,SanDisk Ultra 64GB USB Flash Drive,1,0.0,30.88,-13.13
CA-2023-003218,2023-09-22,2023-09-27,CU-1235,Consumer,Central,Office Supplies,Fasteners,OIC Heavy-Duty Binder Clips,2,0.3,9.23,-20.86
CA-2024-003219,2024-12-26,2024-12-28,CU-1414,Corporate,Central,Office Supplies,Paper,Xerox Premium Multipurpose Paper,4,0.1,172.46,39.1
CA-2023-003220,2023-01-05,2023-01-12,CU-1962,Consumer,Central,Office Supplies,Paper,Xerox Premium Multipurpose Paper,1,0.0,54.54,-2.73
CA-2023-003221,2023-12-23,2023-12-27,CU-1546,Home Office,West,Furniture,Bookcases,Sauder Camden County Barrister Bookcase,1,0.0,751.4,11.04
CA-2024-003222,2024-10-21,2024-10-24,CU-1953,Corporate,Central,Furniture,Furnishings,Eldon Image Series Desk Accessories,2,0.0,126.43,15.68
CA-2023-003223,2023-03-04,2023-03-07,CU-1387,Home Office,South,Office Supplies,Paper,Hammermill Copy Plus Paper,4,0.0,168.33,45.16
CA-2024-003224,2024-06-04,2024-06-07,CU-1025,Consumer,West,Office Supplies,Art,Newell 312 Mechanical Pencil,1,0.2,7.33,-21.29
CA-2024-003225,2024-04-24,2024-04-25,CU-1492,Corporate,South,Office Supplies,Supplies,Stanley Bostitch Heavy-Duty Stapler,1,0.2,47.03,-16.48
CA-2024-003226,2024-09-01,2024-09-03,CU-1953,Consumer,West,Technology,Accessories,SanDisk Ultra 64GB USB Flash Drive,3,0.2,77.21,-10.91
CA-2023-003227,2023-04-20,2023-04-25,CU-1174,Consumer,South,Office Supplies,Labels,"Avery 5"" x 8"" Label",1,0.0,16.26,-16.58
CA-2023-003228,2023-10-21,2023-10-24,CU-1286,Consumer,East,Office Supplies,Binders,GBC Ibimaster 500 Manual ProClick Binding System,5,0.0,4314.15,812.32
CA-2023-003229,2023-08-27,2023-09-02,CU-1350,Corporate,East,Office Supplies,Fasteners,OIC Heavy-Duty Binder Clips,1,0.1,5.88,-21.21
CA-2023-003230,2023-08-23,2023-08-28,CU-1368,Consumer,Central,Technology,Machines,HP LaserJet Pro M404n Printer,1,0.1,393.3,54.05
CA-2023-003231,2023-02-26,2023-03-01,CU-1356,Consumer,West,Office Supplies,Fasteners,OIC Heavy-Duty Binder Clips,2,0.1,11.71,-18.83
CA-2023-003232,2023-04-25,2023-05-01,CU-1984,Home Office,South,Office Supplies,Fasteners,OIC Heavy-Duty Binder Clips,2,0.0,12.36,-17.76
CA-2024-003233,2024-03-13,2024-03-19,CU-1200,Home Office,South,Furniture,Bookcases,Sauder Camden County Barrister Bookcase,1,0.0,737.04,60.38
CA-2024-003234,2024-06-22,2024-06-26,CU-1674,Corporate,West,Furniture,Furnishings,DAX Two-Tone Rosewood/Black Document Frame,4,0.0,168.99,31.75
CA-2024-003235,2024-11-10,2024-11-11,CU-1810,Consumer,West,Furniture,Tables,Bretford Rectangular Conference Table,1,0.2,1352.46,-42.67
CA-2024-003236,2024-09-15,2024-09-19,CU-1489,Consumer,South,Office Supplies,Paper,Hammermill Copy Plus Paper,1,0.0,40.34,-8.1
CA-2024-003237,2024-04-18,2024-04-23,CU-1714,Home Office,East,Technology,Accessories,Logitech MX Master Wireless Mouse,3,0.0,455.77,95.5
CA-2024-003238,2024-01-15,2024-01-22,CU-1458,Consumer,Central,Furniture,Furnishings,Eldon Image Series Desk Accessories,1,0.0,67.56,0.81
CA-2023-003239,2023-10-31,2023-11-06,CU-1613,Home Office,East,Technology,Machines,HP LaserJet Pro M404n Printer,2,0.0,754.06,179.64
CA-2023-003240,2023-09-14,2023-09-20,CU-1407,Home Office,East,Technology,Accessories,Logitech MX Master Wireless Mouse,2,0.3,236.53,13.68
CA-2024-003241,2024-01-06,2024-01-09,CU-1177,Corporate,Central,Technology,Accessories,Logitech MX Master Wireless Mouse,3,0.1,425.28,82.3
CA-2023-003242,2023-01-08,2023-01-09,CU-1056,Consumer,South,Office Supplies,Fasteners,OIC Heavy-Duty Binder Clips,2,0.15,10.51,-19.36
CA-2024-003243,2024-03-10,2024-03-11,CU-1991,Home Office,Central,Office Supplies,Paper,Hammermill Copy Plus Paper,3,0.0,125.43,26.66
CA-2023-003244,2023-05-23,2023-05-24,CU-1782,Consumer,South,Furniture,Furnishings,DAX Two-Tone Rosewood/Black Document Frame,1,0.1,37.59,-15.95
CA-2024-003245,2024-11-12,2024-11-16,CU-1725,Home Office,West,Technology,Accessories,Belkin 8-Outlet Surge Protector,2,0.15,142.69,7.67
CA-2024-003246,2024-05-04,2024-05-06,CU-1127,Corporate,West,Technology,Machines,Zebra ZP 450 Thermal Label Printer,4,0.0,1980.54,374.18
CA-2024-003247,2024-10-05,2024-10-07,CU-1429,Consumer,East,Office Supplies,Fasteners,OIC Heavy-Duty Binder Clips,1,0.2,5.19,-21.99
CA-2023-003248,2023-05-10,2023-05-11,CU-1768,Consumer,West,Technology,Accessories,SanDisk Ultra 64GB USB Flash Drive,1,0.0,30.4,-14.39
CA-2023-003249,2023-10-22,2023-10-23,CU-1029,Consumer,East,Office Supplies,Appliances,Hoover Commercial Lightweight Vacuum,1,0.1,461.32,30.49
CA-2024-003250,2024-02-28,2024-03-02,CU-1324,Home Office,Central,Technology,Accessories,SanDisk Ultra 64GB USB Flash Drive,2,0.0,61.96,-4.03
CA-2024-003251,2024-02-28,2024-03-06,CU-1682,Consumer,East,Office Supplies,Paper,Hammermill Copy Plus Paper,1,0.15,32.94,-13.6
CA-2024-003252,2024-11-05,2024-11-07,CU-1824,Corporate,West,Technology,Machines,HP LaserJet Pro M404n Printer,1,0.2,310.14,22.93
CA-2023-003253,2023-04-15,2023-04-17,CU-1581,Corporate,East,Office Supplies,Paper,Xerox Premium Multipurpose Paper,2,0.0,98.96,18.43
CA-2023-003254,2023-07-10,2023-07-13,CU-1285,Consumer,West,Technology,Machines,Zebra ZP 450 Thermal Label Printer,2,0.15,840.86,97.78
CA-2024-003255,2024-12-21,2024-12-27,CU-1801,Consumer,East,Office Supplies,Art,Newell 312 Mechanical Pencil,1,0.2,8.2,-21.46
CA-2023-003256,2023-02-17,2023-02-21,CU-1087,Corporate,South,Furniture,Tables,Bretford Rectangular Conference Table,2,0.0,3431.08,319.14
CA-2024-003257,2024-12-20,2024-12-23,CU-1715,Consumer,West,Office Supplies,Envelopes,Avery Self-Adhesive Address Labels,2,0.1,41.81,-7.47
CA-2024-003258,2024-06-27,2024-07-01,CU-1016,Home Office,South,Furniture,Bookcases,Sauder Camden County Barrister Bookcase,1,0.2,574.91,-38.23
CA-2024-003259,2024-02-04,2024-02-06,CU-1742,Consumer,East,Office Supplies,Appliances,Hoover Commercial Lightweight Vacuum,1,0.0,491.5,70.35
CA-2023-003260,2023-05-30,2023-06-01,CU-1352,Home Office,West,Office Supplies,Storage,Fellowes Bankers Box Heavy-Duty Storage Boxes,1,0.0,80.82,2.77
CA-2024-003261,2024-04-24,2024-05-01,CU-1367,Corporate,South,Furniture,Chairs,Global Deluxe High-Back Manager's Chair,1,0.2,502.53,0.3
CA-2023-003262,2023-12-21,2023-12-22,CU-1087,Consumer,Central,Office Supplies,Envelopes,Avery Self-Adhesive Address Labels,2,0.0,46.05,-5.41
CA-2024-003263,2024-05-05,2024-05-11,CU-1435,Consumer,South,Furniture,Chairs,Global Deluxe High-Back Manager's Chair,1,0.2,453.06,1.86
CA-2024-003264,2024-02-07,2024-02-13,CU-1747,Consumer,East,Office Supplies,Paper,Hammermill Copy Plus Paper,1,0.0,40.36,-8.38
CA-2023-003265,2023-08-01,2023-08-02,CU-1970,Home Office,East,Technology,Accessories,SanDisk Ultra 64GB USB Flash Drive,1,0.0,35.14,-13.96
CA-2024-003266,2024-08-14,2024-08-16,CU-1930,Consumer,Central,Office Supplies,Fasteners,OIC Heavy-Duty Binder Clips,5,0.1,29.96,-11.37
CA-2023-003267,2023-02-10,2023-02-14,CU-1733,Corporate,South,Office Supplies,Labels,"Avery 5"" x 8"" Label",1,0.0,16.68,-16.62
CA-2023-003268,2023-10-25,2023-10-30,CU-1865,Consumer,South,Office Supplies,Storage,Fellowes Bankers Box Heavy-Duty Storage Boxes,1,0.0,80.82,2.72
CA-2023-003269,2023-05-22,2023-05-27,CU-1627,Home Office,West,Office Supplies,Appliances,Hoover Commercial Lightweight Vacuum,3,0.0,1463.75,229.06
CA-2023-003270,2023-08-03,2023-08-09,CU-1093,Home Office,Central,Office Supplies,Paper,Xerox Premium Multipurpose Paper,1,0.1,48.43,-8.0
CA-2023-003271,2023-01-19,2023-01-22,CU-1262,Home Office,East,Furniture,Furnishings,DAX Two-Tone Rosewood/Black Document Frame,1,0.0,39.9,-11.8
CA-2023-003272,2023-05-12,2023-05-16,CU-1462,Consumer,East,Furniture,Furnishings,DAX Two-Tone Rosewood/Black Document Frame,1,0.0,39.22,-13.65
CA-2023-003273,2023-09-04,2023-09-07,CU-1685,Corporate,East,Furniture,Chairs,HON 5400 Series Task Chairs for Big and Tall,2,0.0,1884.41,376.27
CA-2024-003274,2024-10-17,2024-10-20,CU-1785,Home Office,East,Technology,Machines,Zebra ZP 450 Thermal Label Printer,1,0.15,445.18,51.09
CA-2024-003275,2024-07-27,2024-07-28,CU-1860,Corporate,West,Furniture,Furnishings,DAX Two-Tone Rosewood/Black Document Frame,1,0.0,40.59,-12.94
CA-2024-003276,2024-07-25,2024-07-29,CU-1285,Corporate,Central,Office Supplies,Supplies,Stanley Bostitch Heavy-Duty Stapler,1,0.0,59.7,-7.15
CA-2023-003277,2023-01-20,2023-01-24,CU-1294,Corporate,South,Technology,Phones,Polycom CX600 IP Phone,1,0.1,339.28,21.86
CA-2024-003278,2024-07-19,2024-07-20,CU-1968,Corporate,East,Technology,Phones,Polycom CX600 IP Phone,2,0.0,813.37,99.27
CA-2024-003279,2024-06-12,2024-06-13,CU-1669,Home Office,West,Office Supplies,Envelopes,Avery Self-Adhesive Address Labels,1,0.0,20.21,-14.88
CA-2024-003280,2024-09-22,2024-09-27,CU-1856,Consumer,South,Technology,Machines,HP LaserJet Pro M404n Printer,1,0.1,390.27,34.56
CA-2024-003281,2024-01-17,2024-01-19,CU-1049,Corporate,East,Office Supplies,Labels,"Avery 5"" x 8"" Label",2,0.0,37.3,-7.32
CA-2024-003282,2024-04-11,2024-04-17,CU-1716,Home Office,South,Office Supplies,Paper,Hammermill Copy Plus Paper,1,0.0,39.67,-10.22
CA-2024-003283,2024-05-23,2024-05-27,CU-1790,Consumer,Central,Technology,Accessories,Logitech G910 Mechanical Keyboard,1,0.2,201.23,6.12
CA-2023-003284,2023-04-29,2023-05-02,CU-1474,Corporate,East,Technology,Accessories,SanDisk Ultra 64GB USB Flash Drive,3,0.0,100.7,11.03
CA-2024-003285,2024-02-16,2024-02-17,CU-1020,Corporate,South,Furniture,Chairs,Global Deluxe High-Back Manager's Chair,5,0.0,3149.82,598.35
CA-2024-003286,2024-06-30,2024-07-07,CU-1069,Corporate,East,Office Supplies,Art,Newell 312 Mechanical Pencil,2,0.1,16.1,-17.56
CA-2023-003287,2023-07-02,2023-07-07,CU-1302,Home Office,South,Technology,Machines,HP LaserJet Pro M404n Printer,1,0.2,320.7,19.52
CA-2024-003288,2024-09-02,2024-09-04,CU-1507,Home Office,Central,Furniture,Chairs,HON 5400 Series Task Chairs for Big and Tall,2,0.0,2033.25,313.01
CA-2023-003289,2023-04-20,2023-04-26,CU-1312,Corporate,West,Technology,Machines,Zebra ZP 450 Thermal Label Printer,1,0.1,469.22,33.11
CA-2024-003290,2024-02-26,2024-02-28,CU-1398,Consumer,South,Office Supplies,Paper,Hammermill Copy Plus Paper,1,0.15,36.29,-14.56
CA-2024-003291,2024-06-27,2024-07-02,CU-1950,Consumer,East,Office Supplies,Appliances,Hoover Commercial Lightweight Vacuum,4,0.15,1494.87,122.44
CA-2023-003292,2023-04-30,2023-05-07,CU-1937,Home Office,East,Technology,Machines,Zebra ZP 450 Thermal Label Printer,1,0.0,542.41,76.38
CA-2023-003293,2023-10-06,2023-10-10,CU-1528,Home Office,East,Office Supplies,Paper,Hammermill Copy Plus Paper,2,0.0,82.82,8.1
CA-2023-003294,2023-01-08,2023-01-14,CU-1252,Home Office,West,Technology,Machines,HP LaserJet Pro M404n Printer,1,0.0,384.47,56.59
CA-2024-003295,2024-08-14,2024-08-21,CU-1403,Consumer,East,Technology,Accessories,Belkin 8-Outlet Surge Protector,1,0.0,87.11,-0.7
CA-2023-003296,2023-08-05,2023-08-10,CU-1149,Home Office,South,Office Supplies,Labels,"Avery 5"" x 8"" Label",2,0.2,29.24,-13.64
CA-2024-003297,2024-10-20,2024-10-25,CU-1264,Consumer,West,Furniture,Furnishings,DAX Two-Tone Rosewood/Black Document Frame,1,0.0,38.44,-11.52
CA-2024-003298,2024-02-10,2024-02-16,CU-1242,Corporate,South,Furniture,Bookcases,Bush Westfield Collection Bookcase,2,0.2,819.3,-56.4
CA-2024-003299,2024-09-22,2024-09-27,CU-1283,Corporate,West,Technology,Machines,HP LaserJet Pro M404n Printer,3,0.2,1019.59,81.92
CA-2024-003300,2024-12-01,2024-12-07,CU-1462,Corporate,East,Office Supplies,Fasteners,OIC Heavy-Duty Binder Clips,3,0.0,18.56,-13.92
CA-2024-003301,2024-03-12,2024-03-14,CU-1462,Corporate,Central,Office Supplies,Paper,Xerox Premium Multipurpose Paper,2,0.0,106.22,16.88
CA-2024-003302,2024-12-06,2024-12-10,CU-1527,Consumer,South,Technology,Phones,Cisco TelePresence System EX90 Videoconferencing Unit,3,0.0,9470.91,1985.66
CA-2024-003303,2024-10-03,2024-10-09,CU-1586,Corporate,South,Office Supplies,Labels,"Avery 5"" x 8"" Label",2,0.0,37.42,-6.81
CA-2024-003304,2024-06-02,2024-06-09,CU-1681,Home Office,Central,Office Supplies,Storage,Fellowes Bankers Box Heavy-Duty Storage Boxes,1,0.0,91.33,4.1
CA-2024-003305,2024-01-23,2024-01-27,CU-1861,Home Office,East,Office Supplies,Art,Newell 312 Mechanical Pencil,5,0.0,46.34,-4.75
CA-2023-003306,2023-02-28,2023-03-04,CU-1096,Home Office,East,Office Supplies,Fasteners,OIC Heavy-Duty Binder Clips,1,0.1,5.95,-21.05
CA-2023-003307,2023-11-20,2023-11-26,CU-1160,Consumer,East,Office Supplies,Binders,Fellowes PB500 Electric Punch Plastic Comb Binding Machine with Manual Bind,2,0.0,2674.75,620.81
CA-2023-003308,2023-07-22,2023-07-28,CU-1601,Home Office,South,Office Supplies,Labels,"Avery 5"" x 8"" Label",1,0.0,18.99,-15.67
CA-2023-003309,2023-05-14,2023-05-19,CU-1985,Consumer,West,Office Supplies,Storage,Fellowes Bankers Box Heavy-Duty Storage Boxes,2,0.1,151.66,18.76
CA-2023-003310,2023-11-19,2023-11-21,CU-1291,Home Office,West,Technology,Accessories,Logitech G910 Mechanical Keyboard,1,0.1,248.25,36.85
CA-2023-003311,2023-06-09,2023-06-12,CU-1498,Consumer,South,Office Supplies,Envelopes,Avery Self-Adhesive Address Labels,1,0.0,20.69,-15.58
CA-2024-003312,2024-03-10,2024-03-17,CU-1352,Home Office,West,Office Supplies,Fasteners,OIC Heavy-Duty Binder Clips,3,0.1,18.61,-15.98
CA-2023-003313,2023-02-12,2023-02-14,CU-1316,Corporate,South,Furniture,Chairs,HON 5400 Series Task Chairs for Big and Tall,1,0.0,955.26,141.8
CA-2024-003314,2024-07-31,2024-08-03,CU-1255,Home Office,Central,Technology,Accessories,SanDisk Ultra 64GB USB Flash Drive,2,0.0,61.05,-4.11
CA-2024-003315,2024-10-12,2024-10-14,CU-1448,Home Office,West,Office Supplies,Appliances,Hoover Commercial Lightweight Vacuum,2,0.15,852.49,57.94
CA-2023-003316,2023-04-16,2023-04-18,CU-1647,Consumer,South,Technology,Accessories,Logitech G910 Mechanical Keyboard,1,0.3,191.03,-2.4
CA-2024-003317,2024-01-31,2024-02-03,CU-1379,Corporate,South,Furniture,Furnishings,Eldon Image Series Desk Accessories,2,0.0,136.97,28.84
CA-2023-003318,2023-12-15,2023-12-20,CU-1511,Corporate,West,Office Supplies,Storage,Fellowes Bankers Box Heavy-Duty Storage Boxes,1,0.0,91.86,4.97
CA-2024-003319,2024-07-05,2024-07-10,CU-1419,Consumer,Central,Technology,Accessories,SanDisk Ultra 64GB USB Flash Drive,1,0.15,26.31,-18.6
CA-2023-003320,2023-09-27,2023-10-03,CU-1409,Home Office,West,Technology,Accessories,Belkin 8-Outlet Surge Protector,1,0.0,84.04,1.82
CA-2024-003321,2024-11-07,2024-11-14,CU-1969,Home Office,East,Technology,Accessories,Belkin 8-Outlet Surge Protector,4,0.0,349.75,60.54
CA-2023-003322,2023-06-03,2023-06-04,CU-1791,Home Office,Central,Office Supplies,Envelopes,Avery Self-Adhesive Address Labels,1,0.0,20.27,-16.02
CA-2024-003323,2024-03-18,2024-03-24,CU-1110,Consumer,Central,Furniture,Bookcases,Sauder Camden County Barrister Bookcase,1,0.2,523.37,-51.5
CA-2023-003324,2023-02-27,2023-03-01,CU-1487,Consumer,Central,Office Supplies,Envelopes,Avery Self-Adhesive Address Labels,1,0.0,20.31,-15.47
CA-2024-003325,2024-01-27,2024-01-29,CU-1236,Home Office,Central,Office Supplies,Supplies,Stanley Bostitch Heavy-Duty Stapler,2,0.0,106.99,9.8
CA-2024-003326,2024-09-02,2024-09-04,CU-1345,Consumer,Central,Office Supplies,Envelopes,Avery Self-Adhesive Address Labels,1,0.1,18.69,-17.91
CA-2024-003327,2024-05-06,2024-05-07,CU-1905,Consumer,East,Technology,Accessories,Logitech G910 Mechanical Keyboard,3,0.0,734.35,185.21
CA-2024-003328,2024-10-30,2024-11-03,CU-1573,Corporate,West,Office Supplies,Paper,Hammermill Copy Plus Paper,1,0.0,38.06,-10.07
CA-2024-003329,2024-07-08,2024-07-13,CU-1198,Consumer,East,Furniture,Furnishings,DAX Two-Tone Rosewood/Black Document Frame,2,0.2,71.27,-13.55
CA-2024-003330,2024-12-10,2024-12-16,CU-1171,Corporate,Central,Office Supplies,Art,Newell 312 Mechanical Pencil,2,0.1,18.7,-15.88
CA-2023-003331,2023-10-26,2023-10-29,CU-1277,Corporate,West,Office Supplies,Paper,Hammermill Copy Plus Paper,1,0.0,40.05,-7.89
CA-2023-003332,2023-01-14,2023-01-21,CU-1973,Corporate,West,Office Supplies,Envelopes,Avery Self-Adhesive Address Labels,3,0.15,57.96,-2.97
CA-2023-003333,2023-06-09,2023-06-15,CU-1463,Home Office,West,Office Supplies,Fasteners,OIC Heavy-Duty Binder Clips,3,0.3,13.15,-19.72
CA-2024-003334,2024-12-12,2024-12-15,CU-1713,Home Office,South,Office Supplies,Appliances,Hoover Commercial Lightweight Vacuum,1,0.0,431.67,45.3
CA-2024-003335,2024-03-02,2024-03-05,CU-1926,Home Office,West,Office Supplies,Appliances,Hoover Commercial Lightweight Vacuum,1,0.15,437.08,9.73
CA-2023-003336,2023-06-06,2023-06-11,CU-1150,Corporate,Central,Furniture,Furnishings,Eldon Image Series Desk Accessories,1,0.0,67.63,-0.16
CA-2024-003337,2024-12-25,2024-12-31,CU-1504,Consumer,West,Office Supplies,Supplies,Stanley Bostitch Heavy-Duty Stapler,1,0.0,51.13,-9.79
CA-2023-003338,2023-02-04,2023-02-07,CU-1706,Home Office,West,Office Supplies,Paper,Xerox Premium Multipurpose Paper,2,0.0,94.36,11.6
CA-2024-003339,2024-01-23,2024-01-26,CU-1477,Home Office,East,Technology,Machines,HP LaserJet Pro M404n Printer,4,0.1,1453.57,187.07
CA-2023-003340,2023-05-07,2023-05-09,CU-1382,Home Office,South,Technology,Accessories,SanDisk Ultra 64GB USB Flash Drive,5,0.0,167.81,26.29
CA-2023-003341,2023-03-27,2023-04-03,CU-1697,Corporate,Central,Office Supplies,Paper,Xerox Premium Multipurpose Paper,1,0.1,43.09,-8.83
CA-2024-003342,2024-06-18,2024-06-22,CU-1701,Corporate,West,Technology,Copiers,Canon imageCLASS 2200 Advanced Copier,2,0.0,4582.32,1453.24
CA-2023-003343,2023-04-16,2023-04-19,CU-1846,Corporate,Central,Technology,Accessories,Logitech G910 Mechanical Keyboard,1,0.1,248.83,22.0
CA-2023-003344,2023-10-19,2023-10-21,CU-1463,Home Office,East,Furniture,Chairs,Global Deluxe High-Back Manager's Chair,5,0.1,2906.69,289.35
CA-2024-003345,2024-10-25,2024-10-28,CU-1848,Home Office,Central,Office Supplies,Paper,Hammermill Copy Plus Paper,2,0.0,76.33,2.27
CA-2023-003346,2023-02-22,2023-02-28,CU-1180,Consumer,South,Office Supplies,Appliances,Hoover Commercial Lightweight Vacuum,3,0.0,1477.66,215.86
CA-2023-003347,2023-02-19,2023-02-21,CU-1235,Home Office,East,Office Supplies,Storage,Fellowes Bankers Box Heavy-Duty Storage Boxes,1,0.0,91.55,8.56
CA-2023-003348,2023-02-03,2023-02-04,CU-1639,Home Office,West,Office Supplies,Binders,Fellowes PB500 Electric Punch Plastic Comb Binding Machine with Manual Bind,2,0.1,2556.98,434.22
CA-2023-003349,2023-10-03,2023-10-09,CU-1888,Home Office,West,Office Supplies,Paper,Hammermill Copy Plus Paper,2,0.1,80.23,2.68
CA-2023-003350,2023-11-26,2023-12-01,CU-1354,Consumer,West,Furniture,Furnishings,DAX Two-Tone Rosewood/Black Document Frame,5,0.1,177.94,22.52
CA-2024-003351,2024-11-10,2024-11-16,CU-1085,Corporate,South,Office Supplies,Labels,"Avery 5"" x 8"" Label",2,0.0,36.38,-9.18
CA-2023-003352,2023-04-26,2023-04-29,CU-1871,Corporate,Central,Technology,Accessories,SanDisk Ultra 64GB USB Flash Drive,1,0.0,35.05,-11.87
CA-2023-003353,2023-07-12,2023-07-14,CU-1433,Corporate,West,Office Supplies,Paper,Hammermill Copy Plus Paper,2,0.1,70.85,-1.53
CA-2024-003354,2024-01-24,2024-01-29,CU-1327,Corporate,West,Technology,Accessories,Logitech MX Master Wireless Mouse,2,0.0,349.07,90.25
CA-2023-003355,2023-04-01,2023-04-08,CU-1630,Home Office,West,Technology,Accessories,SanDisk Ultra 64GB USB Flash Drive,1,0.1,30.81,-15.83
CA-2024-003356,2024-06-12,2024-06-17,CU-1839,Corporate,West,Office Supplies,Binders,GBC Ibimaster 500 Manual ProClick Binding System,1,0.1,733.07,61.81
CA-2023-003357,2023-06-25,2023-06-28,CU-1632,Home Office,West,Office Supplies,Supplies,Stanley Bostitch Heavy-Duty Stapler,2,0.0,107.55,4.3
CA-2023-003358,2023-08-03,2023-08-05,CU-1111,Consumer,Central,Furniture,Tables,Bretford Rectangular Conference Table,2,0.0,3843.9,433.27
CA-2023-003359,2023-04-03,2023-04-09,CU-1985,Home Office,South,Office Supplies,Storage,Tennsco Industrial Steel Shelving,3,0.0,1120.33,299.81
CA-2024-003360,2024-02-25,2024-03-02,CU-1227,Consumer,Central,Office Supplies,Paper,Hammermill Copy Plus Paper,1,0.1,40.5,-11.5
CA-2023-003361,2023-09-06,2023-09-09,CU-1464,Home Office,East,Technology,Accessories,Belkin 8-Outlet Surge Protector,1,0.0,77.03,-0.36
CA-2024-003362,2024-10-28,2024-10-31,CU-1151,Home Office,West,Office Supplies,Labels,"Avery 5"" x 8"" Label",3,0.0,55.62,2.3
CA-2023-003363,2023-09-29,2023-10-01,CU-1871,Corporate,South,Office Supplies,Storage,Fellowes Bankers Box Heavy-Duty Storage Boxes,4,0.0,381.76,83.26
CA-2024-003364,2024-07-13,2024-07-20,CU-1561,Consumer,East,Technology,Accessories,Logitech G910 Mechanical Keyboard,2,0.15,486.33,84.9
CA-2023-003365,2023-03-07,2023-03-14,CU-1286,Corporate,South,Technology,Accessories,SanDisk Ultra 64GB USB Flash Drive,1,0.3,21.76,-20.44
CA-2024-003366,2024-01-31,2024-02-01,CU-1560,Corporate,West,Furniture,Furnishings,Eldon Image Series Desk Accessories,2,0.2,115.02,2.4
CA-2023-003367,2023-07-04,2023-07-05,CU-1277,Corporate,East,Furniture,Furnishings,Eldon Image Series Desk Accessories,1,0.0,64.51,-3.65
CA-2024-003368,2024-09-28,2024-10-05,CU-1515,Home Office,West,Furniture,Furnishings,DAX Two-Tone Rosewood/Black Document Frame,1,0.15,37.27,-15.7
CA-2024-003369,2024-08-26,2024-08-31,CU-1904,Corporate,South,Office Supplies,Art,Newell 312 Mechanical Pencil,4,0.0,36.88,-7.26
CA-2023-003370,2023-03-12,2023-03-14,CU-1595,Home Office,East,Furniture,Furnishings,Eldon Image Series Desk Accessories,1,0.1,65.08,-3.86
CA-2024-003371,2024-03-01,2024-03-02,CU-1065,Home Office,East,Office Supplies,Labels,"Avery 5"" x 8"" Label",4,0.0,73.36,7.4
CA-2023-003372,2023-09-15,2023-09-19,CU-1540,Corporate,South,Furniture,Furnishings,DAX Two-Tone Rosewood/Black Document Frame,1,0.0,38.79,-12.94
CA-2024-003373,2024-05-05,2024-05-10,CU-1071,Corporate,West,Furniture,Bookcases,Bush Westfield Collection Bookcase,2,0.1,993.46,69.18
CA-2024-003374,2024-07-21,2024-07-28,CU-1989,Corporate,Central,Office Supplies,Paper,Xerox Premium Multipurpose Paper,2,0.1,88.73,9.08
CA-2024-003375,2024-11-04,2024-11-08,CU-1387,Consumer,East,Office Supplies,Storage,Fellowes Bankers Box Heavy-Duty Storage Boxes,1,0.0,85.7,1.7
CA-2024-003376,2024-12-24,2024-12-26,CU-1983,Home Office,East,Office Supplies,Paper,Hammermill Copy Plus Paper,4,0.0,152.23,38.07
CA-2024-003377,2024-10-28,2024-11-03,CU-1305,Corporate,South,Office Supplies,Supplies,Stanley Bostitch Heavy-Duty Stapler,1,0.0,57.48,-8.2
CA-2024-003378,2024-03-04,2024-03-06,CU-1715,Consumer,West,Furniture,Furnishings,DAX Two-Tone Rosewood/Black Document Frame,2,0.0,84.56,-0.48
CA-2024-003379,2024-07-11,2024-07-18,CU-1426,Consumer,South,Technology,Machines,Zebra ZP 450 Thermal Label Printer,3,0.0,1633.05,388.45
CA-2024-003380,2024-12-14,2024-12-17,CU-1443,Corporate,South,Office Supplies,Storage,Fellowes Bankers Box Heavy-Duty Storage Boxes,3,0.0,261.16,54.08
CA-2023-003381,2023-03-23,2023-03-28,CU-1142,Consumer,East,Furniture,Bookcases,Sauder Camden County Barrister Bookcase,1,0.15,621.97,-46.23
CA-2024-003382,2024-11-09,2024-11-14,CU-1975,Home Office,South,Office Supplies,Labels,"Avery 5"" x 8"" Label",1,0.1,17.12,-17.63
CA-2024-003383,2024-02-04,2024-02-09,CU-1160,Home Office,South,Furniture,Bookcases,Sauder Camden County Barrister Bookcase,2,0.15,1135.45,-35.11
CA-2024-003384,2024-04-04,2024-04-05,CU-1834,Home Office,West,Office Supplies,Storage,Fellowes Bankers Box Heavy-Duty Storage Boxes,1,0.0,84.2,4.23
CA-2023-003385,2023-04-04,2023-04-11,CU-1888,Corporate,West,Office Supplies,Supplies,Stanley Bostitch Heavy-Duty Stapler,3,0.0,158.14,17.43
CA-2024-003386,2024-06-19,2024-06-23,CU-1398,Consumer,West,Technology,Machines,HP LaserJet Pro M404n Printer,1,0.0,440.98,81.26
CA-2024-003387,2024-07-08,2024-07-14,CU-1029,Home Office,East,Office Supplies,Fasteners,OIC Heavy-Duty Binder Clips,1,0.0,6.68,-20.42
CA-2023-003388,2023-06-03,2023-06-04,CU-1993,Consumer,Central,Office Supplies,Art,Newell 312 Mechanical Pencil,3,0.0,27.4,-12.06
CA-2024-003389,2024-02-21,2024-02-23,CU-1890,Home Office,South,Office Supplies,Fasteners,OIC Heavy-Duty Binder Clips,1,0.0,6.81,-20.57
CA-2024-003390,2024-05-06,2024-05-08,CU-1871,Corporate,West,Office Supplies,Storage,Fellowes Bankers Box Heavy-Duty Storage Boxes,1,0.0,90.98,7.84
CA-2024-003391,2024-10-21,2024-10-27,CU-1598,Corporate,East,Technology,Accessories,SanDisk Ultra 64GB USB Flash Drive,1,0.0,31.57,-14.15
CA-2023-003392,2023-03-04,2023-03-06,CU-1352,Corporate,Central,Technology,Accessories,SanDisk Ultra 64GB USB Flash Drive,1,0.1,30.94,-16.67
CA-2023-003393,2023-11-16,2023-11-22,CU-1345,Corporate,West,Technology,Accessories,Logitech G910 Mechanical Keyboard,1,0.15,244.93,19.33
CA-2024-003394,2024-06-17,2024-06-22,CU-1937,Corporate,Central,Office Supplies,Supplies,Stanley Bostitch Heavy-Duty Stapler,2,0.0,113.82,9.8
CA-2023-003395,2023-10-28,2023-10-29,CU-1807,Home Office,West,Technology,Phones,Polycom CX600 IP Phone,1,0.1,395.64,9.95
CA-2024-003396,2024-10-14,2024-10-21,CU-1805,Corporate,West,Furniture,Furnishings,DAX Two-Tone Rosewood/Black Document Frame,1,0.1,35.44,-15.69
CA-2024-003397,2024-09-15,2024-09-16,CU-1687,Corporate,West,Furniture,Furnishings,Eldon Image Series Desk Accessories,4,0.0,286.09,70.85
CA-2023-003398,2023-08-22,2023-08-24,CU-1557,Home Office,South,Technology,Machines,Zebra ZP 450 Thermal Label Printer,1,0.15,475.77,25.14
CA-2023-003399,2023-12-27,2024-01-01,CU-1165,Consumer,South,Office Supplies,Appliances,Hoover Commercial Lightweight Vacuum,2,0.0,972.01,164.55
CA-2023-003400,2023-11-17,2023-11-22,CU-1499,Corporate,Central,Technology,Accessories,Belkin 8-Outlet Surge Protector,2,0.0,152.6,16.09
CA-2024-003401,2024-10-13,2024-10-18,CU-1880,Consumer,Central,Office Supplies,Envelopes,Avery Self-Adhesive Address Labels,1,0.0,23.91,-14.72
CA-2024-003402,2024-12-11,2024-12-12,CU-1557,Consumer,East,Furniture,Bookcases,Bush Westfield Collection Bookcase,4,0.0,2391.72,239.37
CA-2023-003403,2023-12-31,2024-01-04,CU-1039,Home Office,Central,Office Supplies,Art,Newell 312 Mechanical Pencil,1,0.2,7.75,-21.02
CA-2023-003404,2023-04-30,2023-05-03,CU-1469,Consumer,East,Technology,Accessories,Belkin 8-Outlet Surge Protector,1,0.0,85.69,-1.09
CA-2024-003405,2024-10-13,2024-10-19,CU-1390,Corporate,West,Office Supplies,Paper,Hammermill Copy Plus Paper,1,0.15,32.46,-14.94
CA-2024-003406,2024-11-06,2024-11-11,CU-1506,Corporate,South,Office Supplies,Paper,Xerox Premium Multipurpose Paper,2,0.1,99.64,8.82
CA-2024-003407,2024-09-18,2024-09-23,CU-1704,Home Office,West,Office Supplies,Paper,Xerox Premium Multipurpose Paper,1,0.2,40.05,-12.21
CA-2023-003408,2023-05-18,2023-05-23,CU-1980,Corporate,Central,Office Supplies,Labels,"Avery 5"" x 8"" Label",1,0.0,17.77,-15.54
CA-2024-003409,2024-07-26,2024-07-28,CU-1918,Corporate,East,Office Supplies,Fasteners,OIC Heavy-Duty Binder Clips,4,0.1,22.36,-13.42
CA-2023-003410,2023-03-05,2023-03-09,CU-1076,Corporate,South,Furniture,Furnishings,DAX Two-Tone Rosewood/Black Document Frame,2,0.1,74.44,-4.38
CA-2023-003411,2023-04-09,2023-04-16,CU-1503,Corporate,South,Office Supplies,Binders,GBC DocuBind TL300 Electric Binding System,2,0.0,1851.27,443.77
CA-2023-003412,2023-11-24,2023-11-26,CU-1394,Home Office,South,Office Supplies,Binders,GBC DocuBind TL300 Electric Binding System,1,0.15,839.94,83.53
CA-2024-003413,2024-04-19,2024-04-21,CU-1842,Home Office,South,Office Supplies,Binders,Fellowes PB500 Electric Punch Plastic Comb Binding Machine with Manual Bind,2,0.0,2563.69,526.12
CA-2024-003414,2024-11-30,2024-12-07,CU-1899,Corporate,Central,Furniture,Bookcases,Bush Westfield Collection Bookcase,2,0.0,1056.12,144.41
CA-2024-003415,2024-12-20,2024-12-22,CU-1804,Consumer,South,Office Supplies,Envelopes,Avery Self-Adhesive Address Labels,5,0.0,106.61,23.75
CA-2023-003416,2023-04-03,2023-04-05,CU-1675,Consumer,South,Technology,Accessories,SanDisk Ultra 64GB USB Flash Drive,1,0.1,26.83,-16.45
CA-2024-003417,2024-05-04,2024-05-09,CU-1622,Corporate,Central,Office Supplies,Storage,Fellowes Bankers Box Heavy-Duty Storage Boxes,2,0.1,153.32,19.86
CA-2023-003418,2023-05-20,2023-05-27,CU-1566,Home Office,Central,Furniture,Tables,Hon Every-Day Round Conference Table,1,0.0,1353.64,58.22
CA-2023-003419,2023-04-27,2023-04-29,CU-1727,Corporate,West,Technology,Accessories,SanDisk Ultra 64GB USB Flash Drive,2,0.1,55.7,-8.07
CA-2023-003420,2023-03-12,2023-03-14,CU-1437,Home Office,West,Furniture,Chairs,Global Deluxe High-Back Manager's Chair,2,0.1,1154.69,127.83
CA-2023-003421,2023-03-31,2023-04-02,CU-1791,Consumer,Central,Office Supplies,Art,Newell 312 Mechanical Pencil,1,0.0,10.06,-19.65
CA-2024-003422,2024-12-13,2024-12-19,CU-1312,Home Office,Central,Technology,Machines,Zebra ZP 450 Thermal Label Printer,1,0.0,479.34,85.09
CA-2023-003423,2023-06-16,2023-06-21,CU-1592,Corporate,West,Office Supplies,Art,Newell 312 Mechanical Pencil,2,0.1,17.72,-16.68
CA-2023-003424,2023-11-06,2023-11-13,CU-1604,Consumer,East,Office Supplies,Paper,Xerox Premium Multipurpose Paper,1,0.15,40.87,-10.98
CA-2023-003425,2023-03-13,2023-03-19,CU-1096,Corporate,East,Furniture,Chairs,Global Deluxe High-Back Manager's Chair,1,0.3,451.78,-25.83
CA-2023-003426,2023-08-28,2023-09-04,CU-1947,Home Office,Central,Office Supplies,Paper,Hammermill Copy Plus Paper,3,0.0,114.19,17.68
CA-2024-003427,2024-05-10,2024-05-11,CU-1117,Home Office,West,Office Supplies,Binders,Fellowes PB500 Electric Punch Plastic Comb Binding Machine with Manual Bind,2,0.1,2563.9,379.62
CA-2023-003428,2023-10-25,2023-10-26,CU-1023,Consumer,South,Office Supplies,Storage,Fellowes Bankers Box Heavy-Duty Storage Boxes,3,0.0,276.36,70.78
CA-2023-003429,2023-09-27,2023-10-02,CU-1788,Corporate,South,Office Supplies,Paper,Xerox Premium Multipurpose Paper,1,0.0,49.44,-4.03
CA-2023-003430,2023-03-01,2023-03-08,CU-1668,Corporate,East,Office Supplies,Labels,"Avery 5"" x 8"" Label",1,0.15,14.14,-18.7
CA-2023-003431,2023-08-20,2023-08-21,CU-1678,Corporate,Central,Technology,Accessories,Belkin 8-Outlet Surge Protector,2,0.0,159.4,25.02
CA-2023-003432,2023-04-06,2023-04-12,CU-1706,Corporate,Central,Technology,Machines,HP LaserJet Pro M404n Printer,2,0.3,533.0,19.63
CA-2023-003433,2023-07-12,2023-07-19,CU-1890,Corporate,Central,Furniture,Furnishings,DAX Two-Tone Rosewood/Black Document Frame,2,0.15,66.62,-10.31
CA-2023-003434,2023-01-14,2023-01-17,CU-1406,Home Office,East,Office Supplies,Envelopes,Avery Self-Adhesive Address Labels,1,0.2,18.86,-17.53
CA-2023-003435,2023-05-21,2023-05-28,CU-1325,Home Office,Central,Furniture,Bookcases,Bush Westfield Collection Bookcase,2,0.0,1121.04,132.35
CA-2023-003436,2023-01-28,2023-02-02,CU-1255,Consumer,East,Office Supplies,Art,Newell 312 Mechanical Pencil,3,0.0,26.48,-12.15
CA-2023-003437,2023-11-02,2023-11-04,CU-1300,Corporate,East,Technology,Accessories,Belkin 8-Outlet Surge Protector,2,0.0,173.73,28.62
CA-2024-003438,2024-09-30,2024-10-06,CU-1190,Consumer,South,Technology,Accessories,Logitech G910 Mechanical Keyboard,1,0.1,218.15,25.46
CA-2024-003439,2024-07-08,2024-07-15,CU-1323,Consumer,East,Office Supplies,Labels,"Avery 5"" x 8"" Label",2,0.1,30.97,-12.67
CA-2024-003440,2024-09-27,2024-10-04,CU-1318,Home Office,East,Technology,Accessories,Logitech MX Master Wireless Mouse,2,0.0,297.35,58.52
CA-2023-003441,2023-08-29,2023-09-02,CU-1899,Home Office,East,Office Supplies,Art,Newell 312 Mechanical Pencil,2,0.0,19.92,-15.41
CA-2023-003442,2023-05-29,2023-05-31,CU-1531,Corporate,West,Office Supplies,Art,Newell 312 Mechanical Pencil,1,0.1,8.5,-20.61
CA-2024-003443,2024-03-07,2024-03-14,CU-1236,Corporate,Central,Furniture,Furnishings,Eldon Image Series Desk Accessories,1,0.0,68.96,-1.97
CA-2023-003444,2023-05-14,2023-05-15,CU-1492,Corporate,Central,Office Supplies,Paper,Xerox Premium Multipurpose Paper,1,0.0,55.29,-1.44
CA-2023-003445,2023-05-05,2023-05-08,CU-1259,Consumer,South,Office Supplies,Paper,Xerox Premium Multipurpose Paper,1,0.0,48.11,-3.58
CA-2024-003446,2024-03-25,2024-03-27,CU-1074,Corporate,West,Office Supplies,Art,Newell 312 Mechanical Pencil,2,0.1,17.9,-16.34
CA-2023-003447,2023-05-02,2023-05-03,CU-1528,Home Office,East,Furniture,Furnishings,Eldon Image Series Desk Accessories,3,0.15,180.87,17.01
CA-2024-003448,2024-02-14,2024-02-20,CU-1994,Corporate,South,Office Supplies,Supplies,Stanley Bostitch Heavy-Duty Stapler,2,0.0,116.42,8.89
CA-2023-003449,2023-06-29,2023-07-05,CU-1965,Consumer,West,Office Supplies,Paper,Xerox Premium Multipurpose Paper,4,0.0,216.09,69.9
CA-2024-003450,2024-04-07,2024-04-08,CU-1647,Home Office,South,Technology,Machines,HP LaserJet Pro M404n Printer,3,0.0,1323.99,312.57
CA-2023-003451,2023-10-15,2023-10-18,CU-1007,Consumer,Central,Technology,Accessories,Belkin 8-Outlet Surge Protector,1,0.0,80.13,-4.6
CA-2024-003452,2024-09-07,2024-09-11,CU-1535,Corporate,West,Office Supplies,Fasteners,OIC Heavy-Duty Binder Clips,1,0.0,6.23,-20.92
CA-2023-003453,2023-10-01,2023-10-07,CU-1893,Consumer,West,Technology,Accessories,Logitech MX Master Wireless Mouse,1,0.15,149.56,6.86
CA-2024-003454,2024-06-27,2024-06-29,CU-1695,Home Office,West,Office Supplies,Art,Newell 312 Mechanical Pencil,2,0.2,16.57,-18.66
CA-2023-003455,2023-01-22,2023-01-29,CU-1699,Corporate,Central,Office Supplies,Envelopes,Avery Self-Adhesive Address Labels,1,0.15,19.18,-18.2
CA-2024-003456,2024-07-10,2024-07-11,CU-1792,Consumer,East,Office Supplies,Binders,GBC Ibimaster 500 Manual ProClick Binding System,1,0.1,699.73,96.0
CA-2023-003457,2023-10-09,2023-10-16,CU-1832,Corporate,Central,Office Supplies,Art,Newell 312 Mechanical Pencil,1,0.0,10.24,-18.9
CA-2023-003458,2023-01-16,2023-01-22,CU-1343,Home Office,Central,Office Supplies,Paper,Hammermill Copy Plus Paper,3,0.2,96.24,2.37
CA-2023-003459,2023-11-09,2023-11-16,CU-1589,Corporate,South,Technology,Accessories,Logitech G910 Mechanical Keyboard,4,0.0,1084.77,270.05
CA-2023-003460,2023-05-22,2023-05-29,CU-1362,Corporate,East,Office Supplies,Binders,GBC Ibimaster 500 Manual ProClick Binding System,2,0.1,1551.37,217.89
CA-2024-003461,2024-05-01,2024-05-04,CU-1910,Home Office,Central,Technology,Accessories,Logitech G910 Mechanical Keyboard,1,0.0,261.8,58.42
CA-2024-003462,2024-10-25,2024-10-29,CU-1326,Home Office,East,Technology,Machines,Zebra ZP 450 Thermal Label Printer,1,0.1,488.68,62.0
CA-2023-003463,2023-08-28,2023-08-31,CU-1432,Corporate,West,Office Supplies,Labels,"Avery 5"" x 8"" Label",3,0.1,48.28,-4.3
CA-2023-003464,2023-04-04,2023-04-10,CU-1989,Consumer,East,Office Supplies,Storage,Tennsco Industrial Steel Shelving,3,0.0,1052.92,246.93
CA-2024-003465,2024-11-30,2024-12-06,CU-1756,Consumer,Central,Office Supplies,Fasteners,OIC Heavy-Duty Binder Clips,2,0.0,13.07,-17.79
CA-2023-003466,2023-10-05,2023-10-12,CU-1943,Corporate,East,Technology,Machines,HP LaserJet Pro M404n Printer,4,0.1,1504.44,197.55
CA-2024-003467,2024-10-02,2024-10-08,CU-1153,Home Office,East,Furniture,Furnishings,DAX Two-Tone Rosewood/Black Document Frame,3,0.15,101.95,-3.7
CA-2024-003468,2024-10-17,2024-10-19,CU-1674,Corporate,Central,Office Supplies,Art,Newell 312 Mechanical Pencil,2,0.15,16.93,-17.31
CA-2024-003469,2024-11-06,2024-11-08,CU-1973,Home Office,West,Furniture,Chairs,HON 5400 Series Task Chairs for Big and Tall,1,0.2,809.12,33.53
CA-2023-003470,2023-04-09,2023-04-16,CU-1855,Home Office,West,Office Supplies,Binders,GBC Ibimaster 500 Manual ProClick Binding System,1,0.0,845.4,177.96
CA-2023-003471,2023-02-08,2023-02-14,CU-1499,Home Office,Central,Furniture,Furnishings,DAX Two-Tone Rosewood/Black Document Frame,2,0.0,89.08,5.94
CA-2023-003472,2023-04-29,2023-05-03,CU-1083,Consumer,East,Technology,Accessories,Logitech MX Master Wireless Mouse,1,0.0,155.35,25.36
CA-2023-003473,2023-03-03,2023-03-10,CU-1940,Corporate,East,Office Supplies,Envelopes,Avery Self-Adhesive Address Labels,1,0.0,23.06,-14.58
CA-2024-003474,2024-11-17,2024-11-22,CU-1508,Home Office,West,Furniture,Bookcases,Sauder Camden County Barrister Bookcase,3,0.15,1959.13,-92.89
CA-2023-003475,2023-10-27,2023-11-01,CU-1573,Consumer,East,Office Supplies,Labels,"Avery 5"" x 8"" Label",5,0.0,80.79,11.45
CA-2023-003476,2023-12-15,2023-12-17,CU-1568,Consumer,East,Technology,Accessories,Logitech G910 Mechanical Keyboard,4,0.0,1110.9,307.34
CA-2023-003477,2023-06-19,2023-06-23,CU-1745,Consumer,East,Office Supplies,Appliances,Hoover Commercial Lightweight Vacuum,5,0.0,2324.71,423.54
CA-2024-003478,2024-07-08,2024-07-12,CU-1662,Corporate,West,Office Supplies,Paper,Xerox Premium Multipurpose Paper,2,0.0,112.46,24.06
CA-2023-003479,2023-03-06,2023-03-10,CU-1734,Consumer,Central,Furniture,Furnishings,Eldon Image Series Desk Accessories,2,0.1,111.82,5.03
CA-2023-003480,2023-07-13,2023-07-19,CU-1021,Corporate,Central,Technology,Machines,HP LaserJet Pro M404n Printer,1,0.15,367.11,41.24
CA-2023-003481,2023-09-09,2023-09-13,CU-1730,Home Office,West,Office Supplies,Art,Newell 312 Mechanical Pencil,1,0.1,9.02,-20.42
CA-2024-003482,2024-08-16,2024-08-18,CU-1987,Home Office,East,Technology,Accessories,Logitech G910 Mechanical Keyboard,1,0.15,236.12,12.2
CA-2023-003483,2023-10-07,2023-10-12,CU-1553,Corporate,West,Furniture,Furnishings,Eldon Image Series Desk Accessories,1,0.1,59.12,-5.7
CA-2024-003484,2024-12-01,2024-12-03,CU-1275,Corporate,West,Office Supplies,Fasteners,OIC Heavy-Duty Binder Clips,1,0.15,5.95,-21.36
CA-2023-003485,2023-11-21,2023-11-25,CU-1522,Consumer,Central,Technology,Accessories,Logitech MX Master Wireless Mouse,1,0.0,155.98,26.31
CA-2024-003486,2024-04-02,2024-04-07,CU-1198,Corporate,South,Furniture,Furnishings,Eldon Image Series Desk Accessories,1,0.0,70.71,2.59
CA-2023-003487,2023-05-16,2023-05-23,CU-1231,Consumer,East,Technology,Accessories,Logitech MX Master Wireless Mouse,1,0.3,111.64,-6.09
CA-2023-003488,2023-05-09,2023-05-16,CU-1380,Corporate,East,Office Supplies,Supplies,Stanley Bostitch Heavy-Duty Stapler,2,0.2,87.33,-5.01
CA-2023-003489,2023-09-05,2023-09-06,CU-1839,Corporate,Central,Office Supplies,Fasteners,OIC Heavy-Duty Binder Clips,2,0.0,14.46,-16.36
CA-2024-003490,2024-01-26,2024-01-28,CU-1409,Home Office,West,Office Supplies,Storage,Fellowes Bankers Box Heavy-Duty Storage Boxes,1,0.0,90.94,3.56
CA-2024-003491,2024-01-12,2024-01-13,CU-1025,Consumer,South,Technology,Accessories,Logitech MX Master Wireless Mouse,2,0.0,339.97,80.13
CA-2023-003492,2023-08-03,2023-08-07,CU-1444,Consumer,East,Office Supplies,Supplies,Stanley Bostitch Heavy-Duty Stapler,2,0.1,95.78,-3.7
CA-2023-003493,2023-09-22,2023-09-24,CU-1532,Consumer,West,Technology,Accessories,Logitech MX Master Wireless Mouse,4,0.1,549.34,127.57
CA-2023-003494,2023-05-24,2023-05-31,CU-1593,Consumer,Central,Technology,Accessories,Belkin 8-Outlet Surge Protector,3,0.0,229.65,37.42
CA-2023-003495,2023-02-06,2023-02-08,CU-1054,Consumer,South,Technology,Accessories,SanDisk Ultra 64GB USB Flash Drive,2,0.15,57.52,-9.68
CA-2023-003496,2023-05-26,2023-06-01,CU-1202,Consumer,East,Technology,Machines,Zebra ZP 450 Thermal Label Printer,4,0.0,2157.18,366.32
CA-2023-003497,2023-07-21,2023-07-27,CU-1375,Corporate,Central,Technology,Accessories,Logitech MX Master Wireless Mouse,2,0.2,260.6,23.72
CA-2023-003498,2023-05-11,2023-05-14,CU-1450,Consumer,South,Office Supplies,Fasteners,OIC Heavy-Duty Binder Clips,3,0.1,16.39,-16.73
CA-2024-003499,2024-12-04,2024-12-10,CU-1668,Home Office,West,Technology,Phones,Polycom CX600 IP Phone,4,0.1,1458.34,94.71
CA-2023-003500,2023-10-30,2023-11-02,CU-1376,Corporate,East,Technology,Accessories,Belkin 8-Outlet Surge Protector,1,0.0,86.04,-2.25
CA-2024-003501,2024-04-19,2024-04-24,CU-1843,Corporate,East,Office Supplies,Fasteners,OIC Heavy-Duty Binder Clips,1,0.0,6.3,-20.92
CA-2024-003502,2024-10-25,2024-10-30,CU-1538,Home Office,East,Office Supplies,Paper,Hammermill Copy Plus Paper,1,0.1,35.65,-11.17
CA-2024-003503,2024-10-12,2024-10-19,CU-1938,Home Office,East,Office Supplies,Envelopes,Avery Self-Adhesive Address Labels,1,0.0,23.78,-13.96
CA-2024-003504,2024-11-24,2024-11-26,CU-1775,Home Office,West,Office Supplies,Binders,GBC Ibimaster 500 Manual ProClick Binding System,1,0.0,753.6,127.42
CA-2023-003505,2023-12-20,2023-12-27,CU-1405,Corporate,West,Office Supplies,Paper,Xerox Premium Multipurpose Paper,1,0.1,42.62,-9.97
CA-2024-003506,2024-10-26,2024-10-31,CU-1304,Corporate,West,Office Supplies,Paper,Xerox Premium Multipurpose Paper,2,0.0,106.07,16.19
CA-2024-003507,2024-04-27,2024-04-28,CU-1572,Home Office,South,Furniture,Furnishings,DAX Two-Tone Rosewood/Black Document Frame,3,0.1,112.29,0.78
CA-2024-003508,2024-09-22,2024-09-23,CU-1480,Corporate,East,Furniture,Furnishings,DAX Two-Tone Rosewood/Black Document Frame,1,0.0,39.03,-13.29
CA-2023-003509,2023-06-06,2023-06-07,CU-1210,Home Office,West,Office Supplies,Storage,Fellowes Bankers Box Heavy-Duty Storage Boxes,2,0.0,190.09,36.05
CA-2023-003510,2023-08-22,2023-08-27,CU-1576,Corporate,South,Office Supplies,Envelopes,Avery Self-Adhesive Address Labels,2,0.2,34.11,-14.47
CA-2023-003511,2023-10-20,2023-10-24,CU-1525,Corporate,East,Office Supplies,Paper,Xerox Premium Multipurpose Paper,2,0.1,88.04,5.84
CA-2023-003512,2023-02-02,2023-02-03,CU-1478,Consumer,West,Technology,Accessories,Logitech MX Master Wireless Mouse,3,0.0,456.66,124.31
CA-2024-003513,2024-11-18,2024-11-22,CU-1472,Consumer,East,Furniture,Chairs,Global Deluxe High-Back Manager's Chair,2,0.0,1292.71,199.16
CA-2023-003514,2023-06-24,2023-06-30,CU-1066,Corporate,West,Technology,Machines,Zebra ZP 450 Thermal Label Printer,3,0.0,1568.48,333.53
CA-2023-003515,2023-01-06,2023-01-13,CU-1405,Home Office,Central,Technology,Phones,Polycom CX600 IP Phone,1,0.1,359.07,19.76
CA-2024-003516,2024-03-28,2024-03-30,CU-1792,Home Office,East,Technology,Machines,HP LaserJet Pro M404n Printer,2,0.0,798.18,183.98
CA-2024-003517,2024-11-11,2024-11-15,CU-1441,Consumer,Central,Office Supplies,Art,Newell 312 Mechanical Pencil,2,0.1,16.6,-17.44
CA-2024-003518,2024-09-05,2024-09-07,CU-1677,Corporate,Central,Office Supplies,Art,Newell 312 Mechanical Pencil,3,0.0,31.04,-9.4
CA-2023-003519,2023-01-15,2023-01-18,CU-1588,Corporate,South,Office Supplies,Paper,Xerox Premium Multipurpose Paper,1,0.0,49.58,-4.31
CA-2024-003520,2024-05-20,2024-05-27,CU-1058,Home Office,South,Furniture,Chairs,Global Deluxe High-Back Manager's Chair,4,0.0,2454.82,378.52
CA-2023-003521,2023-05-14,2023-05-19,CU-1089,Home Office,East,Office Supplies,Storage,Tennsco Industrial Steel Shelving,1,0.0,350.46,78.96
CA-2024-003522,2024-03-29,2024-04-03,CU-1771,Home Office,East,Technology,Accessories,SanDisk Ultra 64GB USB Flash Drive,1,0.0,30.12,-14.18
CA-2024-003523,2024-03-31,2024-04-03,CU-1633,Consumer,Central,Furniture,Bookcases,Bush Westfield Collection Bookcase,1,0.0,593.16,47.67
CA-2024-003524,2024-02-09,2024-02-11,CU-1605,Home Office,West,Office Supplies,Supplies,Stanley Bostitch Heavy-Duty Stapler,1,0.0,56.24,-6.69
CA-2023-003525,2023-10-15,2023-10-19,CU-1895,Consumer,South,Technology,Accessories,SanDisk Ultra 64GB USB Flash Drive,4,0.0,139.94,18.63
CA-2023-003526,2023-09-15,2023-09-20,CU-1364,Corporate,Central,Office Supplies,Paper,Xerox Premium Multipurpose Paper,1,0.3,34.16,-17.46
CA-2023-003527,2023-08-29,2023-09-03,CU-1429,Home Office,South,Office Supplies,Paper,Hammermill Copy Plus Paper,1,0.0,39.22,-7.83
CA-2024-003528,2024-01-26,2024-01-30,CU-1451,Corporate,West,Technology,Copiers,Canon imageCLASS 2200 Advanced Copier,1,0.15,1786.34,337.28
CA-2024-003529,2024-03-16,2024-03-22,CU-1181,Consumer,South,Furniture,Bookcases,Sauder Camden County Barrister Bookcase,1,0.1,590.47,-31.87
CA-2023-003530,2023-02-15,2023-02-22,CU-1564,Corporate,Central,Furniture,Bookcases,Bush Westfield Collection Bookcase,2,0.1,1045.96,78.95
CA-2024-003531,2024-10-15,2024-10-20,CU-1616,Consumer,East,Furniture,Tables,Hon Every-Day Round Conference Table,1,0.15,1150.64,-29.52
CA-2023-003532,2023-08-10,2023-08-13,CU-1834,Consumer,South,Technology,Accessories,Logitech MX Master Wireless Mouse,1,0.1,150.42,6.2
CA-2023-003533,2023-11-20,2023-11-26,CU-1197,Home Office,Central,Technology,Copiers,Canon imageCLASS 2200 Advanced Copier,3,0.0,6454.9,2095.69
CA-2023-003534,2023-04-19,2023-04-20,CU-1554,Consumer,South,Office Supplies,Binders,GBC Ibimaster 500 Manual ProClick Binding System,3,0.15,2202.78,146.99
CA-2024-003535,2024-07-26,2024-07-27,CU-1789,Home Office,Central,Office Supplies,Paper,Xerox Premium Multipurpose Paper,3,0.15,134.1,18.84
CA-2023-003536,2023-07-14,2023-07-18,CU-1097,Home Office,East,Office Supplies,Fasteners,OIC Heavy-Duty Binder Clips,2,0.0,12.96,-17.81
CA-2024-003537,2024-08-13,2024-08-17,CU-1007,Home Office,Central,Office Supplies,Art,Newell 312 Mechanical Pencil,1,0.0,9.87,-19.78
CA-2024-003538,2024-10-19,2024-10-22,CU-1970,Home Office,South,Office Supplies,Fasteners,OIC Heavy-Duty Binder Clips,1,0.15,5.86,-21.37
CA-2023-003539,2023-01-18,2023-01-22,CU-1225,Consumer,East,Furniture,Bookcases,Sauder Camden County Barrister Bookcase,2,0.1,1181.35,43.48
CA-2023-003540,2023-03-18,2023-03-25,CU-1964,Corporate,Central,Technology,Machines,Zebra ZP 450 Thermal Label Printer,2,0.0,966.51,193.58
CA-2024-003541,2024-11-12,2024-11-13,CU-1482,Corporate,South,Office Supplies,Storage,Tennsco Industrial Steel Shelving,3,0.0,1096.74,299.49
CA-2024-003542,2024-06-18,2024-06-23,CU-1108,Consumer,East,Office Supplies,Storage,Fellowes Bankers Box Heavy-Duty Storage Boxes,1,0.0,89.26,3.88
CA-2024-003543,2024-02-29,2024-03-07,CU-1397,Home Office,South,Technology,Machines,HP LaserJet Pro M404n Printer,1,0.0,393.59,56.71
CA-2023-003544,2023-03-17,2023-03-21,CU-1851,Home Office,Central,Office Supplies,Storage,Fellowes Bankers Box Heavy-Duty Storage Boxes,2,0.0,165.16,28.06
CA-2024-003545,2024-07-09,2024-07-10,CU-1235,Home Office,East,Furniture,Furnishings,DAX Two-Tone Rosewood/Black Document Frame,2,0.0,85.19,2.65
CA-2023-003546,2023-07-20,2023-07-21,CU-1737,Consumer,Central,Technology,Accessories,Logitech G910 Mechanical Keyboard,1,0.2,212.98,10.11
CA-2024-003547,2024-03-15,2024-03-22,CU-1568,Home Office,Central,Technology,Accessories,Logitech MX Master Wireless Mouse,1,0.0,167.16,27.6
CA-2023-003548,2023-01-21,2023-01-26,CU-1990,Corporate,South,Office Supplies,Labels,"Avery 5"" x 8"" Label",2,0.1,31.35,-11.86
CA-2023-003549,2023-02-01,2023-02-04,CU-1006,Home Office,Central,Technology,Accessories,Logitech G910 Mechanical Keyboard,1,0.15,239.75,27.27
CA-2024-003550,2024-02-19,2024-02-26,CU-1261,Home Office,West,Furniture,Furnishings,Eldon Image Series Desk Accessories,1,0.1,60.42,-8.73
CA-2023-003551,2023-02-13,2023-02-18,CU-1793,Home Office,East,Office Supplies,Labels,"Avery 5"" x 8"" Label",2,0.0,32.93,-10.61
CA-2023-003552,2023-10-07,2023-10-11,CU-1011,Home Office,South,Office Supplies,Envelopes,Avery Self-Adhesive Address Labels,1,0.1,19.42,-16.4
CA-2024-003553,2024-05-28,2024-05-29,CU-1608,Home Office,East,Office Supplies,Paper,Hammermill Copy Plus Paper,1,0.2,31.69,-15.91
CA-2024-003554,2024-12-01,2024-12-06,CU-1145,Home Office,South,Office Supplies,Fasteners,OIC Heavy-Duty Binder Clips,3,0.0,20.49,-13.67
CA-2023-003555,2023-03-22,2023-03-25,CU-1880,Home Office,West,Technology,Accessories,Logitech MX Master Wireless Mouse,2,0.0,331.87,74.46
CA-2024-003556,2024-03-17,2024-03-19,CU-1770,Corporate,Central,Office Supplies,Storage,Fellowes Bankers Box Heavy-Duty Storage Boxes,1,0.15,75.77,-6.74
CA-2024-003557,2024-09-06,2024-09-13,CU-1142,Home Office,West,Office Supplies,Storage,Fellowes Bankers Box Heavy-Duty Storage Boxes,1,0.0,94.24,4.65
CA-2023-003558,2023-05-07,2023-05-11,CU-1014,Consumer,West,Technology,Machines,HP LaserJet Pro M404n Printer,2,0.0,829.81,180.74
CA-2023-003559,2023-05-13,2023-05-18,CU-1787,Home Office,West,Technology,Accessories,SanDisk Ultra 64GB USB Flash Drive,4,0.0,135.96,18.38
CA-2024-003560,2024-03-21,2024-03-22,CU-1897,Home Office,West,Technology,Accessories,SanDisk Ultra 64GB USB Flash Drive,1,0.0,31.16,-12.82
CA-2024-003561,2024-05-09,2024-05-15,CU-1841,Home Office,South,Furniture,Chairs,HON 5400 Series Task Chairs for Big and Tall,1,0.0,1096.3,195.02
CA-2023-003562,2023-02-15,2023-02-17,CU-1734,Consumer,South,Office Supplies,Binders,GBC DocuBind TL300 Electric Binding System,1,0.2,829.81,39.59
CA-2023-003563,2023-06-01,2023-06-04,CU-1034,Consumer,South,Technology,Accessories,Logitech G910 Mechanical Keyboard,1,0.0,281.37,52.42
CA-2024-003564,2024-06-19,2024-06-26,CU-1978,Consumer,South,Office Supplies,Fasteners,OIC Heavy-Duty Binder Clips,2,0.2,10.54,-20.22
CA-2023-003565,2023-06-03,2023-06-04,CU-1192,Home Office,Central,Office Supplies,Fasteners,OIC Heavy-Duty Binder Clips,3,0.2,15.47,-17.68
CA-2024-003566,2024-06-11,2024-06-14,CU-1295,Home Office,East,Office Supplies,Paper,Xerox Premium Multipurpose Paper,1,0.0,55.93,-0.96
CA-2023-003567,2023-09-06,2023-09-08,CU-1943,Home Office,South,Technology,Accessories,Logitech MX Master Wireless Mouse,2,0.0,330.96,85.54
CA-2023-003568,2023-09-22,2023-09-28,CU-1076,Corporate,Central,Furniture,Chairs,Global Deluxe High-Back Manager's Chair,1,0.15,565.65,22.07
CA-2024-003569,2024-07-05,2024-07-12,CU-1863,Home Office,West,Office Supplies,Art,Newell 312 Mechanical Pencil,1,0.1,9.1,-20.57
CA-2024-003570,2024-05-08,2024-05-13,CU-1950,Consumer,West,Technology,Accessories,SanDisk Ultra 64GB USB Flash Drive,1,0.2,23.88,-19.78
CA-2024-003571,2024-06-27,2024-06-29,CU-1763,Home Office,Central,Furniture,Chairs,Global Deluxe High-Back Manager's Chair,1,0.1,564.81,40.79
CA-2024-003572,2024-05-29,2024-05-30,CU-1318,Consumer,West,Office Supplies,Fasteners,OIC Heavy-Duty Binder Clips,4,0.15,22.87,-15.15
CA-2023-003573,2023-12-19,2023-12-23,CU-1370,Home Office,West,Office Supplies,Art,Newell 312 Mechanical Pencil,2,0.15,17.23,-17.44
CA-2024-003574,2024-04-07,2024-04-10,CU-1307,Home Office,East,Technology,Accessories,SanDisk Ultra 64GB USB Flash Drive,3,0.15,81.62,-3.37
CA-2023-003575,2023-07-20,2023-07-26,CU-1190,Consumer,South,Office Supplies,Supplies,Stanley Bostitch Heavy-Duty Stapler,1,0.1,48.84,-12.97
CA-2023-003576,2023-07-27,2023-07-30,CU-1566,Consumer,South,Technology,Accessories,Logitech MX Master Wireless Mouse,3,0.3,352.08,25.61
CA-2023-003577,2023-02-17,2023-02-19,CU-1483,Consumer,Central,Furniture,Bookcases,Bush Westfield Collection Bookcase,1,0.1,507.55,7.01
CA-2023-003578,2023-09-26,2023-09-30,CU-1553,Home Office,West,Office Supplies,Paper,Xerox Premium Multipurpose Paper,1,0.2,42.89,-11.77
CA-2023-003579,2023-11-03,2023-11-06,CU-1640,Corporate,South,Office Supplies,Labels,"Avery 5"" x 8"" Label",3,0.0,55.27,-1.21
CA-2023-003580,2023-08-01,2023-08-02,CU-1194,Consumer,South,Office Supplies,Labels,"Avery 5"" x 8"" Label",3,0.1,46.91,-6.59
CA-2024-003581,2024-12-27,2024-12-29,CU-1920,Consumer,South,Office Supplies,Paper,Xerox Premium Multipurpose Paper,1,0.1,46.37,-8.89
CA-2023-003582,2023-09-27,2023-09-29,CU-1293,Corporate,East,Technology,Copiers,Canon imageCLASS 2200 Advanced Copier,3,0.0,6512.88,1813.98
CA-2024-003583,2024-08-28,2024-09-04,CU-1953,Consumer,East,Furniture,Furnishings,DAX Two-Tone Rosewood/Black Document Frame,1,0.0,42.89,-11.67
CA-2023-003584,2023-03-12,2023-03-17,CU-1232,Consumer,East,Technology,Accessories,SanDisk Ultra 64GB USB Flash Drive,3,0.0,90.92,7.77
CA-2023-003585,2023-10-11,2023-10-18,CU-1094,Consumer,Central,Office Supplies,Envelopes,Avery Self-Adhesive Address Labels,1,0.1,21.16,-16.33
CA-2023-003586,2023-07-30,2023-08-06,CU-1728,Home Office,South,Office Supplies,Fasteners,OIC Heavy-Duty Binder Clips,1,0.0,6.77,-20.59
CA-2024-003587,2024-07-18,2024-07-24,CU-1487,Home Office,West,Office Supplies,Paper,Hammermill Copy Plus Paper,1,0.0,41.4,-7.04
CA-2023-003588,2023-02-24,2023-03-02,CU-1511,Home Office,South,Technology,Machines,HP LaserJet Pro M404n Printer,3,0.0,1211.02,275.55
CA-2023-003589,2023-08-11,2023-08-15,CU-1888,Consumer,East,Office Supplies,Paper,Hammermill Copy Plus Paper,3,0.0,123.85,21.07
CA-2023-003590,2023-08-08,2023-08-09,CU-1951,Corporate,Central,Technology,Accessories,Logitech G910 Mechanical Keyboard,1,0.2,205.9,9.99
CA-2023-003591,2023-10-24,2023-10-28,CU-1924,Home Office,East,Technology,Machines,Zebra ZP 450 Thermal Label Printer,1,0.0,557.6,109.39
CA-2024-003592,2024-02-10,2024-02-15,CU-1018,Consumer,West,Office Supplies,Appliances,Hoover Commercial Lightweight Vacuum,1,0.1,425.06,18.84
CA-2024-003593,2024-01-30,2024-02-03,CU-1460,Corporate,East,Furniture,Furnishings,DAX Two-Tone Rosewood/Black Document Frame,5,0.0,188.81,35.35
CA-2023-003594,2023-06-15,2023-06-22,CU-1660,Home Office,East,Technology,Machines,HP LaserJet Pro M404n Printer,3,0.0,1343.83,329.53
CA-2023-003595,2023-05-04,2023-05-09,CU-1168,Corporate,South,Technology,Accessories,Belkin 8-Outlet Surge Protector,1,0.15,68.01,-8.48
CA-2024-003596,2024-03-26,2024-03-28,CU-1928,Corporate,South,Office Supplies,Paper,Hammermill Copy Plus Paper,2,0.0,78.38,8.09
CA-2024-003597,2024-10-21,2024-10-26,CU-1410,Home Office,West,Technology,Machines,HP LaserJet Pro M404n Printer,1,0.0,432.72,93.82
CA-2023-003598,2023-02-03,2023-02-06,CU-1270,Consumer,South,Office Supplies,Art,Newell 312 Mechanical Pencil,5,0.0,45.45,-2.88
CA-2024-003599,2024-06-17,2024-06-24,CU-1673,Corporate,West,Office Supplies,Supplies,Stanley Bostitch Heavy-Duty Stapler,2,0.3,72.85,-12.43
CA-2023-003600,2023-12-26,2023-12-27,CU-1478,Home Office,Central,Technology,Accessories,Logitech MX Master Wireless Mouse,1,0.0,173.25,31.54
CA-2024-003601,2024-04-30,2024-05-07,CU-1258,Home Office,Central,Office Supplies,Labels,"Avery 5"" x 8"" Label",1,0.1,17.2,-16.96
CA-2023-003602,2023-03-27,2023-04-02,CU-1565,Home Office,South,Office Supplies,Paper,Hammermill Copy Plus Paper,1,0.0,40.33,-7.0
CA-2024-003603,2024-08-09,2024-08-12,CU-1213,Corporate,East,Technology,Accessories,Logitech G910 Mechanical Keyboard,2,0.0,555.8,150.47
CA-2024-003604,2024-12-06,2024-12-10,CU-1487,Corporate,South,Office Supplies,Storage,Fellowes Bankers Box Heavy-Duty Storage Boxes,1,0.0,88.0,4.4
CA-2024-003605,2024-08-04,2024-08-06,CU-1497,Corporate,Central,Office Supplies,Paper,Xerox Premium Multipurpose Paper,2,0.0,109.52,18.24
CA-2024-003606,2024-08-21,2024-08-24,CU-1818,Corporate,East,Furniture,Chairs,Global Deluxe High-Back Manager's Chair,3,0.1,1812.04,179.41
CA-2024-003607,2024-03-18,2024-03-25,CU-1501,Corporate,Central,Office Supplies,Art,Newell 312 Mechanical Pencil,1,0.0,9.78,-19.34
CA-2024-003608,2024-01-08,2024-01-15,CU-1538,Consumer,South,Office Supplies,Binders,Fellowes PB500 Electric Punch Plastic Comb Binding Machine with Manual Bind,1,0.0,1355.19,296.94
CA-2023-003609,2023-10-17,2023-10-19,CU-1267,Home Office,Central,Office Supplies,Supplies,Stanley Bostitch Heavy-Duty Stapler,1,0.0,57.31,-5.51
CA-2023-003610,2023-03-31,2023-04-01,CU-1838,Corporate,West,Furniture,Furnishings,DAX Two-Tone Rosewood/Black Document Frame,1,0.0,43.56,-11.23
CA-2024-003611,2024-12-21,2024-12-26,CU-1091,Corporate,West,Office Supplies,Binders,Fellowes PB500 Electric Punch Plastic Comb Binding Machine with Manual Bind,3,0.3,2870.21,193.25
CA-2023-003612,2023-08-18,2023-08-23,CU-1682,Consumer,West,Office Supplies,Fasteners,OIC Heavy-Duty Binder Clips,1,0.0,7.16,-20.38
CA-2024-003613,2024-04-07,2024-04-09,CU-1198,Corporate,East,Technology,Machines,HP LaserJet Pro M404n Printer,2,0.0,759.99,139.12
CA-2024-003614,2024-03-18,2024-03-21,CU-1449,Consumer,South,Furniture,Chairs,Global Deluxe High-Back Manager's Chair,1,0.0,653.27,84.17
CA-2024-003615,2024-01-07,2024-01-12,CU-1698,Corporate,East,Technology,Machines,HP LaserJet Pro M404n Printer,1,0.15,360.62,26.22
CA-2023-003616,2023-06-10,2023-06-17,CU-1633,Consumer,West,Furniture,Furnishings,DAX Two-Tone Rosewood/Black Document Frame,1,0.0,42.68,-11.74
CA-2024-003617,2024-11-23,2024-11-27,CU-1989,Home Office,West,Technology,Machines,Zebra ZP 450 Thermal Label Printer,3,0.1,1482.7,154.58
CA-2024-003618,2024-06-04,2024-06-07,CU-1772,Consumer,Central,Office Supplies,Paper,Xerox Premium Multipurpose Paper,2,0.0,105.97,18.92
CA-2024-003619,2024-06-20,2024-06-23,CU-1490,Home Office,South,Office Supplies,Labels,"Avery 5"" x 8"" Label",1,0.2,14.18,-18.8
CA-2023-003620,2023-08-06,2023-08-12,CU-1172,Corporate,East,Furniture,Bookcases,Sauder Camden County Barrister Bookcase,5,0.0,3400.17,247.08
CA-2023-003621,2023-06-03,2023-06-07,CU-1608,Corporate,South,Office Supplies,Paper,Xerox Premium Multipurpose Paper,1,0.0,54.47,-0.46
CA-2023-003622,2023-12-09,2023-12-14,CU-1271,Corporate,Central,Office Supplies,Paper,Hammermill Copy Plus Paper,2,0.0,79.15,6.71
CA-2023-003623,2023-12-24,2023-12-27,CU-1884,Corporate,Central,Technology,Accessories,Belkin 8-Outlet Surge Protector,3,0.0,259.04,57.07
CA-2024-003624,2024-10-15,2024-10-17,CU-1005,Home Office,South,Furniture,Bookcases,Bush Westfield Collection Bookcase,2,0.0,1121.45,119.7
CA-2024-003625,2024-11-26,2024-12-03,CU-1340,Consumer,East,Office Supplies,Supplies,Stanley Bostitch Heavy-Duty Stapler,2,0.0,106.79,9.2
CA-2024-003626,2024-03-27,2024-04-03,CU-1537,Consumer,South,Technology,Accessories,Belkin 8-Outlet Surge Protector,1,0.15,63.29,-9.5
CA-2023-003627,2023-08-24,2023-08-29,CU-1738,Home Office,Central,Furniture,Chairs,Global Deluxe High-Back Manager's Chair,2,0.0,1219.1,140.79
CA-2023-003628,2023-09-11,2023-09-15,CU-1830,Consumer,West,Office Supplies,Envelopes,Avery Self-Adhesive Address Labels,1,0.1,18.31,-16.68
CA-2023-003629,2023-08-15,2023-08-19,CU-1901,Corporate,East,Furniture,Chairs,Global Deluxe High-Back Manager's Chair,4,0.2,1838.93,-23.7
CA-2023-003630,2023-06-30,2023-07-07,CU-1900,Consumer,West,Technology,Machines,HP LaserJet Pro M404n Printer,1,0.0,384.29,77.63
CA-2024-003631,2024-01-05,2024-01-10,CU-1298,Corporate,West,Furniture,Bookcases,Bush Westfield Collection Bookcase,1,0.1,498.96,-5.85
CA-2023-003632,2023-10-15,2023-10-21,CU-1442,Home Office,Central,Office Supplies,Paper,Hammermill Copy Plus Paper,2,0.3,62.57,-11.9
CA-2023-003633,2023-09-11,2023-09-13,CU-1634,Corporate,South,Technology,Accessories,Belkin 8-Outlet Surge Protector,4,0.2,245.88,21.03
CA-2023-003634,2023-04-25,2023-04-28,CU-1835,Consumer,Central,Office Supplies,Envelopes,Avery Self-Adhesive Address Labels,2,0.1,41.7,-9.6
CA-2023-003635,2023-04-01,2023-04-02,CU-1894,Home Office,South,Technology,Accessories,Logitech G910 Mechanical Keyboard,1,0.0,280.25,45.84
CA-2023-003636,2023-04-28,2023-05-02,CU-1480,Consumer,East,Furniture,Furnishings,Eldon Image Series Desk Accessories,1,0.1,59.4,-6.36
CA-2023-003637,2023-08-30,2023-09-06,CU-1882,Home Office,South,Technology,Accessories,Belkin 8-Outlet Surge Protector,1,0.0,77.1,-3.4
CA-2023-003638,2023-10-04,2023-10-10,CU-1933,Corporate,East,Office Supplies,Storage,Tennsco Industrial Steel Shelving,1,0.0,344.43,77.94
CA-2024-003639,2024-02-24,2024-02-25,CU-1443,Corporate,Central,Technology,Machines,Zebra ZP 450 Thermal Label Printer,1,0.1,495.12,54.15
CA-2024-003640,2024-05-07,2024-05-08,CU-1614,Consumer,East,Office Supplies,Fasteners,OIC Heavy-Duty Binder Clips,3,0.0,21.51,-12.38
CA-2024-003641,2024-02-13,2024-02-14,CU-1612,Home Office,South,Furniture,Furnishings,DAX Two-Tone Rosewood/Black Document Frame,2,0.0,82.59,-0.74
CA-2024-003642,2024-11-19,2024-11-20,CU-1512,Corporate,Central,Office Supplies,Labels,"Avery 5"" x 8"" Label",4,0.2,54.18,-6.94
CA-2023-003643,2023-12-09,2023-12-15,CU-1821,Corporate,South,Office Supplies,Art,Newell 312 Mechanical Pencil,5,0.0,44.29,-5.57
CA-2023-003644,2023-05-02,2023-05-03,CU-1779,Home Office,South,Technology,Accessories,Belkin 8-Outlet Surge Protector,1,0.0,87.97,0.94
CA-2024-003645,2024-03-27,2024-04-01,CU-1861,Corporate,West,Office Supplies,Supplies,Stanley Bostitch Heavy-Duty Stapler,1,0.0,51.22,-9.53
CA-2023-003646,2023-08-07,2023-08-11,CU-1898,Corporate,East,Furniture,Bookcases,Sauder Camden County Barrister Bookcase,1,0.0,731.43,56.15
CA-2024-003647,2024-05-05,2024-05-07,CU-1838,Home Office,East,Office Supplies,Art,Newell 312 Mechanical Pencil,2,0.0,20.46,-14.59
CA-2024-003648,2024-11-10,2024-11-17,CU-1762,Home Office,South,Office Supplies,Paper,Xerox Premium Multipurpose Paper,5,0.0,279.1,86.14
CA-2024-003649,2024-10-01,2024-10-06,CU-1674,Home Office,South,Technology,Accessories,Belkin 8-Outlet Surge Protector,4,0.3,243.2,1.42
CA-2024-003650,2024-08-24,2024-08-26,CU-1380,Corporate,Central,Office Supplies,Binders,Fellowes PB500 Electric Punch Plastic Comb Binding Machine with Manual Bind,5,0.3,4265.5,317.81
CA-2024-003651,2024-12-31,2025-01-07,CU-1162,Consumer,Central,Office Supplies,Storage,Fellowes Bankers Box Heavy-Duty Storage Boxes,1,0.1,73.42,-3.37
CA-2023-003652,2023-05-14,2023-05-19,CU-1614,Consumer,East,Office Supplies,Storage,Tennsco Industrial Steel Shelving,2,0.0,670.47,124.76
CA-2024-003653,2024-01-02,2024-01-09,CU-1611,Home Office,Central,Office Supplies,Storage,Tennsco Industrial Steel Shelving,1,0.3,269.27,-12.48
CA-2023-003654,2023-12-28,2023-12-31,CU-1167,Consumer,Central,Technology,Accessories,SanDisk Ultra 64GB USB Flash Drive,3,0.15,85.56,-6.21
CA-2023-003655,2023-05-30,2023-06-06,CU-1004,Consumer,South,Technology,Machines,HP LaserJet Pro M404n Printer,2,0.0,835.66,204.83
CA-2023-003656,2023-05-12,2023-05-14,CU-1874,Corporate,East,Office Supplies,Binders,GBC Ibimaster 500 Manual ProClick Binding System,4,0.0,2982.16,691.05
CA-2023-003657,2023-02-26,2023-03-01,CU-1057,Corporate,South,Office Supplies,Art,Newell 312 Mechanical Pencil,1,0.1,8.74,-20.19
CA-2024-003658,2024-06-27,2024-06-30,CU-1614,Corporate,East,Office Supplies,Labels,"Avery 5"" x 8"" Label",1,0.0,17.55,-15.72
CA-2024-003659,2024-08-23,2024-08-30,CU-1335,Consumer,Central,Office Supplies,Art,Newell 312 Mechanical Pencil,2,0.0,19.95,-14.69
CA-2024-003660,2024-01-19,2024-01-26,CU-1891,Consumer,West,Office Supplies,Binders,GBC Ibimaster 500 Manual ProClick Binding System,1,0.0,838.11,161.48
CA-2023-003661,2023-10-09,2023-10-16,CU-1371,Corporate,West,Technology,Accessories,Logitech MX Master Wireless Mouse,1,0.2,130.07,-3.75
CA-2024-003662,2024-12-03,2024-12-07,CU-1605,Consumer,East,Technology,Accessories,SanDisk Ultra 64GB USB Flash Drive,2,0.1,54.1,-8.07
CA-2023-003663,2023-02-24,2023-03-01,CU-1310,Corporate,West,Technology,Accessories,Logitech MX Master Wireless Mouse,1,0.1,154.82,11.15
CA-2024-003664,2024-02-01,2024-02-02,CU-1288,Home Office,Central,Office Supplies,Labels,"Avery 5"" x 8"" Label",1,0.15,15.76,-18.36
CA-2024-003665,2024-12-31,2025-01-07,CU-1728,Corporate,Central,Office Supplies,Storage,Fellowes Bankers Box Heavy-Duty Storage Boxes,1,0.1,81.94,-3.97
CA-2023-003666,2023-09-01,2023-09-04,CU-1360,Home Office,East,Office Supplies,Binders,Fellowes PB500 Electric Punch Plastic Comb Binding Machine with Manual Bind,4,0.0,5724.42,1336.99
CA-2024-003667,2024-01-13,2024-01-20,CU-1679,Consumer,West,Office Supplies,Storage,Fellowes Bankers Box Heavy-Duty Storage Boxes,1,0.15,75.42,-5.26
CA-2024-003668,2024-03-25,2024-04-01,CU-1278,Corporate,East,Office Supplies,Storage,Fellowes Bankers Box Heavy-Duty Storage Boxes,1,0.15,77.03,-3.51
CA-2024-003669,2024-01-14,2024-01-17,CU-1754,Home Office,East,Furniture,Furnishings,DAX Two-Tone Rosewood/Black Document Frame,1,0.0,40.96,-10.45
CA-2024-003670,2024-05-09,2024-05-14,CU-1914,Corporate,South,Office Supplies,Appliances,Hoover Commercial Lightweight Vacuum,1,0.0,490.35,88.86
CA-2024-003671,2024-07-14,2024-07-21,CU-1865,Consumer,West,Office Supplies,Storage,Fellowes Bankers Box Heavy-Duty Storage Boxes,2,0.0,189.74,43.23
CA-2024-003672,2024-03-12,2024-03-14,CU-1157,Corporate,South,Technology,Machines,Zebra ZP 450 Thermal Label Printer,2,0.15,903.64,92.75
CA-2024-003673,2024-08-23,2024-08-25,CU-1639,Home Office,Central,Office Supplies,Storage,Fellowes Bankers Box Heavy-Duty Storage Boxes,1,0.0,87.82,3.83
CA-2024-003674,2024-01-20,2024-01-23,CU-1494,Corporate,South,Technology,Accessories,Logitech MX Master Wireless Mouse,1,0.15,129.55,-0.33
CA-2023-003675,2023-07-22,2023-07-29,CU-1282,Consumer,West,Office Supplies,Binders,GBC DocuBind TL300 Electric Binding System,1,0.0,893.78,181.86
CA-2024-003676,2024-10-14,2024-10-21,CU-1296,Corporate,South,Furniture,Chairs,HON 5400 Series Task Chairs for Big and Tall,1,0.3,702.56,-38.47
CA-2024-003677,2024-09-29,2024-10-02,CU-1571,Home Office,East,Furniture,Furnishings,DAX Two-Tone Rosewood/Black Document Frame,1,0.0,39.04,-13.36
CA-2023-003678,2023-07-28,2023-07-31,CU-1424,Home Office,Central,Technology,Accessories,SanDisk Ultra 64GB USB Flash Drive,4,0.0,140.86,24.16
CA-2024-003679,2024-07-27,2024-08-03,CU-1093,Consumer,West,Technology,Accessories,SanDisk Ultra 64GB USB Flash Drive,1,0.0,35.31,-11.9
CA-2023-003680,2023-02-22,2023-02-25,CU-1328,Consumer,Central,Technology,Machines,Zebra ZP 450 Thermal Label Printer,1,0.0,501.21,85.24
CA-2024-003681,2024-10-02,2024-10-08,CU-1797,Home Office,East,Office Supplies,Envelopes,Avery Self-Adhesive Address Labels,2,0.0,44.74,-3.71
CA-2023-003682,2023-03-12,2023-03-18,CU-1518,Home Office,South,Office Supplies,Labels,"Avery 5"" x 8"" Label",1,0.1,17.27,-17.31
CA-2024-003683,2024-10-23,2024-10-29,CU-1611,Consumer,Central,Office Supplies,Binders,Fellowes PB500 Electric Punch Plastic Comb Binding Machine with Manual Bind,1,0.0,1397.89,331.38
CA-2023-003684,2023-04-21,2023-04-24,CU-1725,Consumer,East,Technology,Accessories,Belkin 8-Outlet Surge Protector,1,0.0,78.11,-4.94
CA-2024-003685,2024-12-25,2024-12-27,CU-1681,Home Office,East,Office Supplies,Storage,Tennsco Industrial Steel Shelving,1,0.0,325.55,71.42
CA-2024-003686,2024-07-10,2024-07-15,CU-1545,Home Office,East,Office Supplies,Fasteners,OIC Heavy-Duty Binder Clips,1,0.2,5.79,-21.89
CA-2024-003687,2024-06-24,2024-06-27,CU-1463,Corporate,West,Furniture,Furnishings,Eldon Image Series Desk Accessories,4,0.0,277.81,71.39
CA-2023-003688,2023-09-12,2023-09-18,CU-1306,Home Office,Central,Furniture,Furnishings,DAX Two-Tone Rosewood/Black Document Frame,3,0.15,109.95,-0.42
CA-2023-003689,2023-07-10,2023-07-13,CU-1835,Corporate,South,Technology,Machines,Zebra ZP 450 Thermal Label Printer,2,0.0,1030.25,173.83
CA-2023-003690,2023-10-09,2023-10-16,CU-1779,Corporate,West,Office Supplies,Binders,Fellowes PB500 Electric Punch Plastic Comb Binding Machine with Manual Bind,1,0.1,1253.09,240.76
CA-2024-003691,2024-02-21,2024-02-23,CU-1485,Corporate,South,Office Supplies,Paper,Hammermill Copy Plus Paper,2,0.0,76.71,6.45
CA-2023-003692,2023-10-07,2023-10-12,CU-1972,Corporate,West,Office Supplies,Envelopes,Avery Self-Adhesive Address Labels,1,0.0,22.8,-14.66
CA-2024-003693,2024-09-16,2024-09-18,CU-1338,Corporate,West,Technology,Machines,HP LaserJet Pro M404n Printer,2,0.1,711.09,121.76
CA-2023-003694,2023-11-15,2023-11-21,CU-1812,Home Office,Central,Technology,Accessories,Logitech MX Master Wireless Mouse,2,0.0,304.79,64.59
CA-2024-003695,2024-07-22,2024-07-27,CU-1827,Home Office,Central,Technology,Accessories,SanDisk Ultra 64GB USB Flash Drive,1,0.2,25.47,-18.96
CA-2023-003696,2023-05-05,2023-05-11,CU-1680,Home Office,East,Technology,Machines,HP LaserJet Pro M404n Printer,1,0.0,434.27,68.03
CA-2023-003697,2023-09-30,2023-10-04,CU-1497,Home Office,South,Office Supplies,Envelopes,Avery Self-Adhesive Address Labels,1,0.2,16.86,-19.23
CA-2023-003698,2023-02-24,2023-02-28,CU-1904,Home Office,South,Office Supplies,Labels,"Avery 5"" x 8"" Label",1,0.0,17.69,-16.39
CA-2024-003699,2024-05-22,2024-05-27,CU-1819,Corporate,West,Furniture,Bookcases,Bush Westfield Collection Bookcase,4,0.15,1849.58,14.58
CA-2024-003700,2024-11-09,2024-11-13,CU-1514,Corporate,Central,Office Supplies,Fasteners,OIC Heavy-Duty Binder Clips,2,0.15,11.04,-19.09
CA-2023-003701,2023-02-25,2023-02-28,CU-1667,Corporate,South,Office Supplies,Storage,Fellowes Bankers Box Heavy-Duty Storage Boxes,3,0.0,260.89,64.78
CA-2024-003702,2024-10-16,2024-10-19,CU-1037,Corporate,West,Office Supplies,Storage,Tennsco Industrial Steel Shelving,1,0.3,266.48,-9.71
CA-2023-003703,2023-04-20,2023-04-23,CU-1062,Corporate,East,Office Supplies,Storage,Tennsco Industrial Steel Shelving,1,0.2,298.71,10.22
CA-2023-003704,2023-03-31,2023-04-06,CU-1051,Consumer,South,Office Supplies,Art,Newell 312 Mechanical Pencil,1,0.0,8.92,-19.97
CA-2023-003705,2023-03-26,2023-04-01,CU-1823,Corporate,West,Office Supplies,Envelopes,Avery Self-Adhesive Address Labels,2,0.0,45.65,-4.14
CA-2024-003706,2024-01-19,2024-01-25,CU-1089,Home Office,South,Technology,Phones,Polycom CX600 IP Phone,1,0.2,333.61,-15.89
CA-2023-003707,2023-07-12,2023-07-14,CU-1420,Home Office,East,Technology,Accessories,Belkin 8-Outlet Surge Protector,2,0.0,174.88,30.67
CA-2023-003708,2023-07-10,2023-07-17,CU-1209,Home Office,Central,Office Supplies,Art,Newell 312 Mechanical Pencil,2,0.1,18.15,-17.35
CA-2023-003709,2023-01-02,2023-01-06,CU-1843,Corporate,Central,Furniture,Chairs,HON 5400 Series Task Chairs for Big and Tall,5,0.15,4484.21,228.1
CA-2023-003710,2023-02-09,2023-02-12,CU-1670,Corporate,West,Technology,Accessories,Logitech MX Master Wireless Mouse,2,0.0,316.2,81.08
CA-2024-003711,2024-01-06,2024-01-11,CU-1631,Home Office,West,Office Supplies,Envelopes,Avery Self-Adhesive Address Labels,1,0.0,20.25,-15.91
CA-2023-003712,2023-04-08,2023-04-09,CU-1319,Consumer,West,Technology,Accessories,SanDisk Ultra 64GB USB Flash Drive,1,0.2,26.01,-19.33
CA-2024-003713,2024-05-05,2024-05-11,CU-1609,Consumer,East,Furniture,Furnishings,DAX Two-Tone Rosewood/Black Document Frame,2,0.0,75.92,-3.68
CA-2023-003714,2023-04-22,2023-04-26,CU-1112,Corporate,West,Office Supplies,Art,Newell 312 Mechanical Pencil,1,0.0,10.34,-18.98
CA-2023-003715,2023-09-02,2023-09-09,CU-1819,Consumer,East,Technology,Accessories,Logitech G910 Mechanical Keyboard,1,0.0,248.13,41.25
CA-2024-003716,2024-02-28,2024-03-03,CU-1926,Corporate,South,Office Supplies,Paper,Hammermill Copy Plus Paper,1,0.0,39.31,-9.27
CA-2023-003717,2023-12-14,2023-12-19,CU-1431,Corporate,East,Office Supplies,Binders,Fellowes PB500 Electric Punch Plastic Comb Binding Machine with Manual Bind,2,0.0,2575.86,586.77
CA-2023-003718,2023-02-25,2023-03-03,CU-1321,Consumer,Central,Furniture,Bookcases,Bush Westfield Collection Bookcase,2,0.0,1033.89,96.42
CA-2023-003719,2023-01-08,2023-01-11,CU-1042,Corporate,Central,Furniture,Tables,Hon Every-Day Round Conference Table,3,0.2,3621.28,-81.87
CA-2023-003720,2023-11-23,2023-11-27,CU-1869,Corporate,West,Office Supplies,Storage,Tennsco Industrial Steel Shelving,2,0.3,459.36,13.69
CA-2024-003721,2024-12-05,2024-12-10,CU-1822,Consumer,East,Technology,Machines,Zebra ZP 450 Thermal Label Printer,1,0.0,544.48,82.28
CA-2023-003722,2023-01-18,2023-01-24,CU-1083,Corporate,South,Furniture,Furnishings,DAX Two-Tone Rosewood/Black Document Frame,1,0.0,41.97,-11.9
CA-2024-003723,2024-04-29,2024-05-06,CU-1540,Consumer,Central,Office Supplies,Binders,GBC DocuBind TL300 Electric Binding System,1,0.0,899.28,145.77
CA-2023-003724,2023-06-01,2023-06-04,CU-1951,Home Office,South,Technology,Accessories,Logitech G910 Mechanical Keyboard,2,0.0,534.36,118.65
CA-2023-003725,2023-04-24,2023-04-29,CU-1066,Corporate,South,Office Supplies,Binders,Fellowes PB500 Electric Punch Plastic Comb Binding Machine with Manual Bind,2,0.0,2827.12,717.37
CA-2024-003726,2024-07-11,2024-07-16,CU-1793,Corporate,East,Technology,Phones,Cisco TelePresence System EX90 Videoconferencing Unit,1,0.0,3087.76,540.42
CA-2023-003727,2023-08-18,2023-08-22,CU-1309,Consumer,West,Technology,Machines,Zebra ZP 450 Thermal Label Printer,1,0.0,536.13,88.41
CA-2024-003728,2024-12-18,2024-12-25,CU-1269,Consumer,West,Office Supplies,Binders,GBC DocuBind TL300 Electric Binding System,2,0.0,1845.26,368.14
CA-2024-003729,2024-04-04,2024-04-05,CU-1276,Corporate,Central,Office Supplies,Fasteners,OIC Heavy-Duty Binder Clips,1,0.15,5.16,-21.58
CA-2023-003730,2023-04-24,2023-05-01,CU-1854,Consumer,East,Technology,Accessories,Logitech G910 Mechanical Keyboard,2,0.2,400.29,52.92
CA-2024-003731,2024-10-04,2024-10-11,CU-1389,Home Office,Central,Office Supplies,Envelopes,Avery Self-Adhesive Address Labels,1,0.0,23.5,-13.95
CA-2024-003732,2024-04-09,2024-04-13,CU-1242,Home Office,East,Office Supplies,Fasteners,OIC Heavy-Duty Binder Clips,1,0.0,6.17,-20.59
CA-2023-003733,2023-02-01,2023-02-08,CU-1603,Consumer,West,Office Supplies,Labels,"Avery 5"" x 8"" Label",5,0.1,82.89,10.21
CA-2024-003734,2024-09-13,2024-09-20,CU-1910,Corporate,South,Office Supplies,Art,Newell 312 Mechanical Pencil,1,0.1,8.63,-20.72
CA-2024-003735,2024-10-21,2024-10-25,CU-1358,Home Office,South,Office Supplies,Binders,Fellowes PB500 Electric Punch Plastic Comb Binding Machine with Manual Bind,2,0.15,2349.29,266.13
CA-2023-003736,2023-12-30,2024-01-06,CU-1021,Home Office,West,Technology,Accessories,Logitech MX Master Wireless Mouse,2,0.1,314.89,48.37
CA-2024-003737,2024-01-27,2024-02-03,CU-1901,Home Office,South,Office Supplies,Paper,Xerox Premium Multipurpose Paper,2,0.0,110.18,19.9
CA-2024-003738,2024-03-11,2024-03-13,CU-1420,Consumer,East,Office Supplies,Fasteners,OIC Heavy-Duty Binder Clips,2,0.0,13.48,-16.8
CA-2024-003739,2024-10-08,2024-10-14,CU-1881,Consumer,Central,Office Supplies,Paper,Xerox Premium Multipurpose Paper,2,0.2,77.12,-2.69
CA-2023-003740,2023-01-28,2023-02-02,CU-1603,Corporate,Central,Furniture,Furnishings,DAX Two-Tone Rosewood/Black Document Frame,2,0.0,75.38,-0.38
CA-2024-003741,2024-07-23,2024-07-24,CU-1415,Home Office,East,Office Supplies,Fasteners,OIC Heavy-Duty Binder Clips,1,0.2,5.79,-21.7
CA-2024-003742,2024-06-24,2024-06-25,CU-1843,Corporate,West,Office Supplies,Storage,Fellowes Bankers Box Heavy-Duty Storage Boxes,3,0.1,247.37,39.67
CA-2023-003743,2023-02-20,2023-02-21,CU-1981,Consumer,Central,Furniture,Furnishings,Eldon Image Series Desk Accessories,2,0.0,130.21,17.83
CA-2024-003744,2024-07-30,2024-08-02,CU-1028,Corporate,West,Office Supplies,Paper,Hammermill Copy Plus Paper,2,0.1,79.85,0.43
CA-2023-003745,2023-07-27,2023-08-02,CU-1607,Consumer,East,Office Supplies,Storage,Fellowes Bankers Box Heavy-Duty Storage Boxes,2,0.0,186.64,38.61
CA-2023-003746,2023-02-07,2023-02-10,CU-1876,Home Office,West,Furniture,Furnishings,DAX Two-Tone Rosewood/Black Document Frame,3,0.0,117.52,10.44
CA-2023-003747,2023-10-17,2023-10-23,CU-1108,Corporate,West,Office Supplies,Art,Newell 312 Mechanical Pencil,2,0.0,17.65,-15.95
CA-2023-003748,2023-09-30,2023-10-07,CU-1133,Home Office,Central,Office Supplies,Supplies,Stanley Bostitch Heavy-Duty Stapler,1,0.0,54.75,-9.12
CA-2024-003749,2024-05-16,2024-05-22,CU-1244,Corporate,South,Office Supplies,Art,Newell 312 Mechanical Pencil,1,0.2,7.38,-21.48
CA-2024-003750,2024-11-01,2024-11-06,CU-1769,Consumer,East,Furniture,Furnishings,Eldon Image Series Desk Accessories,1,0.0,67.7,0.3
CA-2023-003751,2023-12-26,2023-12-28,CU-1260,Corporate,Central,Technology,Accessories,SanDisk Ultra 64GB USB Flash Drive,3,0.1,80.88,-3.64
CA-2023-003752,2023-06-02,2023-06-06,CU-1193,Consumer,South,Technology,Accessories,SanDisk Ultra 64GB USB Flash Drive,1,0.0,32.02,-13.42
CA-2023-003753,2023-09-02,2023-09-08,CU-1040,Corporate,West,Furniture,Chairs,HON 5400 Series Task Chairs for Big and Tall,2,0.0,2087.92,361.43
CA-2024-003754,2024-06-27,2024-06-29,CU-1863,Corporate,East,Office Supplies,Art,Newell 312 Mechanical Pencil,2,0.15,15.95,-18.48
CA-2024-003755,2024-03-09,2024-03-15,CU-1259,Corporate,Central,Technology,Accessories,Logitech G910 Mechanical Keyboard,1,0.1,251.01,40.49
CA-2023-003756,2023-04-27,2023-04-29,CU-1377,Consumer,West,Office Supplies,Envelopes,Avery Self-Adhesive Address Labels,1,0.15,19.13,-17.89
CA-2023-003757,2023-08-25,2023-08-30,CU-1471,Home Office,West,Technology,Machines,HP LaserJet Pro M404n Printer,3,0.0,1178.89,253.42
CA-2023-003758,2023-12-10,2023-12-11,CU-1382,Home Office,Central,Technology,Accessories,SanDisk Ultra 64GB USB Flash Drive,2,0.0,67.54,-0.42
CA-2023-003759,2023-11-20,2023-11-23,CU-1080,Corporate,South,Office Supplies,Storage,Tennsco Industrial Steel Shelving,2,0.0,706.69,179.36
CA-2023-003760,2023-07-28,2023-07-29,CU-1253,Home Office,Central,Furniture,Bookcases,Sauder Camden County Barrister Bookcase,2,0.0,1453.35,58.24
CA-2023-003761,2023-03-12,2023-03-18,CU-1161,Consumer,South,Office Supplies,Storage,Fellowes Bankers Box Heavy-Duty Storage Boxes,1,0.15,70.49,-5.03
CA-2024-003762,2024-06-11,2024-06-12,CU-1360,Corporate,East,Office Supplies,Supplies,Stanley Bostitch Heavy-Duty Stapler,1,0.1,53.71,-11.21
CA-2024-003763,2024-09-18,2024-09-21,CU-1471,Consumer,South,Technology,Machines,Zebra ZP 450 Thermal Label Printer,2,0.0,1011.24,225.01
CA-2023-003764,2023-11-29,2023-11-30,CU-1279,Corporate,Central,Office Supplies,Paper,Xerox Premium Multipurpose Paper,2,0.0,111.17,21.85
CA-2023-003765,2023-03-03,2023-03-10,CU-1485,Corporate,East,Office Supplies,Labels,"Avery 5"" x 8"" Label",1,0.0,17.68,-15.76
CA-2023-003766,2023-12-24,2023-12-27,CU-1818,Consumer,West,Technology,Accessories,Belkin 8-Outlet Surge Protector,1,0.2,59.21,-12.76
CA-2024-003767,2024-09-17,2024-09-22,CU-1251,Corporate,West,Office Supplies,Fasteners,OIC Heavy-Duty Binder Clips,1,0.0,7.06,-20.29
CA-2023-003768,2023-11-25,2023-11-27,CU-1733,Corporate,Central,Office Supplies,Art,Newell 312 Mechanical Pencil,2,0.2,14.2,-19.66
CA-2023-003769,2023-07-13,2023-07-16,CU-1293,Home Office,East,Office Supplies,Paper,Hammermill Copy Plus Paper,1,0.1,39.67,-10.13
CA-2024-003770,2024-01-29,2024-01-31,CU-1003,Consumer,Central,Furniture,Furnishings,Eldon Image Series Desk Accessories,4,0.2,204.48,31.15
CA-2023-003771,2023-08-25,2023-08-28,CU-1255,Home Office,South,Office Supplies,Labels,"Avery 5"" x 8"" Label",2,0.1,33.02,-12.28
CA-2023-003772,2023-01-05,2023-01-09,CU-1394,Corporate,Central,Technology,Accessories,Belkin 8-Outlet Surge Protector,1,0.0,83.64,-2.28
CA-2024-003773,2024-10-01,2024-10-04,CU-1051,Consumer,Central,Technology,Accessories,Belkin 8-Outlet Surge Protector,1,0.1,75.98,-9.91
CA-2023-003774,2023-02-22,2023-02-26,CU-1265,Home Office,Central,Office Supplies,Envelopes,Avery Self-Adhesive Address Labels,2,0.0,41.86,-7.53
CA-2023-003775,2023-07-01,2023-07-02,CU-1392,Home Office,Central,Furniture,Tables,Hon Every-Day Round Conference Table,1,0.1,1259.93,16.37
CA-2024-003776,2024-09-13,2024-09-16,CU-1276,Consumer,East,Office Supplies,Paper,Hammermill Copy Plus Paper,2,0.0,86.13,11.64
CA-2023-003777,2023-08-12,2023-08-18,CU-1962,Home Office,Central,Technology,Machines,Zebra ZP 450 Thermal Label Printer,1,0.1,424.78,44.69
CA-2023-003778,2023-12-03,2023-12-07,CU-1682,Corporate,West,Office Supplies,Labels,"Avery 5"" x 8"" Label",3,0.1,47.33,-5.48
CA-2024-003779,2024-07-15,2024-07-17,CU-1174,Consumer,Central,Office Supplies,Envelopes,Avery Self-Adhesive Address Labels,2,0.0,46.7,-3.93
CA-2024-003780,2024-10-20,2024-10-26,CU-1115,Corporate,Central,Technology,Phones,Polycom CX600 IP Phone,1,0.1,399.4,16.7
CA-2023-003781,2023-10-19,2023-10-20,CU-1922,Home Office,East,Office Supplies,Supplies,Stanley Bostitch Heavy-Duty Stapler,1,0.0,54.73,-6.58
CA-2024-003782,2024-08-17,2024-08-18,CU-1166,Home Office,Central,Furniture,Furnishings,Eldon Image Series Desk Accessories,1,0.0,60.61,-4.52
CA-2023-003783,2023-04-21,2023-04-25,CU-1718,Corporate,West,Furniture,Furnishings,Eldon Image Series Desk Accessories,1,0.0,71.23,1.87
CA-2024-003784,2024-09-25,2024-09-30,CU-1707,Home Office,East,Office Supplies,Art,Newell 312 Mechanical Pencil,1,0.0,9.81,-19.44
CA-2024-003785,2024-04-19,2024-04-21,CU-1334,Home Office,Central,Furniture,Bookcases,Sauder Camden County Barrister Bookcase,2,0.0,1388.88,130.22
CA-2024-003786,2024-03-02,2024-03-05,CU-1195,Consumer,Central,Office Supplies,Storage,Tennsco Industrial Steel Shelving,2,0.1,694.42,140.92
CA-2024-003787,2024-07-27,2024-08-02,CU-1222,Consumer,South,Office Supplies,Binders,Fellowes PB500 Electric Punch Plastic Comb Binding Machine with Manual Bind,1,0.0,1333.3,350.25
CA-2024-003788,2024-02-17,2024-02-24,CU-1256,Home Office,Central,Furniture,Furnishings,DAX Two-Tone Rosewood/Black Document Frame,2,0.2,63.05,-14.14
CA-2023-003789,2023-05-09,2023-05-11,CU-1488,Consumer,East,Furniture,Furnishings,DAX Two-Tone Rosewood/Black Document Frame,3,0.2,97.39,-2.91
CA-2023-003790,2023-06-11,2023-06-12,CU-1162,Consumer,West,Technology,Machines,HP LaserJet Pro M404n Printer,1,0.2,358.38,30.04
CA-2024-003791,2024-03-27,2024-04-03,CU-1940,Home Office,East,Furniture,Chairs,HON 5400 Series Task Chairs for Big and Tall,1,0.0,998.98,126.72
CA-2024-003792,2024-10-29,2024-11-04,CU-1921,Corporate,West,Furniture,Bookcases,Sauder Camden County Barrister Bookcase,2,0.15,1203.72,-16.08
CA-2024-003793,2024-04-26,2024-04-29,CU-1137,Consumer,Central,Office Supplies,Binders,GBC DocuBind TL300 Electric Binding System,1,0.2,817.95,57.05
CA-2024-003794,2024-04-04,2024-04-10,CU-1223,Home Office,Central,Office Supplies,Storage,Fellowes Bankers Box Heavy-Duty Storage Boxes,2,0.15,138.61,5.12
CA-2024-003795,2024-01-15,2024-01-22,CU-1504,Consumer,South,Office Supplies,Binders,GBC Ibimaster 500 Manual ProClick Binding System,2,0.15,1443.45,159.68
CA-2024-003796,2024-04-18,2024-04-25,CU-1447,Home Office,East,Technology,Machines,HP LaserJet Pro M404n Printer,1,0.0,402.2,85.03
CA-2024-003797,2024-08-30,2024-09-01,CU-1239,Home Office,South,Office Supplies,Art,Newell 312 Mechanical Pencil,3,0.15,26.45,-13.92
CA-2024-003798,2024-12-17,2024-12-19,CU-1590,Consumer,West,Furniture,Chairs,Global Deluxe High-Back Manager's Chair,2,0.15,992.32,79.55
CA-2024-003799,2024-10-25,2024-10-27,CU-1528,Consumer,West,Technology,Machines,HP LaserJet Pro M404n Printer,2,0.15,697.9,89.21
CA-2023-003800,2023-02-10,2023-02-13,CU-1236,Consumer,South,Technology,Accessories,Logitech G910 Mechanical Keyboard,3,0.0,856.36,234.62
CA-2024-003801,2024-08-15,2024-08-17,CU-1082,Home Office,East,Office Supplies,Binders,GBC Ibimaster 500 Manual ProClick Binding System,1,0.0,823.65,120.23
CA-2023-003802,2023-11-23,2023-11-25,CU-1875,Home Office,Central,Office Supplies,Storage,Fellowes Bankers Box Heavy-Duty Storage Boxes,1,0.0,80.82,1.77
CA-2024-003803,2024-05-22,2024-05-26,CU-1289,Home Office,West,Office Supplies,Paper,Xerox Premium Multipurpose Paper,2,0.1,97.59,7.71
CA-2023-003804,2023-07-22,2023-07-29,CU-1072,Consumer,Central,Office Supplies,Storage,Fellowes Bankers Box Heavy-Duty Storage Boxes,1,0.0,95.85,3.91
CA-2023-003805,2023-11-30,2023-12-05,CU-1284,Home Office,East,Office Supplies,Paper,Xerox Premium Multipurpose Paper,2,0.15,88.7,5.31
CA-2023-003806,2023-06-16,2023-06-19,CU-1035,Home Office,South,Office Supplies,Envelopes,Avery Self-Adhesive Address Labels,1,0.0,23.51,-14.6
CA-2024-003807,2024-09-19,2024-09-20,CU-1942,Home Office,Central,Office Supplies,Paper,Xerox Premium Multipurpose Paper,1,0.0,53.15,-3.24
CA-2023-003808,2023-01-27,2023-02-01,CU-1954,Corporate,East,Office Supplies,Paper,Hammermill Copy Plus Paper,1,0.0,39.36,-7.79
CA-2024-003809,2024-02-16,2024-02-23,CU-1066,Corporate,East,Office Supplies,Paper,Xerox Premium Multipurpose Paper,2,0.2,80.28,-4.43
CA-2024-003810,2024-05-23,2024-05-25,CU-1805,Corporate,Central,Technology,Accessories,Logitech MX Master Wireless Mouse,1,0.0,168.3,31.22
CA-2024-003811,2024-12-27,2024-12-29,CU-1143,Home Office,Central,Furniture,Furnishings,DAX Two-Tone Rosewood/Black Document Frame,3,0.0,127.01,14.67
CA-2024-003812,2024-03-27,2024-03-28,CU-1235,Corporate,South,Furniture,Furnishings,DAX Two-Tone Rosewood/Black Document Frame,3,0.15,108.34,-0.52
CA-2024-003813,2024-11-21,2024-11-25,CU-1072,Consumer,West,Office Supplies,Supplies,Stanley Bostitch Heavy-Duty Stapler,3,0.0,157.53,27.42
CA-2023-003814,2023-11-21,2023-11-26,CU-1313,Home Office,East,Office Supplies,Paper,Hammermill Copy Plus Paper,2,0.0,87.37,6.31
CA-2023-003815,2023-09-02,2023-09-03,CU-1836,Corporate,South,Furniture,Furnishings,DAX Two-Tone Rosewood/Black Document Frame,5,0.0,194.3,30.37
CA-2024-003816,2024-08-18,2024-08-21,CU-1820,Consumer,East,Office Supplies,Labels,"Avery 5"" x 8"" Label",1,0.0,19.07,-16.11
CA-2024-003817,2024-12-22,2024-12-26,CU-1132,Consumer,East,Furniture,Furnishings,Eldon Image Series Desk Accessories,4,0.1,246.83,55.93
CA-2023-003818,2023-11-08,2023-11-09,CU-1995,Corporate,Central,Office Supplies,Labels,"Avery 5"" x 8"" Label",1,0.0,16.29,-16.7
CA-2024-003819,2024-03-10,2024-03-16,CU-1065,Corporate,West,Office Supplies,Art,Newell 312 Mechanical Pencil,1,0.1,8.85,-20.66
CA-2023-003820,2023-01-12,2023-01-14,CU-1261,Consumer,East,Office Supplies,Fasteners,OIC Heavy-Duty Binder Clips,4,0.0,27.27,-9.9
CA-2023-003821,2023-11-11,2023-11-14,CU-1301,Corporate,Central,Technology,Accessories,Logitech MX Master Wireless Mouse,1,0.0,173.19,32.29
CA-2023-003822,2023-03-09,2023-03-10,CU-1763,Corporate,South,Office Supplies,Fasteners,OIC Heavy-Duty Binder Clips,1,0.0,6.45,-20.75
CA-2023-003823,2023-05-17,2023-05-18,CU-1237,Home Office,South,Office Supplies,Supplies,Stanley Bostitch Heavy-Duty Stapler,2,0.3,81.15,-16.56
CA-2024-003824,2024-03-09,2024-03-16,CU-1799,Consumer,West,Furniture,Furnishings,DAX Two-Tone Rosewood/Black Document Frame,2,0.0,76.59,-1.66
CA-2024-003825,2024-07-21,2024-07-28,CU-1065,Consumer,West,Technology,Accessories,Belkin 8-Outlet Surge Protector,1,0.0,80.34,-2.22
CA-2024-003826,2024-04-20,2024-04-26,CU-1228,Home Office,West,Office Supplies,Binders,GBC Ibimaster 500 Manual ProClick Binding System,2,0.1,1353.7,216.63
CA-2024-003827,2024-10-20,2024-10-26,CU-1119,Home Office,South,Technology,Accessories,SanDisk Ultra 64GB USB Flash Drive,1,0.0,30.9,-14.56
CA-2023-003828,2023-11-23,2023-11-26,CU-1809,Corporate,East,Office Supplies,Supplies,Stanley Bostitch Heavy-Duty Stapler,1,0.0,59.41,-5.38
CA-2023-003829,2023-10-15,2023-10-16,CU-1412,Corporate,Central,Office Supplies,Art,Newell 312 Mechanical Pencil,3,0.0,31.18,-9.66
CA-2023-003830,2023-09-11,2023-09-17,CU-1634,Consumer,Central,Office Supplies,Fasteners,OIC Heavy-Duty Binder Clips,1,0.2,5.6,-21.76
CA-2024-003831,2024-07-06,2024-07-12,CU-1847,Corporate,East,Office Supplies,Storage,Fellowes Bankers Box Heavy-Duty Storage Boxes,2,0.1,146.22,18.81
CA-2023-003832,2023-08-30,2023-09-04,CU-1233,Home Office,South,Technology,Accessories,Logitech G910 Mechanical Keyboard,1,0.1,228.67,34.53
CA-2024-003833,2024-03-06,2024-03-10,CU-1363,Consumer,West,Technology,Copiers,Canon imageCLASS 2200 Advanced Copier,5,0.1,10792.37,2199.09
CA-2024-003834,2024-07-26,2024-08-01,CU-1736,Corporate,East,Furniture,Furnishings,Eldon Image Series Desk Accessories,1,0.2,51.84,-11.34
CA-2024-003835,2024-11-20,2024-11-23,CU-1528,Home Office,West,Furniture,Furnishings,Eldon Image Series Desk Accessories,4,0.15,223.96,42.2
CA-2024-003836,2024-04-11,2024-04-15,CU-1897,Consumer,East,Office Supplies,Labels,"Avery 5"" x 8"" Label",1,0.0,19.21,-15.31
CA-2023-003837,2023-04-19,2023-04-26,CU-1947,Corporate,Central,Furniture,Bookcases,Sauder Camden County Barrister Bookcase,2,0.0,1326.78,99.87
CA-2024-003838,2024-09-25,2024-09-28,CU-1108,Home Office,West,Office Supplies,Art,Newell 312 Mechanical Pencil,4,0.3,28.24,-16.73
CA-2024-003839,2024-01-11,2024-01-17,CU-1023,Home Office,South,Office Supplies,Art,Newell 312 Mechanical Pencil,2,0.2,14.75,-18.49
CA-2024-003840,2024-07-19,2024-07-23,CU-1443,Consumer,South,Office Supplies,Paper,Xerox Premium Multipurpose Paper,1,0.0,55.84,-3.13
CA-2023-003841,2023-11-04,2023-11-11,CU-1084,Consumer,Central,Office Supplies,Storage,Tennsco Industrial Steel Shelving,1,0.1,322.59,38.42
CA-2023-003842,2023-05-01,2023-05-06,CU-1048,Home Office,South,Office Supplies,Appliances,Hoover Commercial Lightweight Vacuum,2,0.0,887.42,150.98
CA-2024-003843,2024-11-06,2024-11-09,CU-1675,Corporate,West,Furniture,Chairs,Global Deluxe High-Back Manager's Chair,2,0.0,1159.78,193.22
CA-2024-003844,2024-11-04,2024-11-07,CU-1267,Consumer,Central,Office Supplies,Envelopes,Avery Self-Adhesive Address Labels,3,0.0,63.07,4.0
CA-2024-003845,2024-04-20,2024-04-24,CU-1413,Home Office,East,Office Supplies,Fasteners,OIC Heavy-Duty Binder Clips,3,0.0,20.25,-14.34
CA-2023-003846,2023-10-18,2023-10-22,CU-1060,Consumer,West,Office Supplies,Binders,Fellowes PB500 Electric Punch Plastic Comb Binding Machine with Manual Bind,3,0.0,4292.48,1111.08
CA-2023-003847,2023-10-23,2023-10-25,CU-1380,Consumer,Central,Technology,Accessories,Logitech MX Master Wireless Mouse,1,0.0,158.32,22.07
CA-2023-003848,2023-06-20,2023-06-24,CU-1247,Corporate,South,Office Supplies,Paper,Xerox Premium Multipurpose Paper,1,0.15,40.46,-12.18
CA-2023-003849,2023-07-22,2023-07-28,CU-1995,Home Office,South,Technology,Accessories,Belkin 8-Outlet Surge Protector,1,0.0,83.87,-1.78
CA-2023-003850,2023-08-04,2023-08-08,CU-1841,Corporate,South,Technology,Accessories,Logitech MX Master Wireless Mouse,1,0.1,137.22,4.9
CA-2023-003851,2023-04-22,2023-04-28,CU-1388,Consumer,West,Office Supplies,Binders,GBC DocuBind TL300 Electric Binding System,2,0.2,1406.47,75.97
CA-2023-003852,2023-04-15,2023-04-17,CU-1131,Consumer,Central,Office Supplies,Supplies,Stanley Bostitch Heavy-Duty Stapler,2,0.0,117.93,10.17
CA-2024-003853,2024-11-22,2024-11-25,CU-1968,Consumer,South,Furniture,Furnishings,Eldon Image Series Desk Accessories,2,0.0,143.04,27.93
CA-2023-003854,2023-07-24,2023-07-29,CU-1111,Home Office,South,Furniture,Furnishings,Eldon Image Series Desk Accessories,1,0.15,52.67,-8.8
CA-2024-003855,2024-11-15,2024-11-22,CU-1718,Consumer,South,Office Supplies,Fasteners,OIC Heavy-Duty Binder Clips,2,0.0,13.85,-17.06
CA-2023-003856,2023-12-04,2023-12-07,CU-1411,Home Office,East,Furniture,Chairs,Global Deluxe High-Back Manager's Chair,2,0.3,840.03,-9.02
CA-2024-003857,2024-10-18,2024-10-23,CU-1672,Corporate,Central,Office Supplies,Paper,Xerox Premium Multipurpose Paper,1,0.0,52.73,-1.46
CA-2023-003858,2023-07-07,2023-07-14,CU-1523,Consumer,East,Technology,Machines,Zebra ZP 450 Thermal Label Printer,1,0.1,472.93,64.09
CA-2024-003859,2024-11-16,2024-11-22,CU-1028,Corporate,South,Furniture,Bookcases,Sauder Camden County Barrister Bookcase,1,0.1,638.91,-35.12
CA-2023-003860,2023-02-16,2023-02-23,CU-1840,Corporate,East,Office Supplies,Art,Newell 312 Mechanical Pencil,2,0.0,19.84,-14.34
CA-2024-003861,2024-01-05,2024-01-08,CU-1718,Corporate,West,Technology,Accessories,SanDisk Ultra 64GB USB Flash Drive,3,0.2,76.01,-10.03
CA-2024-003862,2024-05-15,2024-05-19,CU-1251,Consumer,South,Furniture,Bookcases,Bush Westfield Collection Bookcase,2,0.0,1100.51,134.09
CA-2024-003863,2024-03-13,2024-03-16,CU-1946,Consumer,West,Technology,Accessories,SanDisk Ultra 64GB USB Flash Drive,1,0.0,32.89,-12.38
CA-2023-003864,2023-11-01,2023-11-06,CU-1212,Corporate,West,Office Supplies,Paper,Hammermill Copy Plus Paper,4,0.1,145.26,21.03
CA-2024-003865,2024-08-30,2024-09-01,CU-1668,Corporate,Central,Technology,Accessories,SanDisk Ultra 64GB USB Flash Drive,3,0.1,94.04,3.31
CA-2024-003866,2024-08-19,2024-08-20,CU-1369,Corporate,South,Technology,Accessories,Logitech MX Master Wireless Mouse,1,0.15,126.38,-0.82
CA-2023-003867,2023-07-22,2023-07-27,CU-1874,Consumer,East,Office Supplies,Paper,Hammermill Copy Plus Paper,1,0.0,41.89,-6.33
CA-2024-003868,2024-10-09,2024-10-15,CU-1684,Consumer,West,Furniture,Bookcases,Bush Westfield Collection Bookcase,1,0.1,495.83,-8.58
CA-2023-003869,2023-10-31,2023-11-02,CU-1845,Consumer,South,Technology,Accessories,Logitech MX Master Wireless Mouse,1,0.0,151.8,16.29
CA-2023-003870,2023-09-10,2023-09-16,CU-1470,Home Office,South,Office Supplies,Fasteners,OIC Heavy-Duty Binder Clips,1,0.0,7.18,-20.04
CA-2023-003871,2023-06-09,2023-06-15,CU-1583,Corporate,South,Furniture,Bookcases,Sauder Camden County Barrister Bookcase,1,0.15,602.49,-10.13
CA-2023-003872,2023-12-11,2023-12-18,CU-1467,Home Office,Central,Furniture,Furnishings,Eldon Image Series Desk Accessories,2,0.2,110.34,0.19
CA-2023-003873,2023-06-27,2023-07-01,CU-1883,Home Office,East,Office Supplies,Supplies,Stanley Bostitch Heavy-Duty Stapler,2,0.0,119.73,13.76
CA-2024-003874,2024-03-25,2024-03-31,CU-1024,Consumer,East,Technology,Phones,Polycom CX600 IP Phone,1,0.15,378.55,3.51
CA-2024-003875,2024-09-06,2024-09-08,CU-1940,Corporate,Central,Office Supplies,Paper,Xerox Premium Multipurpose Paper,2,0.0,101.3,16.32
CA-2024-003876,2024-11-13,2024-11-16,CU-1082,Consumer,West,Technology,Machines,HP LaserJet Pro M404n Printer,1,0.2,321.17,11.22
CA-2023-003877,2023-08-25,2023-08-30,CU-1890,Consumer,East,Office Supplies,Binders,GBC Ibimaster 500 Manual ProClick Binding System,1,0.0,740.85,102.7
CA-2023-003878,2023-02-08,2023-02-12,CU-1969,Home Office,East,Technology,Accessories,SanDisk Ultra 64GB USB Flash Drive,1,0.1,29.7,-16.96
CA-2024-003879,2024-03-28,2024-04-04,CU-1215,Corporate,South,Furniture,Bookcases,Sauder Camden County Barrister Bookcase,1,0.0,680.21,14.54
CA-2023-003880,2023-08-11,2023-08-18,CU-1732,Corporate,East,Furniture,Bookcases,Bush Westfield Collection Bookcase,2,0.2,848.89,-4.37
CA-2024-003881,2024-09-14,2024-09-18,CU-1012,Consumer,West,Technology,Accessories,SanDisk Ultra 64GB USB Flash Drive,2,0.0,70.29,-3.54
CA-2023-003882,2023-01-02,2023-01-06,CU-1976,Home Office,West,Office Supplies,Paper,Hammermill Copy Plus Paper,1,0.0,44.26,-6.62
CA-2024-003883,2024-08-05,2024-08-11,CU-1069,Corporate,South,Technology,Accessories,SanDisk Ultra 64GB USB Flash Drive,5,0.2,126.34,5.16
CA-2024-003884,2024-05-02,2024-05-04,CU-1067,Home Office,West,Technology,Phones,Polycom CX600 IP Phone,1,0.0,417.97,53.33
CA-2023-003885,2023-08-16,2023-08-17,CU-1238,Corporate,West,Office Supplies,Fasteners,OIC Heavy-Duty Binder Clips,2,0.0,13.23,-17.59
CA-2023-003886,2023-08-22,2023-08-23,CU-1087,Home Office,South,Technology,Machines,HP LaserJet Pro M404n Printer,2,0.3,619.07,2.12
CA-2024-003887,2024-06-13,2024-06-16,CU-1382,Home Office,Central,Office Supplies,Binders,GBC DocuBind TL300 Electric Binding System,5,0.0,4962.62,1135.32
CA-2024-003888,2024-06-22,2024-06-24,CU-1028,Home Office,West,Office Supplies,Paper,Hammermill Copy Plus Paper,2,0.0,76.2,2.94
CA-2023-003889,2023-03-29,2023-04-05,CU-1355,Consumer,East,Technology,Accessories,Logitech G910 Mechanical Keyboard,2,0.0,564.38,155.6
CA-2024-003890,2024-09-02,2024-09-08,CU-1832,Corporate,West,Office Supplies,Labels,"Avery 5"" x 8"" Label",2,0.15,28.15,-14.69
CA-2023-003891,2023-12-26,2023-12-27,CU-1838,Home Office,Central,Office Supplies,Paper,Hammermill Copy Plus Paper,1,0.1,35.21,-13.48
CA-2024-003892,2024-03-20,2024-03-27,CU-1977,Home Office,South,Technology,Copiers,Canon imageCLASS 2200 Advanced Copier,2,0.2,3522.28,472.56
CA-2023-003893,2023-05-05,2023-05-07,CU-1357,Home Office,West,Furniture,Bookcases,Sauder Camden County Barrister Bookcase,1,0.0,714.75,32.92
CA-2023-003894,2023-11-29,2023-12-02,CU-1099,Corporate,South,Office Supplies,Labels,"Avery 5"" x 8"" Label",1,0.3,12.6,-20.54
CA-2023-003895,2023-02-14,2023-02-17,CU-1298,Home Office,West,Office Supplies,Fasteners,OIC Heavy-Duty Binder Clips,3,0.0,19.04,-14.5
CA-2023-003896,2023-05-12,2023-05-16,CU-1785,Home Office,East,Technology,Accessories,Logitech G910 Mechanical Keyboard,1,0.0,267.74,43.04
CA-2023-003897,2023-02-10,2023-02-13,CU-1935,Consumer,South,Technology,Accessories,SanDisk Ultra 64GB USB Flash Drive,3,0.1,84.14,-0.92
CA-2024-003898,2024-02-15,2024-02-17,CU-1890,Consumer,South,Technology,Phones,Polycom CX600 IP Phone,3,0.0,1172.78,168.06
CA-2023-003899,2023-04-20,2023-04-24,CU-1991,Consumer,West,Technology,Accessories,SanDisk Ultra 64GB USB Flash Drive,4,0.1,125.02,8.1
CA-2024-003900,2024-07-23,2024-07-29,CU-1958,Home Office,South,Office Supplies,Envelopes,Avery Self-Adhesive Address Labels,3,0.0,66.59,5.85
CA-2024-003901,2024-06-29,2024-07-02,CU-1830,Corporate,West,Office Supplies,Paper,Hammermill Copy Plus Paper,2,0.2,61.28,-8.46
CA-2024-003902,2024-10-18,2024-10-20,CU-1592,Corporate,South,Technology,Machines,HP LaserJet Pro M404n Printer,1,0.0,409.66,65.77
CA-2023-003903,2023-08-10,2023-08-14,CU-1112,Corporate,South,Office Supplies,Appliances,Hoover Commercial Lightweight Vacuum,1,0.0,478.91,86.41
CA-2023-003904,2023-12-31,2024-01-06,CU-1958,Corporate,Central,Office Supplies,Fasteners,OIC Heavy-Duty Binder Clips,1,0.0,7.11,-20.06
CA-2023-003905,2023-10-04,2023-10-08,CU-1821,Home Office,West,Technology,Copiers,Canon imageCLASS 2200 Advanced Copier,1,0.1,1887.49,405.64
CA-2024-003906,2024-01-18,2024-01-22,CU-1775,Consumer,East,Technology,Accessories,SanDisk Ultra 64GB USB Flash Drive,1,0.0,33.63,-12.89
CA-2024-003907,2024-11-15,2024-11-21,CU-1372,Corporate,West,Technology,Accessories,Logitech G910 Mechanical Keyboard,4,0.3,781.0,30.33
CA-2023-003908,2023-07-09,2023-07-10,CU-1518,Home Office,South,Technology,Accessories,Logitech MX Master Wireless Mouse,1,0.0,170.57,26.7
CA-2024-003909,2024-08-24,2024-08-25,CU-1020,Consumer,Central,Office Supplies,Paper,Xerox Premium Multipurpose Paper,1,0.0,50.21,-4.25
CA-2023-003910,2023-12-08,2023-12-12,CU-1031,Consumer,South,Technology,Accessories,SanDisk Ultra 64GB USB Flash Drive,1,0.1,26.88,-15.92
CA-2023-003911,2023-03-16,2023-03-23,CU-1602,Home Office,South,Furniture,Tables,Hon Every-Day Round Conference Table,1,0.1,1226.36,-5.35
CA-2024-003912,2024-03-20,2024-03-26,CU-1886,Home Office,West,Furniture,Bookcases,Sauder Camden County Barrister Bookcase,1,0.2,577.43,-30.4
CA-2023-003913,2023-01-29,2023-02-04,CU-1101,Corporate,East,Office Supplies,Art,Newell 312 Mechanical Pencil,1,0.0,9.59,-19.24
CA-2023-003914,2023-09-11,2023-09-18,CU-1888,Home Office,West,Office Supplies,Paper,Hammermill Copy Plus Paper,5,0.15,183.06,23.03
CA-2023-003915,2023-11-13,2023-11-16,CU-1924,Corporate,East,Technology,Machines,Zebra ZP 450 Thermal Label Printer,2,0.0,1075.85,240.85
CA-2024-003916,2024-05-30,2024-06-05,CU-1501,Corporate,Central,Office Supplies,Paper,Hammermill Copy Plus Paper,1,0.0,40.3,-8.65
CA-2023-003917,2023-11-29,2023-12-02,CU-1778,Home Office,West,Technology,Machines,HP LaserJet Pro M404n Printer,3,0.0,1156.99,221.31
CA-2023-003918,2023-11-11,2023-11-12,CU-1111,Home Office,West,Furniture,Furnishings,Eldon Image Series Desk Accessories,1,0.0,63.3,-3.94
CA-2023-003919,2023-06-27,2023-07-01,CU-1209,Home Office,East,Technology,Machines,Zebra ZP 450 Thermal Label Printer,1,0.1,430.57,33.33
CA-2024-003920,2024-08-13,2024-08-20,CU-1321,Home Office,Central,Office Supplies,Envelopes,Avery Self-Adhesive Address Labels,3,0.2,56.18,-8.57
CA-2023-003921,2023-01-15,2023-01-19,CU-1296,Home Office,South,Office Supplies,Labels,"Avery 5"" x 8"" Label",1,0.15,14.1,-18.73
CA-2024-003922,2024-06-07,2024-06-10,CU-1849,Home Office,South,Furniture,Bookcases,Sauder Camden County Barrister Bookcase,1,0.0,746.17,10.19
CA-2023-003923,2023-04-24,2023-04-30,CU-1561,Home Office,East,Office Supplies,Storage,Tennsco Industrial Steel Shelving,2,0.0,646.62,134.69
CA-2024-003924,2024-08-13,2024-08-14,CU-1410,Corporate,West,Furniture,Furnishings,DAX Two-Tone Rosewood/Black Document Frame,1,0.15,33.95,-16.92
CA-2024-003925,2024-02-14,2024-02-17,CU-1403,Consumer,South,Technology,Accessories,Belkin 8-Outlet Surge Protector,2,0.0,172.91,24.26
CA-2023-003926,2023-05-09,2023-05-10,CU-1318,Corporate,South,Office Supplies,Art,Newell 312 Mechanical Pencil,2,0.0,19.68,-14.9
CA-2023-003927,2023-07-09,2023-07-10,CU-1137,Home Office,West,Office Supplies,Art,Newell 312 Mechanical Pencil,1,0.1,8.7,-20.5
CA-2023-003928,2023-05-28,2023-06-01,CU-1716,Home Office,South,Office Supplies,Paper,Xerox Premium Multipurpose Paper,2,0.0,94.26,10.62
CA-2024-003929,2024-12-09,2024-12-10,CU-1237,Home Office,West,Office Supplies,Paper,Hammermill Copy Plus Paper,2,0.1,74.91,1.79
CA-2024-003930,2024-12-03,2024-12-06,CU-1442,Consumer,Central,Furniture,Chairs,HON 5400 Series Task Chairs for Big and Tall,1,0.0,997.94,184.55
CA-2023-003931,2023-09-09,2023-09-11,CU-1194,Home Office,East,Technology,Accessories,SanDisk Ultra 64GB USB Flash Drive,1,0.0,30.72,-13.95
CA-2023-003932,2023-09-05,2023-09-12,CU-1684,Consumer,West,Office Supplies,Binders,Fellowes PB500 Electric Punch Plastic Comb Binding Machine with Manual Bind,1,0.2,1120.39,122.51
CA-2023-003933,2023-12-29,2024-01-01,CU-1296,Corporate,East,Office Supplies,Art,Newell 312 Mechanical Pencil,1,0.0,9.29,-19.99
CA-2024-003934,2024-08-06,2024-08-10,CU-1354,Corporate,East,Technology,Phones,Polycom CX600 IP Phone,1,0.0,421.52,66.7
CA-2023-003935,2023-11-21,2023-11-22,CU-1729,Consumer,East,Furniture,Bookcases,Sauder Camden County Barrister Bookcase,4,0.2,2147.07,-109.49
CA-2023-003936,2023-12-03,2023-12-06,CU-1672,Consumer,South,Office Supplies,Storage,Tennsco Industrial Steel Shelving,4,0.2,1120.49,166.76
CA-2024-003937,2024-12-28,2025-01-03,CU-1334,Home Office,West,Office Supplies,Art,Newell 312 Mechanical Pencil,2,0.0,19.73,-14.34
CA-2023-003938,2023-02-17,2023-02-23,CU-1752,Corporate,East,Technology,Accessories,Logitech MX Master Wireless Mouse,2,0.1,272.14,48.43
CA-2023-003939,2023-09-28,2023-10-05,CU-1606,Consumer,West,Office Supplies,Paper,Hammermill Copy Plus Paper,2,0.1,73.39,2.23
CA-2024-003940,2024-12-01,2024-12-06,CU-1604,Corporate,East,Furniture,Furnishings,Eldon Image Series Desk Accessories,1,0.15,59.88,-8.39
CA-2024-003941,2024-03-20,2024-03-24,CU-1004,Consumer,West,Office Supplies,Envelopes,Avery Self-Adhesive Address Labels,3,0.2,48.9,-8.0
CA-2023-003942,2023-03-20,2023-03-25,CU-1692,Consumer,Central,Technology,Accessories,SanDisk Ultra 64GB USB Flash Drive,2,0.3,43.97,-16.96
CA-2023-003943,2023-07-12,2023-07-17,CU-1820,Corporate,Central,Office Supplies,Storage,Tennsco Industrial Steel Shelving,1,0.0,330.99,69.47
CA-2024-003944,2024-08-08,2024-08-09,CU-1835,Home Office,South,Office Supplies,Fasteners,OIC Heavy-Duty Binder Clips,3,0.1,17.56,-15.7
CA-2024-003945,2024-03-03,2024-03-09,CU-1810,Consumer,East,Technology,Accessories,Logitech G910 Mechanical Keyboard,1,0.0,262.28,43.61
CA-2024-003946,2024-11-25,2024-11-28,CU-1246,Home Office,Central,Furniture,Chairs,HON 5400 Series Task Chairs for Big and Tall,1,0.0,965.91,121.25
CA-2023-003947,2023-10-11,2023-10-12,CU-1539,Corporate,Central,Furniture,Bookcases,Bush Westfield Collection Bookcase,2,0.0,1211.31,130.7
CA-2024-003948,2024-11-19,2024-11-22,CU-1970,Corporate,Central,Furniture,Furnishings,DAX Two-Tone Rosewood/Black Document Frame,1,0.2,33.25,-18.73
CA-2024-003949,2024-05-14,2024-05-17,CU-1964,Consumer,Central,Office Supplies,Paper,Xerox Premium Multipurpose Paper,2,0.1,88.28,8.72
CA-2024-003950,2024-08-21,2024-08-27,CU-1004,Corporate,East,Office Supplies,Storage,Tennsco Industrial Steel Shelving,2,0.15,551.5,59.5
CA-2023-003951,2023-03-30,2023-03-31,CU-1693,Corporate,East,Furniture,Tables,Hon Every-Day Round Conference Table,1,0.0,1445.36,82.94
CA-2023-003952,2023-05-13,2023-05-20,CU-1263,Corporate,West,Furniture,Furnishings,DAX Two-Tone Rosewood/Black Document Frame,1,0.1,37.14,-15.41
CA-2023-003953,2023-03-08,2023-03-12,CU-1948,Consumer,South,Technology,Accessories,Logitech MX Master Wireless Mouse,1,0.2,126.21,-3.1
CA-2024-003954,2024-04-24,2024-04-25,CU-1594,Consumer,East,Technology,Accessories,Logitech G910 Mechanical Keyboard,1,0.0,258.23,52.21
CA-2024-003955,2024-09-13,2024-09-16,CU-1956,Home Office,Central,Technology,Accessories,Logitech G910 Mechanical Keyboard,2,0.15,489.11,63.01
CA-2023-003956,2023-08-01,2023-08-04,CU-1633,Home Office,South,Technology,Accessories,Belkin 8-Outlet Surge Protector,1,0.0,74.72,-5.01
CA-2024-003957,2024-05-31,2024-06-02,CU-1578,Consumer,East,Furniture,Furnishings,DAX Two-Tone Rosewood/Black Document Frame,3,0.0,117.75,15.06
CA-2024-003958,2024-09-09,2024-09-16,CU-1151,Corporate,South,Office Supplies,Envelopes,Avery Self-Adhesive Address Labels,1,0.0,20.62,-15.06
CA-2024-003959,2024-09-05,2024-09-07,CU-1294,Consumer,Central,Office Supplies,Envelopes,Avery Self-Adhesive Address Labels,2,0.0,45.64,-6.23
CA-2023-003960,2023-04-02,2023-04-06,CU-1876,Home Office,South,Office Supplies,Storage,Tennsco Industrial Steel Shelving,1,0.0,375.5,79.93
CA-2024-003961,2024-09-04,2024-09-05,CU-1220,Corporate,South,Furniture,Chairs,HON 5400 Series Task Chairs for Big and Tall,2,0.15,1660.25,92.49
CA-2023-003962,2023-10-25,2023-10-28,CU-1095,Corporate,East,Furniture,Chairs,Global Deluxe High-Back Manager's Chair,1,0.15,556.22,11.41
CA-2023-003963,2023-06-10,2023-06-16,CU-1169,Corporate,West,Technology,Accessories,SanDisk Ultra 64GB USB Flash Drive,4,0.0,119.68,15.65
CA-2024-003964,2024-05-27,2024-05-29,CU-1942,Corporate,South,Office Supplies,Storage,Fellowes Bankers Box Heavy-Duty Storage Boxes,1,0.0,90.62,8.03
CA-2024-003965,2024-11-15,2024-11-19,CU-1040,Consumer,Central,Technology,Phones,Polycom CX600 IP Phone,2,0.0,833.0,117.52
CA-2024-003966,2024-08-25,2024-08-26,CU-1748,Corporate,West,Furniture,Tables,Hon Every-Day Round Conference Table,2,0.0,3043.82,242.05
CA-2024-003967,2024-04-01,2024-04-04,CU-1316,Corporate,Central,Furniture,Furnishings,Eldon Image Series Desk Accessories,1,0.0,66.21,-0.44
CA-2023-003968,2023-09-05,2023-09-08,CU-1387,Corporate,West,Furniture,Furnishings,Eldon Image Series Desk Accessories,1,0.0,62.72,-3.01
CA-2024-003969,2024-06-25,2024-06-28,CU-1340,Consumer,West,Furniture,Bookcases,Sauder Camden County Barrister Bookcase,2,0.0,1480.6,122.38
CA-2023-003970,2023-11-17,2023-11-21,CU-1110,Home Office,West,Technology,Machines,Zebra ZP 450 Thermal Label Printer,5,0.15,2321.2,280.59
CA-2024-003971,2024-02-10,2024-02-15,CU-1335,Corporate,Central,Office Supplies,Labels,"Avery 5"" x 8"" Label",1,0.15,14.7,-18.66
CA-2023-003972,2023-02-12,2023-02-19,CU-1761,Corporate,East,Furniture,Bookcases,Sauder Camden County Barrister Bookcase,4,0.2,2158.77,-158.78
CA-2023-003973,2023-07-06,2023-07-11,CU-1577,Consumer,East,Technology,Accessories,Belkin 8-Outlet Surge Protector,2,0.0,166.43,17.23
CA-2023-003974,2023-05-11,2023-05-14,CU-1859,Home Office,East,Technology,Phones,Polycom CX600 IP Phone,1,0.0,444.32,60.85
CA-2024-003975,2024-04-09,2024-04-15,CU-1958,Corporate,South,Technology,Accessories,Logitech MX Master Wireless Mouse,1,0.0,155.89,20.2
CA-2023-003976,2023-08-08,2023-08-09,CU-1158,Consumer,East,Technology,Machines,Zebra ZP 450 Thermal Label Printer,3,0.0,1433.94,324.86
CA-2023-003977,2023-05-05,2023-05-06,CU-1687,Consumer,East,Office Supplies,Fasteners,OIC Heavy-Duty Binder Clips,1,0.1,5.6,-21.24
CA-2023-003978,2023-06-20,2023-06-25,CU-1312,Home Office,West,Office Supplies,Fasteners,OIC Heavy-Duty Binder Clips,1,0.1,6.17,-20.95
CA-2023-003979,2023-05-17,2023-05-22,CU-1336,Consumer,Central,Furniture,Tables,Bretford Rectangular Conference Table,1,0.0,1818.48,171.29
CA-2024-003980,2024-07-12,2024-07-16,CU-1468,Home Office,Central,Office Supplies,Art,Newell 312 Mechanical Pencil,1,0.3,6.48,-22.14
CA-2023-003981,2023-02-21,2023-02-25,CU-1316,Home Office,East,Office Supplies,Art,Newell 312 Mechanical Pencil,1,0.0,10.43,-19.3
CA-2024-003982,2024-03-17,2024-03-23,CU-1517,Consumer,South,Technology,Accessories,Belkin 8-Outlet Surge Protector,2,0.1,141.24,7.39
CA-2023-003983,2023-01-17,2023-01-22,CU-1488,Consumer,West,Office Supplies,Storage,Fellowes Bankers Box Heavy-Duty Storage Boxes,2,0.0,181.44,29.31
CA-2024-003984,2024-01-25,2024-01-30,CU-1752,Consumer,West,Office Supplies,Supplies,Stanley Bostitch Heavy-Duty Stapler,1,0.15,50.07,-14.06
CA-2023-003985,2023-09-08,2023-09-14,CU-1620,Home Office,East,Office Supplies,Storage,Tennsco Industrial Steel Shelving,2,0.2,609.76,77.09
CA-2024-003986,2024-04-29,2024-04-30,CU-1259,Home Office,South,Office Supplies,Supplies,Stanley Bostitch Heavy-Duty Stapler,1,0.0,58.93,-5.36
CA-2024-003987,2024-03-16,2024-03-20,CU-1761,Corporate,Central,Office Supplies,Paper,Xerox Premium Multipurpose Paper,1,0.0,55.9,-1.08
CA-2024-003988,2024-07-13,2024-07-14,CU-1775,Home Office,West,Technology,Machines,HP LaserJet Pro M404n Printer,3,0.0,1241.05,278.82
CA-2024-003989,2024-09-22,2024-09-24,CU-1251,Home Office,South,Furniture,Furnishings,Eldon Image Series Desk Accessories,1,0.2,50.84,-14.15
CA-2023-003990,2023-03-27,2023-04-01,CU-1306,Corporate,Central,Office Supplies,Storage,Tennsco Industrial Steel Shelving,2,0.0,746.8,154.12
CA-2024-003991,2024-07-28,2024-08-02,CU-1124,Corporate,East,Furniture,Chairs,Global Deluxe High-Back Manager's Chair,2,0.15,1062.83,54.28
CA-2023-003992,2023-10-02,2023-10-06,CU-1505,Corporate,East,Office Supplies,Paper,Hammermill Copy Plus Paper,1,0.0,43.81,-5.77
CA-2024-003993,2024-10-08,2024-10-13,CU-1818,Consumer,Central,Office Supplies,Art,Newell 312 Mechanical Pencil,1,0.15,8.7,-20.99
CA-2024-003994,2024-01-30,2024-02-01,CU-1593,Consumer,South,Technology,Phones,Polycom CX600 IP Phone,2,0.0,754.23,90.95
CA-2023-003995,2023-06-05,2023-06-07,CU-1222,Home Office,Central,Office Supplies,Binders,GBC Ibimaster 500 Manual ProClick Binding System,1,0.15,677.52,64.72
CA-2023-003996,2023-10-26,2023-11-02,CU-1125,Home Office,West,Technology,Copiers,Canon imageCLASS 2200 Advanced Copier,2,0.0,4418.79,1189.89
CA-2024-003997,2024-05-10,2024-05-12,CU-1971,Consumer,Central,Furniture,Chairs,HON 5400 Series Task Chairs for Big and Tall,1,0.1,947.74,119.98
CA-2024-003998,2024-11-10,2024-11-17,CU-1007,Home Office,Central,Office Supplies,Paper,Hammermill Copy Plus Paper,2,0.0,83.82,9.23
CA-2024-003999,2024-12-07,2024-12-08,CU-1889,Corporate,East,Office Supplies,Fasteners,OIC Heavy-Duty Binder Clips,2,0.15,10.46,-19.63
CA-2023-004000,2023-06-28,2023-07-01,CU-1931,Corporate,Central,Technology,Accessories,Belkin 8-Outlet Surge Protector,1,0.0,77.16,-0.04
CA-2024-004001,2024-01-17,2024-01-18,CU-1999,Home Office,Central,Office Supplies,Storage,Fellowes Bankers Box Heavy-Duty Storage Boxes,2,0.0,180.98,28.43
CA-2024-004002,2024-12-07,2024-12-12,CU-1864,Corporate,Central,Office Supplies,Paper,Hammermill Copy Plus Paper,1,0.0,44.8,-5.41
CA-2023-004003,2023-02-17,2023-02-22,CU-1955,Home Office,East,Furniture,Bookcases,Bush Westfield Collection Bookcase,5,0.1,2304.76,182.54
CA-2023-004004,2023-10-17,2023-10-23,CU-1682,Home Office,Central,Office Supplies,Labels,"Avery 5"" x 8"" Label",2,0.0,33.59,-10.14
CA-2023-004005,2023-01-26,2023-01-29,CU-1239,Consumer,South,Furniture,Furnishings,DAX Two-Tone Rosewood/Black Document Frame,3,0.0,118.87,7.74
CA-2023-004006,2023-07-11,2023-07-17,CU-1090,Consumer,Central,Office Supplies,Paper,Hammermill Copy Plus Paper,1,0.0,44.07,-5.79
CA-2023-004007,2023-04-12,2023-04-16,CU-1220,Consumer,West,Office Supplies,Appliances,Hoover Commercial Lightweight Vacuum,1,0.0,475.05,86.52
CA-2024-004008,2024-05-20,2024-05-26,CU-1822,Corporate,West,Office Supplies,Binders,Fellowes PB500 Electric Punch Plastic Comb Binding Machine with Manual Bind,2,0.0,2632.74,552.32
CA-2024-004009,2024-07-03,2024-07-07,CU-1519,Corporate,South,Office Supplies,Supplies,Stanley Bostitch Heavy-Duty Stapler,4,0.0,217.27,38.39
CA-2023-004010,2023-06-23,2023-06-27,CU-1085,Corporate,South,Office Supplies,Paper,Hammermill Copy Plus Paper,2,0.0,75.93,5.41
CA-2023-004011,2023-08-02,2023-08-08,CU-1622,Home Office,South,Furniture,Furnishings,DAX Two-Tone Rosewood/Black Document Frame,1,0.1,36.29,-16.05
CA-2023-004012,2023-03-18,2023-03-19,CU-1513,Corporate,East,Office Supplies,Fasteners,OIC Heavy-Duty Binder Clips,1,0.0,6.43,-20.66
CA-2024-004013,2024-07-14,2024-07-17,CU-1446,Corporate,West,Office Supplies,Paper,Hammermill Copy Plus Paper,1,0.0,43.43,-7.37
CA-2023-004014,2023-02-20,2023-02-26,CU-1279,Home Office,South,Technology,Copiers,Canon imageCLASS 2200 Advanced Copier,2,0.0,4054.51,1176.09
CA-2023-004015,2023-02-11,2023-02-14,CU-1924,Consumer,West,Furniture,Bookcases,Sauder Camden County Barrister Bookcase,1,0.0,758.9,11.58
CA-2023-004016,2023-06-21,2023-06-25,CU-1578,Consumer,Central,Office Supplies,Fasteners,OIC Heavy-Duty Binder Clips,5,0.0,34.57,-6.47
CA-2024-004017,2024-12-07,2024-12-12,CU-1846,Consumer,South,Furniture,Tables,Hon Every-Day Round Conference Table,1,0.0,1300.51,70.54
CA-2023-004018,2023-01-29,2023-02-02,CU-1040,Corporate,Central,Furniture,Furnishings,DAX Two-Tone Rosewood/Black Document Frame,3,0.0,114.61,11.57
CA-2023-004019,2023-07-03,2023-07-06,CU-1279,Corporate,Central,Furniture,Chairs,HON 5400 Series Task Chairs for Big and Tall,1,0.0,1028.1,178.7
CA-2023-004020,2023-04-01,2023-04-05,CU-1580,Corporate,West,Furniture,Chairs,HON 5400 Series Task Chairs for Big and Tall,1,0.0,1114.71,208.67
CA-2023-004021,2023-07-19,2023-07-25,CU-1458,Home Office,Central,Office Supplies,Fasteners,OIC Heavy-Duty Binder Clips,1,0.2,5.6,-21.61
CA-2023-004022,2023-11-12,2023-11-18,CU-1123,Home Office,Central,Furniture,Furnishings,Eldon Image Series Desk Accessories,2,0.2,107.14,2.11
CA-2023-004023,2023-05-08,2023-05-09,CU-1511,Home Office,West,Technology,Machines,HP LaserJet Pro M404n Printer,4,0.0,1774.59,430.22
CA-2024-004024,2024-04-20,2024-04-24,CU-1755,Consumer,Central,Office Supplies,Paper,Hammermill Copy Plus Paper,1,0.15,32.83,-14.2
CA-2024-004025,2024-05-10,2024-05-11,CU-1921,Corporate,West,Office Supplies,Envelopes,Avery Self-Adhesive Address Labels,2,0.0,42.77,-7.38
CA-2023-004026,2023-02-11,2023-02-13,CU-1980,Consumer,South,Furniture,Furnishings,DAX Two-Tone Rosewood/Black Document Frame,2,0.1,71.14,-4.06
CA-2024-004027,2024-04-07,2024-04-12,CU-1152,Consumer,South,Furniture,Furnishings,DAX Two-Tone Rosewood/Black Document Frame,1,0.1,36.04,-16.14
CA-2024-004028,2024-10-13,2024-10-18,CU-1241,Corporate,West,Office Supplies,Fasteners,OIC Heavy-Duty Binder Clips,1,0.0,6.73,-20.54
CA-2023-004029,2023-06-28,2023-07-02,CU-1347,Home Office,West,Office Supplies,Storage,Tennsco Industrial Steel Shelving,2,0.2,535.8,56.64
CA-2024-004030,2024-12-01,2024-12-07,CU-1589,Home Office,West,Office Supplies,Binders,Fellowes PB500 Electric Punch Plastic Comb Binding Machine with Manual Bind,2,0.0,2845.16,712.98
CA-2024-004031,2024-11-12,2024-11-16,CU-1292,Corporate,East,Technology,Machines,Zebra ZP 450 Thermal Label Printer,2,0.0,1082.78,195.8
CA-2024-004032,2024-11-24,2024-11-28,CU-1355,Consumer,East,Furniture,Bookcases,Bush Westfield Collection Bookcase,2,0.0,1174.18,144.82
CA-2024-004033,2024-09-09,2024-09-10,CU-1159,Corporate,East,Office Supplies,Art,Newell 312 Mechanical Pencil,2,0.1,16.99,-16.87
CA-2023-004034,2023-12-08,2023-12-15,CU-1161,Consumer,Central,Furniture,Chairs,Global Deluxe High-Back Manager's Chair,1,0.0,565.33,61.61
CA-2024-004035,2024-02-25,2024-02-29,CU-1094,Corporate,West,Technology,Machines,Zebra ZP 450 Thermal Label Printer,1,0.0,494.96,99.95
CA-2024-004036,2024-12-07,2024-12-09,CU-1410,Consumer,West,Furniture,Tables,Bretford Rectangular Conference Table,2,0.0,3842.82,334.45
CA-2023-004037,2023-07-06,2023-07-08,CU-1733,Consumer,South,Technology,Machines,Zebra ZP 450 Thermal Label Printer,1,0.0,495.38,79.67
CA-2023-004038,2023-07-28,2023-07-31,CU-1910,Home Office,South,Furniture,Furnishings,DAX Two-Tone Rosewood/Black Document Frame,4,0.0,153.77,20.27
CA-2023-004039,2023-10-28,2023-11-02,CU-1544,Home Office,South,Office Supplies,Storage,Fellowes Bankers Box Heavy-Duty Storage Boxes,2,0.0,187.11,37.96
CA-2023-004040,2023-07-03,2023-07-10,CU-1165,Home Office,Central,Office Supplies,Fasteners,OIC Heavy-Duty Binder Clips,1,0.0,6.19,-20.86
CA-2023-004041,2023-05-06,2023-05-10,CU-1295,Consumer,West,Furniture,Furnishings,Eldon Image Series Desk Accessories,1,0.1,64.1,-4.47
CA-2023-004042,2023-06-27,2023-06-30,CU-1903,Corporate,South,Office Supplies,Paper,Hammermill Copy Plus Paper,1,0.0,44.35,-6.62
CA-2024-004043,2024-10-22,2024-10-27,CU-1122,Corporate,South,Technology,Accessories,SanDisk Ultra 64GB USB Flash Drive,1,0.15,25.46,-18.41
CA-2024-004044,2024-10-28,2024-10-29,CU-1703,Consumer,Central,Technology,Accessories,SanDisk Ultra 64GB USB Flash Drive,1,0.0,34.71,-13.68
CA-2023-004045,2023-12-14,2023-12-18,CU-1026,Home Office,Central,Technology,Accessories,Belkin 8-Outlet Surge Protector,2,0.0,169.4,30.29
CA-2023-004046,2023-05-24,2023-05-27,CU-1696,Corporate,East,Office Supplies,Paper,Xerox Premium Multipurpose Paper,1,0.2,43.14,-11.69
CA-2023-004047,2023-11-12,2023-11-14,CU-1013,Corporate,West,Office Supplies,Supplies,Stanley Bostitch Heavy-Duty Stapler,5,0.1,271.49,44.13
CA-2024-004048,2024-08-27,2024-08-31,CU-1767,Corporate,South,Technology,Accessories,Logitech MX Master Wireless Mouse,1,0.15,140.42,4.62
CA-2024-004049,2024-09-13,2024-09-14,CU-1612,Home Office,Central,Furniture,Furnishings,DAX Two-Tone Rosewood/Black Document Frame,1,0.15,32.42,-16.01
CA-2024-004050,2024-01-31,2024-02-03,CU-1009,Consumer,Central,Technology,Copiers,Canon imageCLASS 2200 Advanced Copier,1,0.15,1862.12,344.81
CA-2023-004051,2023-06-18,2023-06-21,CU-1260,Consumer,East,Technology,Copiers,Canon imageCLASS 2200 Advanced Copier,2,0.0,4363.73,1111.25
CA-2024-004052,2024-05-07,2024-05-09,CU-1523,Consumer,East,Office Supplies,Envelopes,Avery Self-Adhesive Address Labels,3,0.0,69.88,8.05
CA-2023-004053,2023-04-26,2023-04-28,CU-1302,Consumer,South,Office Supplies,Binders,GBC DocuBind TL300 Electric Binding System,1,0.0,1002.31,206.0
CA-2023-004054,2023-02-07,2023-02-14,CU-1988,Corporate,South,Office Supplies,Paper,Hammermill Copy Plus Paper,1,0.0,42.13,-7.43
CA-2023-004055,2023-06-17,2023-06-18,CU-1263,Corporate,Central,Furniture,Bookcases,Sauder Camden County Barrister Bookcase,2,0.0,1361.76,59.96
CA-2024-004056,2024-10-19,2024-10-23,CU-1069,Home Office,South,Furniture,Chairs,Global Deluxe High-Back Manager's Chair,1,0.0,658.3,103.41
CA-2024-004057,2024-08-15,2024-08-18,CU-1614,Corporate,West,Technology,Accessories,Logitech G910 Mechanical Keyboard,2,0.15,471.24,73.51
CA-2023-004058,2023-11-28,2023-12-04,CU-1623,Home Office,East,Office Supplies,Appliances,Hoover Commercial Lightweight Vacuum,1,0.2,404.87,15.05
CA-2024-004059,2024-08-30,2024-09-01,CU-1656,Home Office,East,Office Supplies,Binders,Fellowes PB500 Electric Punch Plastic Comb Binding Machine with Manual Bind,1,0.0,1321.9,340.52
CA-2024-004060,2024-02-04,2024-02-08,CU-1223,Home Office,South,Office Supplies,Paper,Hammermill Copy Plus Paper,1,0.1,34.57,-13.19
CA-2024-004061,2024-11-19,2024-11-24,CU-1998,Consumer,South,Technology,Phones,Polycom CX600 IP Phone,1,0.0,439.1,57.6
CA-2024-004062,2024-03-20,2024-03-26,CU-1647,Corporate,West,Office Supplies,Binders,Fellowes PB500 Electric Punch Plastic Comb Binding Machine with Manual Bind,1,0.0,1341.39,301.78
CA-2023-004063,2023-01-16,2023-01-23,CU-1017,Corporate,South,Office Supplies,Fasteners,OIC Heavy-Duty Binder Clips,1,0.0,6.61,-20.37
CA-2023-004064,2023-03-25,2023-04-01,CU-1140,Corporate,South,Technology,Accessories,Logitech G910 Mechanical Keyboard,1,0.0,248.29,38.99
CA-2024-004065,2024-11-02,2024-11-05,CU-1596,Corporate,Central,Furniture,Bookcases,Sauder Camden County Barrister Bookcase,1,0.2,529.79,-54.51
CA-2024-004066,2024-05-28,2024-05-31,CU-1161,Corporate,East,Technology,Machines,HP LaserJet Pro M404n Printer,2,0.0,813.08,154.36
CA-2024-004067,2024-04-26,2024-05-03,CU-1915,Corporate,South,Office Supplies,Paper,Hammermill Copy Plus Paper,2,0.1,68.3,-2.32
CA-2023-004068,2023-11-27,2023-12-01,CU-1744,Corporate,East,Furniture,Furnishings,DAX Two-Tone Rosewood/Black Document Frame,1,0.15,35.53,-15.72
CA-2023-004069,2023-12-05,2023-12-06,CU-1429,Corporate,Central,Technology,Accessories,Logitech G910 Mechanical Keyboard,4,0.2,887.74,141.55
CA-2023-004070,2023-03-26,2023-04-01,CU-1769,Home Office,East,Office Supplies,Art,Newell 312 Mechanical Pencil,1,0.0,9.01,-19.85
CA-2024-004071,2024-09-28,2024-10-01,CU-1805,Home Office,West,Office Supplies,Envelopes,Avery Self-Adhesive Address Labels,2,0.3,30.06,-17.49
CA-2024-004072,2024-05-23,2024-05-26,CU-1839,Consumer,South,Office Supplies,Labels,"Avery 5"" x 8"" Label",2,0.2,28.94,-15.45
CA-2023-004073,2023-10-03,2023-10-04,CU-1084,Consumer,South,Office Supplies,Paper,Hammermill Copy Plus Paper,1,0.0,38.33,-9.11
CA-2023-004074,2023-05-27,2023-05-31,CU-1348,Consumer,East,Office Supplies,Envelopes,Avery Self-Adhesive Address Labels,1,0.2,16.85,-18.57
CA-2024-004075,2024-11-22,2024-11-27,CU-1072,Corporate,East,Furniture,Furnishings,DAX Two-Tone Rosewood/Black Document Frame,1,0.0,38.85,-12.91
CA-2024-004076,2024-03-20,2024-03-26,CU-1251,Consumer,South,Technology,Accessories,Logitech G910 Mechanical Keyboard,1,0.0,248.82,43.74
CA-2024-004077,2024-02-22,2024-02-23,CU-1183,Home Office,West,Office Supplies,Binders,GBC Ibimaster 500 Manual ProClick Binding System,2,0.0,1534.46,239.28
CA-2023-004078,2023-12-24,2023-12-29,CU-1728,Home Office,Central,Furniture,Furnishings,DAX Two-Tone Rosewood/Black Document Frame,1,0.0,41.41,-12.18
CA-2024-004079,2024-05-07,2024-05-08,CU-1755,Home Office,East,Technology,Accessories,SanDisk Ultra 64GB USB Flash Drive,3,0.0,93.04,9.49
CA-2023-004080,2023-03-04,2023-03-09,CU-1668,Corporate,Central,Technology,Accessories,Belkin 8-Outlet Surge Protector,1,0.0,83.41,-2.2
CA-2024-004081,2024-11-11,2024-11-13,CU-1566,Home Office,Central,Office Supplies,Labels,"Avery 5"" x 8"" Label",2,0.2,26.28,-15.54
CA-2023-004082,2023-06-12,2023-06-18,CU-1740,Corporate,West,Furniture,Tables,Hon Every-Day Round Conference Table,1,0.0,1381.89,139.16
CA-2024-004083,2024-04-13,2024-04-20,CU-1318,Corporate,South,Office Supplies,Appliances,Hoover Commercial Lightweight Vacuum,1,0.0,494.94,73.36
CA-2023-004084,2023-11-02,2023-11-05,CU-1338,Home Office,South,Office Supplies,Fasteners,OIC Heavy-Duty Binder Clips,1,0.0,7.19,-20.51
CA-2023-004085,2023-07-26,2023-07-29,CU-1209,Home Office,South,Technology,Accessories,SanDisk Ultra 64GB USB Flash Drive,2,0.0,59.78,-5.32
CA-2024-004086,2024-01-16,2024-01-18,CU-1255,Consumer,Central,Furniture,Bookcases,Bush Westfield Collection Bookcase,1,0.1,527.69,-5.23
CA-2023-004087,2023-07-30,2023-08-02,CU-1764,Consumer,West,Office Supplies,Labels,"Avery 5"" x 8"" Label",5,0.0,91.05,14.83
CA-2023-004088,2023-01-24,2023-01-26,CU-1450,Corporate,Central,Office Supplies,Paper,Xerox Premium Multipurpose Paper,1,0.0,54.41,-4.24
CA-2023-004089,2023-11-24,2023-11-30,CU-1160,Consumer,West,Technology,Machines,HP LaserJet Pro M404n Printer,2,0.0,873.47,184.17
CA-2023-004090,2023-10-20,2023-10-25,CU-1855,Home Office,West,Technology,Machines,HP LaserJet Pro M404n Printer,2,0.0,773.37,173.92
CA-2023-004091,2023-09-13,2023-09-14,CU-1172,Corporate,East,Technology,Accessories,Logitech G910 Mechanical Keyboard,1,0.0,257.65,47.8
CA-2024-004092,2024-11-13,2024-11-14,CU-1464,Corporate,Central,Technology,Accessories,Logitech G910 Mechanical Keyboard,2,0.15,440.75,64.08
CA-2023-004093,2023-06-14,2023-06-17,CU-1086,Home Office,South,Office Supplies,Art,Newell 312 Mechanical Pencil,1,0.0,10.06,-19.28
CA-2024-004094,2024-09-09,2024-09-12,CU-1723,Home Office,South,Office Supplies,Storage,Tennsco Industrial Steel Shelving,1,0.1,326.11,30.04
CA-2023-004095,2023-11-18,2023-11-25,CU-1329,Consumer,East,Technology,Accessories,Belkin 8-Outlet Surge Protector,2,0.0,156.62,16.85
CA-2024-004096,2024-08-21,2024-08-22,CU-1897,Home Office,West,Office Supplies,Binders,Fellowes PB500 Electric Punch Plastic Comb Binding Machine with Manual Bind,1,0.0,1282.55,261.47
CA-2024-004097,2024-05-22,2024-05-27,CU-1481,Corporate,South,Office Supplies,Paper,Xerox Premium Multipurpose Paper,1,0.2,43.47,-11.71
CA-2023-004098,2023-02-16,2023-02-17,CU-1695,Consumer,West,Furniture,Furnishings,DAX Two-Tone Rosewood/Black Document Frame,1,0.0,37.99,-11.18
CA-2024-004099,2024-05-16,2024-05-18,CU-1714,Consumer,Central,Technology,Accessories,SanDisk Ultra 64GB USB Flash Drive,4,0.2,108.47,1.33
CA-2024-004100,2024-12-08,2024-12-11,CU-1247,Corporate,West,Office Supplies,Fasteners,OIC Heavy-Duty Binder Clips,1,0.2,4.87,-21.99
CA-2023-004101,2023-02-13,2023-02-19,CU-1601,Home Office,East,Furniture,Bookcases,Bush Westfield Collection Bookcase,1,0.0,541.02,51.71
CA-2024-004102,2024-12-02,2024-12-08,CU-1353,Corporate,East,Technology,Phones,Polycom CX600 IP Phone,3,0.0,1201.57,161.39
CA-2024-004103,2024-05-29,2024-06-04,CU-1501,Home Office,South,Furniture,Bookcases,Sauder Camden County Barrister Bookcase,3,0.15,1891.54,-4.3
CA-2023-004104,2023-04-03,2023-04-06,CU-1355,Corporate,West,Office Supplies,Labels,"Avery 5"" x 8"" Label",1,0.2,14.23,-19.33
CA-2023-004105,2023-04-23,2023-04-29,CU-1573,Home Office,South,Office Supplies,Storage,Fellowes Bankers Box Heavy-Duty Storage Boxes,3,0.1,221.38,32.27
CA-2023-004106,2023-02-14,2023-02-19,CU-1349,Home Office,South,Furniture,Bookcases,Bush Westfield Collection Bookcase,4,0.0,2145.17,257.42
CA-2023-004107,2023-11-18,2023-11-19,CU-1425,Consumer,East,Office Supplies,Labels,"Avery 5"" x 8"" Label",1,0.2,13.47,-19.49
CA-2023-004108,2023-05-15,2023-05-18,CU-1068,Home Office,East,Furniture,Tables,Hon Every-Day Round Conference Table,4,0.0,5485.26,571.58
CA-2023-004109,2023-03-25,2023-03-27,CU-1571,Home Office,West,Office Supplies,Fasteners,OIC Heavy-Duty Binder Clips,1,0.1,6.35,-20.89
CA-2024-004110,2024-08-16,2024-08-20,CU-1418,Home Office,East,Office Supplies,Art,Newell 312 Mechanical Pencil,1,0.1,9.14,-20.23
CA-2023-004111,2023-03-29,2023-04-03,CU-1725,Consumer,West,Office Supplies,Paper,Hammermill Copy Plus Paper,1,0.0,41.31,-9.68
CA-2024-004112,2024-08-07,2024-08-14,CU-1256,Consumer,East,Technology,Machines,HP LaserJet Pro M404n Printer,1,0.0,418.2,62.38
CA-2023-004113,2023-01-05,2023-01-06,CU-1499,Corporate,East,Technology,Accessories,Logitech MX Master Wireless Mouse,1,0.1,151.9,6.61
CA-2023-004114,2023-04-21,2023-04-28,CU-1698,Home Office,Central,Office Supplies,Fasteners,OIC Heavy-Duty Binder Clips,2,0.0,13.12,-17.37
CA-2024-004115,2024-06-20,2024-06-23,CU-1197,Consumer,West,Office Supplies,Fasteners,OIC Heavy-Duty Binder Clips,1,0.0,6.55,-20.8
CA-2023-004116,2023-07-13,2023-07-16,CU-1635,Home Office,South,Office Supplies,Paper,Hammermill Copy Plus Paper,1,0.1,37.16,-12.38
CA-2023-004117,2023-06-20,2023-06-27,CU-1858,Home Office,Central,Office Supplies,Fasteners,OIC Heavy-Duty Binder Clips,1,0.0,7.0,-20.18
CA-2023-004118,2023-08-11,2023-08-18,CU-1536,Consumer,West,Office Supplies,Supplies,Stanley Bostitch Heavy-Duty Stapler,1,0.0,58.65,-7.19
CA-2023-004119,2023-11-08,2023-11-15,CU-1234,Corporate,West,Office Supplies,Labels,"Avery 5"" x 8"" Label",1,0.1,15.46,-17.79
CA-2023-004120,2023-03-24,2023-03-25,CU-1553,Consumer,West,Office Supplies,Art,Newell 312 Mechanical Pencil,2,0.0,20.79,-13.98
CA-2024-004121,2024-11-19,2024-11-25,CU-1068,Home Office,South,Office Supplies,Supplies,Stanley Bostitch Heavy-Duty Stapler,1,0.1,49.73,-13.39
CA-2023-004122,2023-07-24,2023-07-30,CU-1514,Consumer,West,Office Supplies,Storage,Tennsco Industrial Steel Shelving,3,0.1,887.74,184.2
CA-2024-004123,2024-05-11,2024-05-18,CU-1234,Corporate,South,Office Supplies,Envelopes,Avery Self-Adhesive Address Labels,3,0.0,65.17,2.88
CA-2024-004124,2024-05-06,2024-05-08,CU-1527,Corporate,South,Office Supplies,Art,Newell 312 Mechanical Pencil,2,0.0,20.75,-14.84
CA-2023-004125,2023-01-11,2023-01-13,CU-1615,Corporate,Central,Technology,Machines,Zebra ZP 450 Thermal Label Printer,2,0.1,966.43,143.71
CA-2023-004126,2023-08-19,2023-08-23,CU-1205,Consumer,South,Office Supplies,Paper,Xerox Premium Multipurpose Paper,1,0.1,47.9,-9.11
CA-2023-004127,2023-12-18,2023-12-20,CU-1596,Home Office,South,Technology,Accessories,Belkin 8-Outlet Surge Protector,1,0.1,71.99,-6.15
CA-2023-004128,2023-02-18,2023-02-25,CU-1568,Consumer,West,Technology,Accessories,SanDisk Ultra 64GB USB Flash Drive,2,0.0,63.46,-3.58
CA-2023-004129,2023-03-10,2023-03-12,CU-1299,Home Office,Central,Office Supplies,Labels,"Avery 5"" x 8"" Label",2,0.0,34.08,-7.92
CA-2024-004130,2024-05-27,2024-05-30,CU-1173,Consumer,Central,Technology,Accessories,Logitech G910 Mechanical Keyboard,2,0.2,405.48,41.08
CA-2023-004131,2023-12-02,2023-12-03,CU-1409,Home Office,Central,Furniture,Furnishings,Eldon Image Series Desk Accessories,1,0.0,63.71,-3.68
CA-2024-004132,2024-02-23,2024-03-01,CU-1981,Consumer,West,Office Supplies,Paper,Xerox Premium Multipurpose Paper,1,0.0,51.76,-1.14
CA-2023-004133,2023-04-22,2023-04-29,CU-1024,Consumer,South,Office Supplies,Envelopes,Avery Self-Adhesive Address Labels,1,0.0,23.85,-13.55
CA-2024-004134,2024-07-29,2024-08-05,CU-1758,Corporate,West,Furniture,Furnishings,Eldon Image Series Desk Accessories,2,0.0,141.27,29.1
CA-2024-004135,2024-05-06,2024-05-13,CU-1555,Home Office,West,Technology,Accessories,SanDisk Ultra 64GB USB Flash Drive,1,0.0,33.78,-13.79
CA-2023-004136,2023-12-18,2023-12-24,CU-1596,Consumer,South,Office Supplies,Storage,Fellowes Bankers Box Heavy-Duty Storage Boxes,2,0.2,152.28,9.08
CA-2024-004137,2024-08-31,2024-09-03,CU-1713,Home Office,South,Office Supplies,Supplies,Stanley Bostitch Heavy-Duty Stapler,2,0.0,105.08,5.18
CA-2024-004138,2024-08-28,2024-09-04,CU-1157,Home Office,West,Technology,Machines,Zebra ZP 450 Thermal Label Printer,3,0.2,1258.07,80.25
CA-2023-004139,2023-02-01,2023-02-05,CU-1543,Corporate,Central,Office Supplies,Paper,Xerox Premium Multipurpose Paper,2,0.0,98.39,11.8
CA-2024-004140,2024-03-24,2024-03-26,CU-1729,Consumer,Central,Technology,Copiers,Canon imageCLASS 2200 Advanced Copier,1,0.2,1899.59,382.83
CA-2023-004141,2023-03-10,2023-03-12,CU-1225,Corporate,East,Office Supplies,Binders,Fellowes PB500 Electric Punch Plastic Comb Binding Machine with Manual Bind,3,0.1,3522.28,638.78
CA-2023-004142,2023-01-18,2023-01-20,CU-1384,Corporate,West,Office Supplies,Fasteners,OIC Heavy-Duty Binder Clips,1,0.15,5.66,-21.35
CA-2024-004143,2024-05-09,2024-05-10,CU-1877,Corporate,West,Office Supplies,Paper,Hammermill Copy Plus Paper,1,0.1,33.92,-13.29
CA-2023-004144,2023-10-21,2023-10-28,CU-1400,Corporate,East,Furniture,Furnishings,DAX Two-Tone Rosewood/Black Document Frame,1,0.0,41.19,-12.13
CA-2024-004145,2024-09-07,2024-09-09,CU-1349,Corporate,West,Office Supplies,Binders,GBC Ibimaster 500 Manual ProClick Binding System,1,0.1,742.82,94.52
CA-2024-004146,2024-07-16,2024-07-22,CU-1529,Home Office,West,Office Supplies,Art,Newell 312 Mechanical Pencil,2,0.0,19.75,-14.59
CA-2024-004147,2024-06-30,2024-07-01,CU-1820,Consumer,West,Office Supplies,Binders,GBC DocuBind TL300 Electric Binding System,1,0.0,890.59,205.36
CA-2024-004148,2024-03-05,2024-03-07,CU-1577,Corporate,Central,Office Supplies,Storage,Fellowes Bankers Box Heavy-Duty Storage Boxes,5,0.15,403.08,74.83
CA-2023-004149,2023-11-10,2023-11-11,CU-1478,Home Office,Central,Technology,Accessories,Belkin 8-Outlet Surge Protector,2,0.0,172.06,25.78
CA-2023-004150,2023-02-11,2023-02-12,CU-1214,Home Office,South,Office Supplies,Binders,GBC Ibimaster 500 Manual ProClick Binding System,2,0.0,1737.18,258.91
CA-2023-004151,2023-09-21,2023-09-25,CU-1249,Corporate,East,Office Supplies,Paper,Hammermill Copy Plus Paper,2,0.0,79.9,6.45
CA-2024-004152,2024-08-10,2024-08-16,CU-1325,Home Office,West,Office Supplies,Storage,Tennsco Industrial Steel Shelving,2,0.0,672.34,154.91
CA-2024-004153,2024-05-24,2024-05-25,CU-1954,Home Office,South,Office Supplies,Art,Newell 312 Mechanical Pencil,1,0.0,8.77,-20.09
CA-2024-004154,2024-11-01,2024-11-08,CU-1671,Consumer,East,Office Supplies,Labels,"Avery 5"" x 8"" Label",1,0.0,16.42,-16.14
CA-2023-004155,2023-12-28,2024-01-02,CU-1064,Consumer,South,Furniture,Furnishings,Eldon Image Series Desk Accessories,2,0.1,112.51,9.43
CA-2024-004156,2024-08-01,2024-08-05,CU-1790,Consumer,East,Office Supplies,Fasteners,OIC Heavy-Duty Binder Clips,2,0.1,12.44,-18.68
CA-2024-004157,2024-07-25,2024-07-30,CU-1647,Corporate,East,Office Supplies,Labels,"Avery 5"" x 8"" Label",2,0.3,24.32,-17.7
CA-2024-004158,2024-06-20,2024-06-25,CU-1851,Corporate,Central,Furniture,Bookcases,Sauder Camden County Barrister Bookcase,3,0.15,1934.7,0.27
CA-2024-004159,2024-10-25,2024-10-27,CU-1297,Home Office,East,Office Supplies,Envelopes,Avery Self-Adhesive Address Labels,3,0.0,63.11,2.42
CA-2023-004160,2023-01-22,2023-01-27,CU-1209,Home Office,West,Technology,Phones,Polycom CX600 IP Phone,1,0.0,427.57,55.42
CA-2024-004161,2024-12-23,2024-12-24,CU-1125,Corporate,South,Technology,Accessories,Logitech G910 Mechanical Keyboard,2,0.0,500.1,96.31
CA-2024-004162,2024-07-26,2024-07-27,CU-1481,Home Office,West,Office Supplies,Art,Newell 312 Mechanical Pencil,1,0.0,10.22,-19.63
CA-2023-004163,2023-02-27,2023-03-02,CU-1721,Home Office,East,Office Supplies,Paper,Hammermill Copy Plus Paper,1,0.15,35.11,-13.45
CA-2023-004164,2023-02-04,2023-02-11,CU-1823,Corporate,South,Furniture,Chairs,Global Deluxe High-Back Manager's Chair,4,0.0,2694.52,395.15
CA-2023-004165,2023-02-04,2023-02-07,CU-1427,Consumer,West,Office Supplies,Art,Newell 312 Mechanical Pencil,2,0.0,19.81,-15.75
CA-2024-004166,2024-03-24,2024-03-28,CU-1483,Home Office,East,Office Supplies,Art,Newell 312 Mechanical Pencil,1,0.2,7.22,-21.36
CA-2024-004167,2024-01-23,2024-01-26,CU-1861,Corporate,West,Office Supplies,Storage,Fellowes Bankers Box Heavy-Duty Storage Boxes,3,0.0,285.9,62.6
CA-2023-004168,2023-09-22,2023-09-28,CU-1181,Corporate,West,Office Supplies,Paper,Xerox Premium Multipurpose Paper,2,0.0,98.38,14.33
CA-2023-004169,2023-11-04,2023-11-11,CU-1330,Consumer,West,Furniture,Furnishings,Eldon Image Series Desk Accessories,3,0.15,170.44,27.01
CA-2024-004170,2024-11-01,2024-11-08,CU-1971,Consumer,Central,Office Supplies,Storage,Tennsco Industrial Steel Shelving,2,0.0,659.94,148.79
CA-2023-004171,2023-04-25,2023-04-28,CU-1076,Corporate,West,Office Supplies,Supplies,Stanley Bostitch Heavy-Duty Stapler,1,0.0,53.45,-6.3
CA-2024-004172,2024-03-14,2024-03-17,CU-1768,Home Office,Central,Office Supplies,Supplies,Stanley Bostitch Heavy-Duty Stapler,1,0.0,54.8,-6.74
CA-2024-004173,2024-09-15,2024-09-20,CU-1444,Corporate,Central,Technology,Machines,Zebra ZP 450 Thermal Label Printer,2,0.3,770.03,-10.13
CA-2023-004174,2023-07-01,2023-07-08,CU-1764,Home Office,South,Office Supplies,Art,Newell 312 Mechanical Pencil,1,0.0,9.17,-19.68
CA-2024-004175,2024-01-21,2024-01-23,CU-1638,Corporate,East,Office Supplies,Labels,"Avery 5"" x 8"" Label",3,0.15,45.83,-8.79
CA-2023-004176,2023-10-13,2023-10-20,CU-1739,Corporate,East,Office Supplies,Storage,Fellowes Bankers Box Heavy-Duty Storage Boxes,1,0.0,94.36,9.13
CA-2024-004177,2024-02-17,2024-02-19,CU-1693,Home Office,East,Office Supplies,Art,Newell 312 Mechanical Pencil,1,0.1,9.11,-20.0
CA-2024-004178,2024-04-20,2024-04-21,CU-1951,Home Office,West,Office Supplies,Paper,Xerox Premium Multipurpose Paper,2,0.1,91.21,4.65
CA-2024-004179,2024-08-16,2024-08-20,CU-1220,Home Office,West,Office Supplies,Storage,Tennsco Industrial Steel Shelving,1,0.0,373.74,86.82
CA-2023-004180,2023-01-26,2023-01-28,CU-1770,Home Office,East,Office Supplies,Labels,"Avery 5"" x 8"" Label",1,0.3,12.34,-20.42
CA-2024-004181,2024-02-28,2024-03-04,CU-1183,Home Office,South,Technology,Phones,Polycom CX600 IP Phone,5,0.0,1928.64,340.34
CA-2023-004182,2023-04-03,2023-04-10,CU-1771,Home Office,Central,Technology,Accessories,SanDisk Ultra 64GB USB Flash Drive,4,0.2,107.71,-5.45
CA-2024-004183,2024-02-06,2024-02-08,CU-1369,Corporate,South,Office Supplies,Storage,Fellowes Bankers Box Heavy-Duty Storage Boxes,2,0.0,184.56,41.24
CA-2024-004184,2024-01-12,2024-01-15,CU-1944,Consumer,Central,Office Supplies,Binders,GBC DocuBind TL300 Electric Binding System,1,0.0,966.6,191.07
CA-2023-004185,2023-09-25,2023-10-02,CU-1936,Consumer,East,Technology,Copiers,Canon imageCLASS 2200 Advanced Copier,3,0.0,6319.78,1721.9
CA-2024-004186,2024-03-17,2024-03-21,CU-1593,Home Office,West,Technology,Machines,Zebra ZP 450 Thermal Label Printer,2,0.2,754.68,80.79
CA-2024-004187,2024-01-04,2024-01-08,CU-1094,Consumer,East,Technology,Phones,Polycom CX600 IP Phone,3,0.0,1287.84,223.81
CA-2024-004188,2024-01-11,2024-01-12,CU-1299,Home Office,East,Office Supplies,Art,Newell 312 Mechanical Pencil,1,0.0,10.29,-19.42
CA-2023-004189,2023-11-02,2023-11-06,CU-1215,Consumer,East,Office Supplies,Paper,Xerox Premium Multipurpose Paper,2,0.0,110.25,20.55
CA-2024-004190,2024-01-06,2024-01-11,CU-1955,Home Office,East,Office Supplies,Paper,Hammermill Copy Plus Paper,1,0.15,36.03,-13.74
CA-2024-004191,2024-02-07,2024-02-09,CU-1105,Corporate,East,Office Supplies,Binders,GBC Ibimaster 500 Manual ProClick Binding System,1,0.0,820.11,132.75
CA-2024-004192,2024-02-08,2024-02-10,CU-1623,Consumer,South,Office Supplies,Art,Newell 312 Mechanical Pencil,1,0.2,7.95,-21.33
CA-2024-004193,2024-11-14,2024-11-18,CU-1873,Home Office,East,Furniture,Furnishings,Eldon Image Series Desk Accessories,1,0.0,70.1,-0.82
CA-2024-004194,2024-11-27,2024-11-28,CU-1240,Corporate,West,Furniture,Bookcases,Bush Westfield Collection Bookcase,1,0.1,522.17,2.77
CA-2023-004195,2023-07-03,2023-07-10,CU-1768,Consumer,South,Technology,Machines,HP LaserJet Pro M404n Printer,1,0.0,400.11,58.45
CA-2024-004196,2024-04-09,2024-04-14,CU-1077,Consumer,Central,Furniture,Bookcases,Sauder Camden County Barrister Bookcase,3,0.0,1998.9,148.01
CA-2024-004197,2024-06-07,2024-06-10,CU-1044,Home Office,Central,Office Supplies,Art,Newell 312 Mechanical Pencil,1,0.0,10.43,-19.27
CA-2023-004198,2023-07-07,2023-07-14,CU-1268,Home Office,South,Office Supplies,Paper,Xerox Premium Multipurpose Paper,1,0.0,47.25,-6.49
CA-2023-004199,2023-07-24,2023-07-29,CU-1137,Corporate,South,Technology,Accessories,Belkin 8-Outlet Surge Protector,2,0.2,135.04,1.95
CA-2023-004200,2023-03-16,2023-03-17,CU-1894,Consumer,East,Office Supplies,Paper,Hammermill Copy Plus Paper,2,0.0,79.58,9.45
CA-2023-004201,2023-03-19,2023-03-23,CU-1792,Home Office,East,Office Supplies,Paper,Xerox Premium Multipurpose Paper,3,0.2,119.06,13.22
CA-2023-004202,2023-12-21,2023-12-24,CU-1947,Consumer,West,Office Supplies,Supplies,Stanley Bostitch Heavy-Duty Stapler,3,0.0,155.64,17.42
CA-2023-004203,2023-06-25,2023-06-30,CU-1654,Home Office,Central,Office Supplies,Art,Newell 312 Mechanical Pencil,1,0.0,9.87,-19.06
CA-2024-004204,2024-03-11,2024-03-15,CU-1794,Consumer,West,Office Supplies,Paper,Hammermill Copy Plus Paper,1,0.0,44.53,-6.42
CA-2023-004205,2023-03-24,2023-03-27,CU-1576,Home Office,East,Office Supplies,Paper,Hammermill Copy Plus Paper,2,0.0,86.17,5.87
CA-2023-004206,2023-10-27,2023-11-03,CU-1687,Home Office,Central,Technology,Accessories,SanDisk Ultra 64GB USB Flash Drive,1,0.0,34.13,-12.95
CA-2024-004207,2024-01-01,2024-01-08,CU-1113,Corporate,West,Office Supplies,Fasteners,OIC Heavy-Duty Binder Clips,1,0.1,6.51,-21.1
CA-2024-004208,2024-07-14,2024-07-15,CU-1046,Corporate,Central,Technology,Accessories,Logitech MX Master Wireless Mouse,3,0.0,481.3,114.12
CA-2024-004209,2024-05-03,2024-05-09,CU-1908,Home Office,South,Furniture,Chairs,Global Deluxe High-Back Manager's Chair,2,0.0,1333.0,142.82
CA-2023-004210,2023-09-02,2023-09-03,CU-1172,Corporate,South,Furniture,Bookcases,Bush Westfield Collection Bookcase,4,0.15,1862.33,68.01
CA-2024-004211,2024-09-06,2024-09-10,CU-1302,Consumer,East,Technology,Accessories,Belkin 8-Outlet Surge Protector,2,0.0,154.65,25.11
CA-2024-004212,2024-05-08,2024-05-14,CU-1748,Home Office,South,Office Supplies,Paper,Xerox Premium Multipurpose Paper,1,0.1,47.29,-9.12
CA-2024-004213,2024-06-21,2024-06-22,CU-1294,Home Office,West,Technology,Machines,Zebra ZP 450 Thermal Label Printer,5,0.0,2649.27,627.01
CA-2024-004214,2024-11-02,2024-11-04,CU-1997,Consumer,South,Technology,Accessories,Belkin 8-Outlet Surge Protector,2,0.0,157.22,14.1
CA-2024-004215,2024-11-18,2024-11-23,CU-1570,Consumer,East,Furniture,Furnishings,DAX Two-Tone Rosewood/Black Document Frame,2,0.0,75.74,-2.29
CA-2024-004216,2024-04-22,2024-04-26,CU-1586,Home Office,East,Technology,Accessories,Logitech G910 Mechanical Keyboard,1,0.0,254.14,42.34
CA-2024-004217,2024-08-04,2024-08-05,CU-1030,Consumer,South,Office Supplies,Labels,"Avery 5"" x 8"" Label",1,0.0,16.93,-16.15
CA-2024-004218,2024-01-01,2024-01-05,CU-1337,Home Office,West,Office Supplies,Art,Newell 312 Mechanical Pencil,3,0.1,27.84,-12.97
CA-2023-004219,2023-08-02,2023-08-06,CU-1138,Consumer,West,Furniture,Furnishings,Eldon Image Series Desk Accessories,1,0.0,65.0,-3.71
CA-2024-004220,2024-01-23,2024-01-29,CU-1006,Home Office,Central,Office Supplies,Binders,GBC DocuBind TL300 Electric Binding System,1,0.2,763.86,28.27
CA-2024-004221,2024-07-10,2024-07-11,CU-1878,Consumer,South,Technology,Machines,Zebra ZP 450 Thermal Label Printer,1,0.0,529.74,86.54
CA-2023-004222,2023-01-05,2023-01-08,CU-1622,Home Office,South,Furniture,Chairs,Global Deluxe High-Back Manager's Chair,1,0.0,609.46,55.92
CA-2024-004223,2024-05-09,2024-05-13,CU-1957,Consumer,East,Office Supplies,Paper,Xerox Premium Multipurpose Paper,2,0.0,104.49,21.64
CA-2024-004224,2024-11-13,2024-11-19,CU-1267,Home Office,Central,Technology,Phones,Polycom CX600 IP Phone,1,0.0,381.79,39.19
CA-2023-004225,2023-09-12,2023-09-15,CU-1527,Consumer,East,Furniture,Bookcases,Bush Westfield Collection Bookcase,1,0.0,572.19,62.13
CA-2023-004226,2023-01-12,2023-01-14,CU-1714,Corporate,Central,Office Supplies,Storage,Tennsco Industrial Steel Shelving,2,0.0,721.46,142.66
CA-2024-004227,2024-06-18,2024-06-24,CU-1900,Consumer,South,Office Supplies,Art,Newell 312 Mechanical Pencil,1,0.0,10.12,-19.06
CA-2024-004228,2024-12-22,2024-12-29,CU-1311,Corporate,South,Office Supplies,Binders,Fellowes PB500 Electric Punch Plastic Comb Binding Machine with Manual Bind,1,0.1,1218.09,240.26
CA-2023-004229,2023-10-06,2023-10-12,CU-1779,Home Office,Central,Office Supplies,Art,Newell 312 Mechanical Pencil,2,0.1,18.38,-17.4
CA-2024-004230,2024-08-12,2024-08-16,CU-1880,Corporate,West,Office Supplies,Paper,Hammermill Copy Plus Paper,1,0.0,43.74,-7.66
CA-2024-004231,2024-04-06,2024-04-08,CU-1256,Consumer,South,Office Supplies,Fasteners,OIC Heavy-Duty Binder Clips,1,0.2,5.47,-21.7
CA-2024-004232,2024-04-26,2024-04-28,CU-1052,Home Office,Central,Furniture,Tables,Hon Every-Day Round Conference Table,1,0.2,1168.29,-84.97
CA-2023-004233,2023-10-28,2023-11-04,CU-1284,Consumer,Central,Technology,Phones,Polycom CX600 IP Phone,2,0.3,559.72,-18.3
CA-2024-004234,2024-04-30,2024-05-07,CU-1518,Corporate,West,Office Supplies,Labels,"Avery 5"" x 8"" Label",1,0.0,18.31,-15.6
CA-2023-004235,2023-03-11,2023-03-17,CU-1473,Consumer,East,Office Supplies,Supplies,Stanley Bostitch Heavy-Duty Stapler,4,0.1,187.66,18.46
CA-2024-004236,2024-02-25,2024-02-27,CU-1569,Home Office,West,Furniture,Furnishings,Eldon Image Series Desk Accessories,1,0.0,66.91,-1.37
CA-2024-004237,2024-04-05,2024-04-06,CU-1068,Home Office,East,Office Supplies,Storage,Tennsco Industrial Steel Shelving,1,0.15,311.71,30.33
CA-2024-004238,2024-08-23,2024-08-30,CU-1521,Corporate,East,Technology,Accessories,Logitech MX Master Wireless Mouse,3,0.15,423.41,76.81
CA-2023-004239,2023-09-22,2023-09-27,CU-1299,Consumer,South,Office Supplies,Storage,Tennsco Industrial Steel Shelving,2,0.1,627.13,108.47
CA-2024-004240,2024-11-24,2024-11-29,CU-1813,Corporate,East,Technology,Accessories,SanDisk Ultra 64GB USB Flash Drive,3,0.0,101.17,4.93
CA-2024-004241,2024-04-11,2024-04-15,CU-1504,Consumer,West,Technology,Machines,Zebra ZP 450 Thermal Label Printer,1,0.0,508.01,87.64
CA-2024-004242,2024-09-29,2024-10-06,CU-1002,Consumer,Central,Furniture,Tables,Bretford Rectangular Conference Table,1,0.2,1315.58,-23.92
CA-2023-004243,2023-10-06,2023-10-07,CU-1125,Consumer,West,Technology,Accessories,SanDisk Ultra 64GB USB Flash Drive,1,0.0,30.97,-13.08
CA-2023-004244,2023-11-16,2023-11-23,CU-1758,Consumer,East,Furniture,Chairs,HON 5400 Series Task Chairs for Big and Tall,2,0.1,1747.73,173.41
CA-2024-004245,2024-07-29,2024-08-03,CU-1760,Corporate,South,Office Supplies,Fasteners,OIC Heavy-Duty Binder Clips,1,0.15,5.29,-21.54
CA-2024-004246,2024-08-25,2024-08-31,CU-1816,Home Office,West,Office Supplies,Art,Newell 312 Mechanical Pencil,3,0.1,27.75,-13.35
CA-2024-004247,2024-12-07,2024-12-09,CU-1750,Corporate,West,Technology,Accessories,Belkin 8-Outlet Surge Protector,1,0.15,66.85,-12.38
CA-2024-004248,2024-07-27,2024-08-02,CU-1068,Consumer,South,Technology,Machines,HP LaserJet Pro M404n Printer,2,0.1,804.66,119.94
CA-2023-004249,2023-07-12,2023-07-17,CU-1709,Corporate,West,Office Supplies,Supplies,Stanley Bostitch Heavy-Duty Stapler,1,0.1,51.32,-10.35
CA-2023-004250,2023-05-04,2023-05-09,CU-1950,Consumer,Central,Office Supplies,Storage,Fellowes Bankers Box Heavy-Duty Storage Boxes,2,0.0,181.49,33.82
CA-2023-004251,2023-09-21,2023-09-22,CU-1123,Consumer,Central,Office Supplies,Storage,Tennsco Industrial Steel Shelving,1,0.0,372.97,59.56
CA-2024-004252,2024-02-23,2024-02-29,CU-1448,Consumer,East,Office Supplies,Paper,Xerox Premium Multipurpose Paper,1,0.0,51.51,-1.23
CA-2024-004253,2024-04-03,2024-04-08,CU-1980,Corporate,Central,Technology,Machines,HP LaserJet Pro M404n Printer,2,0.0,818.07,153.66
CA-2024-004254,2024-02-25,2024-03-03,CU-1622,Consumer,South,Technology,Accessories,SanDisk Ultra 64GB USB Flash Drive,1,0.3,22.58,-20.6
CA-2023-004255,2023-08-04,2023-08-09,CU-1955,Consumer,West,Office Supplies,Art,Newell 312 Mechanical Pencil,1,0.2,7.56,-21.46
CA-2023-004256,2023-02-05,2023-02-07,CU-1237,Home Office,Central,Office Supplies,Supplies,Stanley Bostitch Heavy-Duty Stapler,1,0.2,44.07,-14.25
CA-2023-004257,2023-11-23,2023-11-28,CU-1845,Corporate,West,Office Supplies,Storage,Fellowes Bankers Box Heavy-Duty Storage Boxes,1,0.2,66.17,-11.08
CA-2024-004258,2024-04-23,2024-04-28,CU-1710,Consumer,South,Technology,Accessories,Logitech G910 Mechanical Keyboard,2,0.1,473.04,62.06
CA-2024-004259,2024-12-28,2025-01-04,CU-1263,Consumer,West,Office Supplies,Labels,"Avery 5"" x 8"" Label",1,0.15,14.78,-19.23
CA-2023-004260,2023-08-20,2023-08-21,CU-1442,Corporate,West,Furniture,Furnishings,DAX Two-Tone Rosewood/Black Document Frame,1,0.15,32.36,-16.29
CA-2024-004261,2024-03-21,2024-03-25,CU-1284,Consumer,Central,Technology,Machines,HP LaserJet Pro M404n Printer,1,0.0,393.94,74.91
CA-2024-004262,2024-12-09,2024-12-16,CU-1989,Home Office,West,Office Supplies,Paper,Hammermill Copy Plus Paper,2,0.0,78.62,3.89
CA-2023-004263,2023-03-17,2023-03-21,CU-1531,Consumer,South,Office Supplies,Art,Newell 312 Mechanical Pencil,1,0.1,7.97,-20.48
CA-2024-004264,2024-04-08,2024-04-10,CU-1957,Home Office,West,Technology,Machines,Zebra ZP 450 Thermal Label Printer,1,0.15,434.94,34.67
CA-2023-004265,2023-10-31,2023-11-03,CU-1011,Home Office,South,Office Supplies,Storage,Fellowes Bankers Box Heavy-Duty Storage Boxes,1,0.0,85.7,0.31
CA-2024-004266,2024-11-12,2024-11-15,CU-1036,Home Office,West,Technology,Machines,HP LaserJet Pro M404n Printer,1,0.3,271.74,2.12
CA-2024-004267,2024-06-28,2024-07-02,CU-1689,Home Office,West,Furniture,Furnishings,DAX Two-Tone Rosewood/Black Document Frame,1,0.0,43.36,-11.43
CA-2024-004268,2024-11-02,2024-11-04,CU-1321,Corporate,Central,Furniture,Bookcases,Sauder Camden County Barrister Bookcase,1,0.0,664.74,23.93
CA-2023-004269,2023-02-05,2023-02-09,CU-1779,Home Office,West,Office Supplies,Fasteners,OIC Heavy-Duty Binder Clips,1,0.0,6.49,-20.66
CA-2024-004270,2024-12-12,2024-12-15,CU-1223,Consumer,East,Office Supplies,Binders,GBC Ibimaster 500 Manual ProClick Binding System,2,0.0,1630.62,313.71
CA-2024-004271,2024-04-10,2024-04-17,CU-1020,Home Office,Central,Technology,Machines,Zebra ZP 450 Thermal Label Printer,2,0.0,1101.63,221.11
CA-2024-004272,2024-10-01,2024-10-05,CU-1406,Corporate,West,Office Supplies,Paper,Hammermill Copy Plus Paper,1,0.0,39.64,-8.0
CA-2023-004273,2023-03-20,2023-03-23,CU-1831,Consumer,East,Technology,Accessories,Logitech MX Master Wireless Mouse,2,0.2,272.43,19.66
CA-2024-004274,2024-11-22,2024-11-29,CU-1002,Consumer,South,Furniture,Tables,Bretford Rectangular Conference Table,3,0.0,5545.52,535.13
CA-2024-004275,2024-06-24,2024-06-30,CU-1044,Home Office,South,Technology,Phones,Polycom CX600 IP Phone,2,0.0,844.05,130.42
CA-2023-004276,2023-09-10,2023-09-14,CU-1744,Home Office,Central,Technology,Accessories,SanDisk Ultra 64GB USB Flash Drive,4,0.1,122.48,11.53
CA-2023-004277,2023-05-20,2023-05-24,CU-1533,Consumer,South,Office Supplies,Art,Newell 312 Mechanical Pencil,1,0.2,7.34,-21.33
CA-2024-004278,2024-06-11,2024-06-16,CU-1520,Consumer,Central,Technology,Accessories,SanDisk Ultra 64GB USB Flash Drive,2,0.0,69.06,0.47
CA-2023-004279,2023-10-02,2023-10-03,CU-1858,Home Office,Central,Technology,Machines,Zebra ZP 450 Thermal Label Printer,1,0.15,426.83,15.66
CA-2024-004280,2024-12-12,2024-12-18,CU-1656,Home Office,West,Furniture,Furnishings,DAX Two-Tone Rosewood/Black Document Frame,1,0.3,30.03,-20.67
CA-2024-004281,2024-08-28,2024-09-02,CU-1420,Home Office,West,Furniture,Chairs,HON 5400 Series Task Chairs for Big and Tall,1,0.0,985.16,119.42
CA-2024-004282,2024-08-05,2024-08-08,CU-1901,Corporate,West,Office Supplies,Paper,Hammermill Copy Plus Paper,3,0.3,80.26,-5.19
CA-2024-004283,2024-04-03,2024-04-10,CU-1744,Corporate,East,Office Supplies,Paper,Hammermill Copy Plus Paper,1,0.0,38.76,-8.58
CA-2024-004284,2024-02-11,2024-02-18,CU-1802,Corporate,South,Technology,Accessories,Logitech G910 Mechanical Keyboard,1,0.15,230.87,25.96
CA-2024-004285,2024-09-05,2024-09-06,CU-1080,Home Office,South,Technology,Accessories,Belkin 8-Outlet Surge Protector,1,0.15,64.72,-12.91
CA-2024-004286,2024-03-19,2024-03-22,CU-1429,Corporate,South,Office Supplies,Paper,Hammermill Copy Plus Paper,2,0.0,88.63,7.09
CA-2024-004287,2024-05-17,2024-05-24,CU-1638,Corporate,Central,Furniture,Furnishings,DAX Two-Tone Rosewood/Black Document Frame,1,0.0,37.83,-11.1
CA-2023-004288,2023-11-07,2023-11-09,CU-1277,Corporate,Central,Furniture,Bookcases,Sauder Camden County Barrister Bookcase,2,0.15,1160.17,-72.58
CA-2024-004289,2024-06-25,2024-06-29,CU-1908,Consumer,East,Technology,Accessories,Logitech MX Master Wireless Mouse,2,0.2,277.42,19.17
CA-2023-004290,2023-08-20,2023-08-21,CU-1939,Corporate,West,Office Supplies,Appliances,Hoover Commercial Lightweight Vacuum,1,0.0,491.75,93.43
CA-2023-004291,2023-09-18,2023-09-19,CU-1834,Corporate,West,Furniture,Bookcases,Sauder Camden County Barrister Bookcase,1,0.2,584.25,-44.05
CA-2023-004292,2023-09-15,2023-09-18,CU-1204,Home Office,East,Office Supplies,Art,Newell 312 Mechanical Pencil,1,0.1,8.93,-20.15
CA-2023-004293,2023-11-16,2023-11-17,CU-1691,Home Office,West,Office Supplies,Art,Newell 312 Mechanical Pencil,1,0.1,9.3,-20.02
CA-2024-004294,2024-06-11,2024-06-16,CU-1626,Corporate,South,Office Supplies,Paper,Xerox Premium Multipurpose Paper,1,0.0,52.51,-4.92
CA-2024-004295,2024-01-26,2024-01-31,CU-1469,Corporate,East,Technology,Machines,Zebra ZP 450 Thermal Label Printer,1,0.2,407.25,5.18
CA-2023-004296,2023-05-23,2023-05-25,CU-1260,Consumer,East,Office Supplies,Paper,Hammermill Copy Plus Paper,1,0.15,34.96,-14.5
CA-2024-004297,2024-09-19,2024-09-25,CU-1855,Home Office,Central,Office Supplies,Fasteners,OIC Heavy-Duty Binder Clips,2,0.0,12.91,-16.93
CA-2023-004298,2023-06-14,2023-06-21,CU-1465,Corporate,Central,Furniture,Bookcases,Sauder Camden County Barrister Bookcase,3,0.0,2131.97,76.39
CA-2024-004299,2024-11-25,2024-11-26,CU-1395,Home Office,South,Office Supplies,Paper,Hammermill Copy Plus Paper,2,0.0,88.8,7.26
CA-2023-004300,2023-10-01,2023-10-05,CU-1657,Corporate,East,Furniture,Chairs,Global Deluxe High-Back Manager's Chair,1,0.0,575.57,85.71
CA-2024-004301,2024-09-28,2024-09-29,CU-1541,Corporate,West,Technology,Phones,Cisco TelePresence System EX90 Videoconferencing Unit,1,0.2,2708.59,111.25
CA-2024-004302,2024-04-24,2024-05-01,CU-1263,Corporate,West,Office Supplies,Envelopes,Avery Self-Adhesive Address Labels,1,0.0,22.71,-13.52
CA-2024-004303,2024-10-23,2024-10-29,CU-1302,Consumer,East,Technology,Accessories,Logitech MX Master Wireless Mouse,1,0.2,120.23,1.33
CA-2024-004304,2024-06-05,2024-06-08,CU-1657,Home Office,West,Furniture,Bookcases,Bush Westfield Collection Bookcase,1,0.1,495.57,17.43
CA-2024-004305,2024-04-25,2024-05-01,CU-1764,Corporate,East,Office Supplies,Appliances,Hoover Commercial Lightweight Vacuum,2,0.0,898.32,182.11
CA-2023-004306,2023-05-17,2023-05-20,CU-1906,Corporate,West,Furniture,Chairs,Global Deluxe High-Back Manager's Chair,1,0.1,521.83,12.77
CA-2024-004307,2024-04-06,2024-04-13,CU-1109,Home Office,South,Technology,Accessories,Logitech G910 Mechanical Keyboard,1,0.0,274.1,42.95
CA-2023-004308,2023-07-11,2023-07-12,CU-1728,Corporate,East,Technology,Phones,Polycom CX600 IP Phone,4,0.0,1634.04,209.43
CA-2024-004309,2024-06-27,2024-06-29,CU-1894,Corporate,East,Office Supplies,Envelopes,Avery Self-Adhesive Address Labels,1,0.15,18.79,-17.19
CA-2023-004310,2023-01-17,2023-01-24,CU-1905,Home Office,East,Office Supplies,Supplies,Stanley Bostitch Heavy-Duty Stapler,2,0.0,120.24,13.4
CA-2024-004311,2024-01-13,2024-01-19,CU-1590,Home Office,East,Office Supplies,Art,Newell 312 Mechanical Pencil,2,0.0,19.11,-14.71
CA-2024-004312,2024-11-29,2024-12-04,CU-1996,Corporate,South,Technology,Accessories,Logitech G910 Mechanical Keyboard,1,0.0,272.42,44.76
CA-2024-004313,2024-02-22,2024-02-23,CU-1421,Home Office,West,Technology,Accessories,Belkin 8-Outlet Surge Protector,2,0.1,145.54,13.37
CA-2024-004314,2024-10-22,2024-10-26,CU-1444,Consumer,West,Office Supplies,Art,Newell 312 Mechanical Pencil,2,0.0,20.09,-14.82
CA-2023-004315,2023-03-22,2023-03-29,CU-1804,Home Office,East,Furniture,Chairs,Global Deluxe High-Back Manager's Chair,2,0.1,1074.84,95.39
CA-2024-004316,2024-12-22,2024-12-23,CU-1340,Home Office,Central,Technology,Accessories,Logitech MX Master Wireless Mouse,2,0.1,275.37,52.18
CA-2023-004317,2023-03-31,2023-04-05,CU-1201,Home Office,West,Furniture,Furnishings,Eldon Image Series Desk Accessories,1,0.0,65.54,-1.47
CA-2023-004318,2023-12-28,2023-12-31,CU-1087,Home Office,West,Technology,Accessories,SanDisk Ultra 64GB USB Flash Drive,2,0.1,58.42,-8.87
CA-2024-004319,2024-07-21,2024-07-27,CU-1660,Consumer,Central,Office Supplies,Fasteners,OIC Heavy-Duty Binder Clips,3,0.15,15.5,-17.47
CA-2023-004320,2023-01-31,2023-02-01,CU-1404,Consumer,South,Office Supplies,Supplies,Stanley Bostitch Heavy-Duty Stapler,1,0.15,49.13,-13.2
CA-2023-004321,2023-03-29,2023-04-01,CU-1779,Consumer,West,Office Supplies,Art,Newell 312 Mechanical Pencil,2,0.0,20.46,-14.25
CA-2024-004322,2024-03-31,2024-04-01,CU-1001,Home Office,South,Office Supplies,Fasteners,OIC Heavy-Duty Binder Clips,2,0.3,8.5,-21.17
CA-2024-004323,2024-10-08,2024-10-11,CU-1878,Home Office,South,Office Supplies,Art,Newell 312 Mechanical Pencil,1,0.0,9.01,-20.07
CA-2024-004324,2024-12-09,2024-12-14,CU-1528,Consumer,Central,Office Supplies,Storage,Tennsco Industrial Steel Shelving,1,0.1,297.89,30.86
CA-2023-004325,2023-12-20,2023-12-21,CU-1222,Corporate,East,Office Supplies,Paper,Hammermill Copy Plus Paper,2,0.0,80.23,4.55
CA-2023-004326,2023-08-29,2023-09-01,CU-1454,Consumer,South,Furniture,Bookcases,Bush Westfield Collection Bookcase,1,0.0,555.96,42.12
CA-2023-004327,2023-05-14,2023-05-18,CU-1681,Consumer,Central,Technology,Accessories,SanDisk Ultra 64GB USB Flash Drive,2,0.0,64.78,-5.51
CA-2023-004328,2023-11-03,2023-11-09,CU-1076,Home Office,East,Office Supplies,Fasteners,OIC Heavy-Duty Binder Clips,1,0.0,6.05,-20.66
CA-2024-004329,2024-06-06,2024-06-07,CU-1492,Corporate,West,Office Supplies,Storage,Tennsco Industrial Steel Shelving,1,0.2,308.39,21.66
CA-2024-004330,2024-02-07,2024-02-13,CU-1812,Home Office,Central,Technology,Machines,HP LaserJet Pro M404n Printer,2,0.0,851.89,178.84
CA-2024-004331,2024-04-15,2024-04-16,CU-1672,Consumer,Central,Office Supplies,Supplies,Stanley Bostitch Heavy-Duty Stapler,1,0.15,46.59,-14.4
CA-2023-004332,2023-08-12,2023-08-14,CU-1732,Consumer,South,Office Supplies,Storage,Fellowes Bankers Box Heavy-Duty Storage Boxes,1,0.2,75.28,-8.39
CA-2023-004333,2023-11-30,2023-12-05,CU-1485,Home Office,Central,Office Supplies,Paper,Hammermill Copy Plus Paper,2,0.0,78.39,7.34
CA-2023-004334,2023-02-26,2023-03-04,CU-1861,Corporate,South,Office Supplies,Art,Newell 312 Mechanical Pencil,1,0.0,9.77,-19.25
CA-2024-004335,2024-03-01,2024-03-07,CU-1714,Home Office,East,Office Supplies,Labels,"Avery 5"" x 8"" Label",4,0.0,69.35,5.3
CA-2024-004336,2024-11-03,2024-11-07,CU-1938,Corporate,South,Office Supplies,Fasteners,OIC Heavy-Duty Binder Clips,1,0.15,5.54,-21.46
CA-2024-004337,2024-02-08,2024-02-14,CU-1644,Home Office,South,Furniture,Furnishings,Eldon Image Series Desk Accessories,1,0.15,51.84,-11.17
CA-2024-004338,2024-02-07,2024-02-11,CU-1947,Consumer,Central,Furniture,Chairs,Global Deluxe High-Back Manager's Chair,1,0.1,528.5,13.95
CA-2024-004339,2024-01-03,2024-01-09,CU-1983,Home Office,Central,Office Supplies,Binders,GBC Ibimaster 500 Manual ProClick Binding System,1,0.0,806.82,153.03
CA-2023-004340,2023-11-04,2023-11-11,CU-1913,Consumer,West,Furniture,Tables,Hon Every-Day Round Conference Table,1,0.0,1441.54,150.85
CA-2024-004341,2024-10-08,2024-10-14,CU-1908,Consumer,South,Office Supplies,Fasteners,OIC Heavy-Duty Binder Clips,2,0.0,12.49,-17.22
CA-2024-004342,2024-08-17,2024-08-23,CU-1529,Home Office,Central,Office Supplies,Art,Newell 312 Mechanical Pencil,1,0.0,8.85,-20.0
CA-2024-004343,2024-04-30,2024-05-01,CU-1952,Consumer,South,Technology,Machines,HP LaserJet Pro M404n Printer,2,0.2,647.98,67.63
CA-2023-004344,2023-10-27,2023-11-02,CU-1587,Consumer,East,Office Supplies,Art,Newell 312 Mechanical Pencil,5,0.2,35.04,-11.88
CA-2024-004345,2024-12-13,2024-12-20,CU-1268,Corporate,Central,Technology,Phones,Polycom CX600 IP Phone,5,0.0,2094.12,348.19
CA-2023-004346,2023-06-10,2023-06-11,CU-1493,Consumer,East,Furniture,Bookcases,Bush Westfield Collection Bookcase,2,0.15,917.87,-6.65
CA-2024-004347,2024-09-14,2024-09-15,CU-1361,Corporate,Central,Office Supplies,Art,Newell 312 Mechanical Pencil,1,0.1,8.45,-20.44
CA-2024-004348,2024-04-29,2024-05-03,CU-1709,Corporate,South,Office Supplies,Fasteners,OIC Heavy-Duty Binder Clips,3,0.0,20.3,-14.3
CA-2023-004349,2023-05-13,2023-05-19,CU-1199,Consumer,East,Office Supplies,Art,Newell 312 Mechanical Pencil,2,0.1,18.42,-16.11
CA-2023-004350,2023-06-01,2023-06-06,CU-1973,Consumer,West,Technology,Accessories,SanDisk Ultra 64GB USB Flash Drive,2,0.1,55.59,-10.61
CA-2024-004351,2024-06-23,2024-06-28,CU-1664,Corporate,South,Office Supplies,Art,Newell 312 Mechanical Pencil,1,0.2,7.47,-21.18
CA-2024-004352,2024-05-11,2024-05-13,CU-1692,Corporate,South,Office Supplies,Paper,Hammermill Copy Plus Paper,2,0.15,70.29,-4.0
CA-2023-004353,2023-02-04,2023-02-08,CU-1125,Home Office,South,Office Supplies,Labels,"Avery 5"" x 8"" Label",3,0.0,55.61,2.46
CA-2024-004354,2024-12-01,2024-12-02,CU-1838,Corporate,Central,Office Supplies,Art,Newell 312 Mechanical Pencil,1,0.0,9.29,-19.53
CA-2024-004355,2024-11-24,2024-11-27,CU-1926,Home Office,West,Office Supplies,Art,Newell 312 Mechanical Pencil,2,0.0,17.52,-16.71
CA-2024-004356,2024-05-13,2024-05-18,CU-1457,Home Office,West,Office Supplies,Art,Newell 312 Mechanical Pencil,4,0.0,37.96,-6.53
CA-2024-004357,2024-01-21,2024-01-23,CU-1224,Consumer,South,Technology,Accessories,Belkin 8-Outlet Surge Protector,2,0.0,170.06,20.23
CA-2024-004358,2024-03-30,2024-04-03,CU-1915,Consumer,East,Furniture,Furnishings,Eldon Image Series Desk Accessories,2,0.3,88.04,-9.06
CA-2024-004359,2024-12-10,2024-12-14,CU-1185,Consumer,West,Furniture,Bookcases,Sauder Camden County Barrister Bookcase,1,0.0,762.58,27.65
CA-2023-004360,2023-10-25,2023-10-27,CU-1986,Consumer,Central,Office Supplies,Art,Newell 312 Mechanical Pencil,2,0.0,20.87,-15.25
CA-2024-004361,2024-09-06,2024-09-09,CU-1027,Home Office,West,Technology,Copiers,Canon imageCLASS 2200 Advanced Copier,3,0.0,6614.2,2093.47
CA-2024-004362,2024-10-18,2024-10-23,CU-1241,Corporate,West,Office Supplies,Paper,Hammermill Copy Plus Paper,2,0.0,89.33,9.96
CA-2023-004363,2023-01-17,2023-01-22,CU-1449,Corporate,West,Office Supplies,Art,Newell 312 Mechanical Pencil,2,0.0,17.88,-15.76
CA-2023-004364,2023-08-26,2023-08-30,CU-1461,Corporate,South,Office Supplies,Paper,Hammermill Copy Plus Paper,1,0.0,41.56,-8.59
CA-2024-004365,2024-11-01,2024-11-08,CU-1982,Corporate,South,Office Supplies,Paper,Xerox Premium Multipurpose Paper,1,0.0,52.9,-2.59
CA-2024-004366,2024-09-07,2024-09-11,CU-1256,Corporate,West,Office Supplies,Binders,GBC DocuBind TL300 Electric Binding System,1,0.15,789.82,68.61
CA-2024-004367,2024-05-09,2024-05-12,CU-1466,Corporate,South,Furniture,Bookcases,Bush Westfield Collection Bookcase,2,0.0,1066.87,84.86
CA-2024-004368,2024-01-28,2024-02-04,CU-1852,Home Office,West,Office Supplies,Binders,GBC Ibimaster 500 Manual ProClick Binding System,3,0.1,2360.34,354.89
CA-2023-004369,2023-12-07,2023-12-10,CU-1191,Home Office,Central,Office Supplies,Art,Newell 312 Mechanical Pencil,3,0.0,31.23,-10.77
CA-2024-004370,2024-10-16,2024-10-23,CU-1116,Corporate,East,Office Supplies,Binders,Fellowes PB500 Electric Punch Plastic Comb Binding Machine with Manual Bind,1,0.1,1157.82,182.27
CA-2024-004371,2024-01-24,2024-01-27,CU-1283,Corporate,East,Office Supplies,Art,Newell 312 Mechanical Pencil,1,0.0,9.71,-19.46
CA-2023-004372,2023-10-25,2023-10-29,CU-1624,Consumer,East,Technology,Accessories,Logitech MX Master Wireless Mouse,2,0.15,256.64,22.51
CA-2023-004373,2023-02-26,2023-03-05,CU-1897,Home Office,South,Technology,Machines,HP LaserJet Pro M404n Printer,1,0.0,404.08,82.5
CA-2024-004374,2024-09-19,2024-09-23,CU-1830,Consumer,East,Office Supplies,Storage,Fellowes Bankers Box Heavy-Duty Storage Boxes,3,0.1,241.04,40.14
CA-2024-004375,2024-12-21,2024-12-22,CU-1333,Home Office,West,Office Supplies,Envelopes,Avery Self-Adhesive Address Labels,3,0.0,67.18,5.74
CA-2024-004376,2024-05-31,2024-06-06,CU-1872,Corporate,East,Furniture,Furnishings,DAX Two-Tone Rosewood/Black Document Frame,1,0.1,37.05,-15.92
CA-2023-004377,2023-02-18,2023-02-23,CU-1888,Corporate,West,Furniture,Bookcases,Sauder Camden County Barrister Bookcase,1,0.1,673.6,1.7
CA-2024-004378,2024-02-26,2024-02-27,CU-1343,Consumer,Central,Office Supplies,Envelopes,Avery Self-Adhesive Address Labels,2,0.3,31.03,-16.87
CA-2024-004379,2024-12-03,2024-12-09,CU-1409,Consumer,Central,Furniture,Furnishings,Eldon Image Series Desk Accessories,5,0.1,296.06,53.45
CA-2024-004380,2024-12-03,2024-12-04,CU-1414,Corporate,East,Office Supplies,Binders,Fellowes PB500 Electric Punch Plastic Comb Binding Machine with Manual Bind,1,0.0,1253.85,334.67
CA-2024-004381,2024-04-04,2024-04-09,CU-1080,Home Office,South,Technology,Accessories,Logitech G910 Mechanical Keyboard,1,0.0,257.91,44.28
CA-2024-004382,2024-03-11,2024-03-15,CU-1980,Home Office,West,Technology,Accessories,Logitech MX Master Wireless Mouse,1,0.0,164.88,30.07
CA-2023-004383,2023-06-18,2023-06-21,CU-1867,Home Office,West,Technology,Accessories,SanDisk Ultra 64GB USB Flash Drive,1,0.0,34.68,-12.0
CA-2024-004384,2024-11-17,2024-11-18,CU-1783,Consumer,Central,Technology,Machines,HP LaserJet Pro M404n Printer,2,0.0,826.29,188.43
CA-2024-004385,2024-01-09,2024-01-11,CU-1891,Home Office,South,Office Supplies,Supplies,Stanley Bostitch Heavy-Duty Stapler,1,0.1,47.29,-12.46
CA-2023-004386,2023-02-04,2023-02-11,CU-1046,Corporate,West,Office Supplies,Paper,Hammermill Copy Plus Paper,2,0.0,76.55,3.29
CA-2024-004387,2024-04-04,2024-04-06,CU-1460,Consumer,East,Office Supplies,Binders,GBC DocuBind TL300 Electric Binding System,1,0.0,940.82,163.7
CA-2024-004388,2024-05-10,2024-05-17,CU-1789,Consumer,Central,Office Supplies,Storage,Tennsco Industrial Steel Shelving,4,0.0,1435.27,385.36
CA-2023-004389,2023-10-23,2023-10-29,CU-1891,Corporate,East,Office Supplies,Envelopes,Avery Self-Adhesive Address Labels,1,0.0,20.59,-15.67
CA-2024-004390,2024-08-02,2024-08-03,CU-1699,Home Office,East,Technology,Accessories,Belkin 8-Outlet Surge Protector,1,0.0,74.47,-2.69
CA-2024-004391,2024-03-11,2024-03-18,CU-1404,Corporate,South,Furniture,Bookcases,Sauder Camden County Barrister Bookcase,1,0.0,701.7,15.34
CA-2024-004392,2024-11-13,2024-11-17,CU-1364,Corporate,East,Furniture,Chairs,HON 5400 Series Task Chairs for Big and Tall,1,0.0,1125.14,165.12
CA-2023-004393,2023-12-01,2023-12-04,CU-1452,Corporate,East,Technology,Phones,Polycom CX600 IP Phone,1,0.2,345.98,1.55
CA-2023-004394,2023-12-29,2023-12-30,CU-1629,Home Office,Central,Furniture,Furnishings,Eldon Image Series Desk Accessories,1,0.1,63.04,-5.44
CA-2023-004395,2023-01-27,2023-02-02,CU-1496,Home Office,South,Office Supplies,Art,Newell 312 Mechanical Pencil,1,0.0,9.5,-19.84
CA-2024-004396,2024-01-04,2024-01-11,CU-1016,Corporate,Central,Office Supplies,Appliances,Hoover Commercial Lightweight Vacuum,1,0.0,443.37,80.43
CA-2024-004397,2024-01-14,2024-01-15,CU-1415,Corporate,Central,Technology,Accessories,SanDisk Ultra 64GB USB Flash Drive,2,0.2,50.15,-14.88
CA-2024-004398,2024-06-19,2024-06-25,CU-1644,Corporate,West,Technology,Accessories,Logitech MX Master Wireless Mouse,2,0.15,255.79,32.6
CA-2023-004399,2023-04-02,2023-04-04,CU-1043,Consumer,South,Office Supplies,Fasteners,OIC Heavy-Duty Binder Clips,1,0.0,6.84,-20.54
CA-2023-004400,2023-12-10,2023-12-15,CU-1023,Corporate,Central,Furniture,Furnishings,Eldon Image Series Desk Accessories,4,0.1,223.81,43.27
CA-2024-004401,2024-10-28,2024-11-01,CU-1756,Home Office,Central,Office Supplies,Storage,Fellowes Bankers Box Heavy-Duty Storage Boxes,2,0.1,154.72,18.18
CA-2024-004402,2024-11-25,2024-11-27,CU-1891,Consumer,South,Technology,Accessories,SanDisk Ultra 64GB USB Flash Drive,1,0.1,28.73,-16.45
CA-2024-004403,2024-01-07,2024-01-10,CU-1241,Corporate,Central,Technology,Accessories,SanDisk Ultra 64GB USB Flash Drive,3,0.0,89.46,6.38
CA-2023-004404,2023-10-31,2023-11-07,CU-1645,Home Office,West,Office Supplies,Fasteners,OIC Heavy-Duty Binder Clips,1,0.0,6.81,-20.32
CA-2024-004405,2024-02-16,2024-02-22,CU-1216,Home Office,Central,Furniture,Bookcases,Bush Westfield Collection Bookcase,2,0.15,993.1,-13.17
CA-2023-004406,2023-10-07,2023-10-13,CU-1427,Corporate,East,Technology,Machines,HP LaserJet Pro M404n Printer,3,0.1,1168.36,214.37
CA-2023-004407,2023-11-20,2023-11-21,CU-1593,Home Office,West,Furniture,Furnishings,Eldon Image Series Desk Accessories,2,0.0,138.58,19.63
CA-2023-004408,2023-08-04,2023-08-05,CU-1992,Corporate,Central,Office Supplies,Art,Newell 312 Mechanical Pencil,1,0.1,9.36,-19.96
CA-2023-004409,2023-08-17,2023-08-18,CU-1562,Consumer,South,Furniture,Bookcases,Bush Westfield Collection Bookcase,2,0.0,1142.96,129.66
CA-2023-004410,2023-02-25,2023-02-26,CU-1449,Consumer,Central,Office Supplies,Paper,Xerox Premium Multipurpose Paper,1,0.2,40.5,-13.67
CA-2023-004411,2023-06-08,2023-06-15,CU-1404,Consumer,East,Office Supplies,Paper,Xerox Premium Multipurpose Paper,1,0.0,50.8,-3.56
CA-2024-004412,2024-08-21,2024-08-24,CU-1372,Consumer,Central,Furniture,Bookcases,Sauder Camden County Barrister Bookcase,2,0.1,1376.48,2.34
CA-2024-004413,2024-10-08,2024-10-13,CU-1225,Consumer,South,Office Supplies,Fasteners,OIC Heavy-Duty Binder Clips,2,0.0,13.22,-17.56
CA-2024-004414,2024-05-22,2024-05-23,CU-1084,Corporate,South,Furniture,Bookcases,Sauder Camden County Barrister Bookcase,1,0.0,694.07,56.27
CA-2024-004415,2024-04-03,2024-04-04,CU-1189,Corporate,South,Furniture,Furnishings,DAX Two-Tone Rosewood/Black Document Frame,1,0.15,33.66,-17.88
CA-2023-004416,2023-10-18,2023-10-21,CU-1756,Home Office,South,Office Supplies,Labels,"Avery 5"" x 8"" Label",1,0.1,16.23,-17.34
CA-2024-004417,2024-01-13,2024-01-16,CU-1954,Home Office,West,Office Supplies,Binders,GBC Ibimaster 500 Manual ProClick Binding System,2,0.1,1562.03,236.68
CA-2024-004418,2024-07-25,2024-07-26,CU-1830,Home Office,East,Furniture,Bookcases,Bush Westfield Collection Bookcase,1,0.15,446.0,-6.84
CA-2024-004419,2024-03-30,2024-04-01,CU-1486,Home Office,West,Office Supplies,Envelopes,Avery Self-Adhesive Address Labels,4,0.1,77.09,1.85
CA-2023-004420,2023-01-03,2023-01-09,CU-1781,Corporate,Central,Technology,Accessories,SanDisk Ultra 64GB USB Flash Drive,1,0.1,28.25,-17.09
CA-2023-004421,2023-06-24,2023-06-28,CU-1394,Consumer,East,Office Supplies,Labels,"Avery 5"" x 8"" Label",1,0.0,16.63,-16.77
CA-2023-004422,2023-05-27,2023-06-03,CU-1125,Home Office,South,Office Supplies,Storage,Tennsco Industrial Steel Shelving,2,0.15,571.18,62.06
CA-2023-004423,2023-12-19,2023-12-20,CU-1643,Corporate,East,Technology,Accessories,Belkin 8-Outlet Surge Protector,2,0.0,174.9,30.27
CA-2024-004424,2024-05-07,2024-05-10,CU-1280,Home Office,East,Technology,Copiers,Canon imageCLASS 2200 Advanced Copier,1,0.0,2270.03,659.04
CA-2024-004425,2024-12-14,2024-12-15,CU-1708,Home Office,East,Office Supplies,Paper,Hammermill Copy Plus Paper,1,0.0,39.06,-9.65
CA-2024-004426,2024-11-03,2024-11-08,CU-1481,Consumer,West,Furniture,Chairs,Global Deluxe High-Back Manager's Chair,1,0.0,651.58,62.19
CA-2023-004427,2023-09-11,2023-09-13,CU-1298,Corporate,South,Technology,Accessories,Logitech G910 Mechanical Keyboard,1,0.0,285.53,54.44
CA-2024-004428,2024-06-02,2024-06-09,CU-1992,Corporate,West,Office Supplies,Art,Newell 312 Mechanical Pencil,1,0.1,8.32,-20.72
CA-2023-004429,2023-10-29,2023-11-03,CU-1074,Consumer,West,Office Supplies,Labels,"Avery 5"" x 8"" Label",5,0.0,90.31,13.63
CA-2024-004430,2024-05-15,2024-05-18,CU-1412,Corporate,South,Office Supplies,Fasteners,OIC Heavy-Duty Binder Clips,1,0.3,4.93,-22.21
CA-2024-004431,2024-12-27,2025-01-03,CU-1432,Corporate,East,Office Supplies,Envelopes,Avery Self-Adhesive Address Labels,3,0.2,51.56,-8.81
CA-2023-004432,2023-07-11,2023-07-12,CU-1109,Corporate,West,Technology,Machines,Zebra ZP 450 Thermal Label Printer,1,0.2,429.1,8.94
CA-2024-004433,2024-09-03,2024-09-04,CU-1193,Consumer,Central,Office Supplies,Storage,Fellowes Bankers Box Heavy-Duty Storage Boxes,1,0.2,71.58,-9.38
CA-2024-004434,2024-10-31,2024-11-03,CU-1407,Corporate,South,Technology,Accessories,SanDisk Ultra 64GB USB Flash Drive,2,0.2,48.24,-16.11
CA-2024-004435,2024-07-07,2024-07-14,CU-1611,Consumer,South,Office Supplies,Binders,Fellowes PB500 Electric Punch Plastic Comb Binding Machine with Manual Bind,1,0.0,1224.56,244.94
CA-2023-004436,2023-07-18,2023-07-19,CU-1557,Consumer,South,Technology,Phones,Polycom CX600 IP Phone,1,0.2,354.05,-0.85
CA-2024-004437,2024-05-11,2024-05-13,CU-1386,Corporate,Central,Furniture,Tables,Bretford Rectangular Conference Table,1,0.0,1868.09,91.41
CA-2024-004438,2024-05-27,2024-05-31,CU-1973,Consumer,West,Technology,Accessories,Belkin 8-Outlet Surge Protector,1,0.0,74.85,-3.55
CA-2024-004439,2024-10-30,2024-11-01,CU-1148,Corporate,Central,Technology,Accessories,SanDisk Ultra 64GB USB Flash Drive,1,0.2,26.23,-18.42
CA-2024-004440,2024-10-15,2024-10-22,CU-1101,Consumer,South,Office Supplies,Art,Newell 312 Mechanical Pencil,2,0.15,17.46,-16.96
CA-2023-004441,2023-02-14,2023-02-18,CU-1864,Home Office,West,Technology,Accessories,Logitech MX Master Wireless Mouse,1,0.0,150.22,25.58
CA-2024-004442,2024-10-29,2024-10-30,CU-1626,Corporate,South,Office Supplies,Paper,Xerox Premium Multipurpose Paper,2,0.2,76.29,-2.13
CA-2023-004443,2023-07-08,2023-07-15,CU-1219,Corporate,Central,Office Supplies,Storage,Tennsco Industrial Steel Shelving,1,0.0,346.49,79.52
CA-2024-004444,2024-02-05,2024-02-10,CU-1231,Corporate,East,Furniture,Bookcases,Sauder Camden County Barrister Bookcase,2,0.0,1364.96,79.04
CA-2023-004445,2023-02-25,2023-03-02,CU-1199,Home Office,Central,Office Supplies,Labels,"Avery 5"" x 8"" Label",1,0.2,14.83,-19.05
CA-2024-004446,2024-09-09,2024-09-11,CU-1407,Consumer,West,Office Supplies,Binders,Fellowes PB500 Electric Punch Plastic Comb Binding Machine with Manual Bind,1,0.15,1177.91,154.31
CA-2023-004447,2023-01-08,2023-01-14,CU-1914,Home Office,West,Technology,Accessories,Logitech G910 Mechanical Keyboard,2,0.0,511.33,132.58
CA-2024-004448,2024-09-30,2024-10-05,CU-1233,Home Office,Central,Office Supplies,Labels,"Avery 5"" x 8"" Label",3,0.1,44.13,-8.29
CA-2023-004449,2023-12-05,2023-12-07,CU-1695,Consumer,South,Technology,Accessories,Logitech MX Master Wireless Mouse,2,0.0,303.78,66.11
CA-2023-004450,2023-09-20,2023-09-21,CU-1866,Corporate,West,Technology,Phones,Polycom CX600 IP Phone,2,0.15,671.52,46.43
CA-2024-004451,2024-01-12,2024-01-15,CU-1274,Corporate,Central,Furniture,Bookcases,Bush Westfield Collection Bookcase,1,0.0,589.96,40.35
CA-2023-004452,2023-02-28,2023-03-04,CU-1438,Consumer,West,Technology,Accessories,Belkin 8-Outlet Surge Protector,3,0.1,228.56,22.19
CA-2024-004453,2024-02-25,2024-03-01,CU-1374,Home Office,Central,Technology,Accessories,Belkin 8-Outlet Surge Protector,1,0.15,67.31,-10.35
CA-2023-004454,2023-10-14,2023-10-21,CU-1759,Corporate,West,Furniture,Bookcases,Sauder Camden County Barrister Bookcase,1,0.0,691.32,4.52
CA-2023-004455,2023-02-02,2023-02-07,CU-1899,Consumer,East,Office Supplies,Envelopes,Avery Self-Adhesive Address Labels,2,0.0,46.59,-5.83
CA-2024-004456,2024-01-07,2024-01-12,CU-1383,Home Office,West,Office Supplies,Labels,"Avery 5"" x 8"" Label",1,0.0,16.89,-16.05
CA-2024-004457,2024-08-17,2024-08-21,CU-1632,Home Office,East,Furniture,Furnishings,Eldon Image Series Desk Accessories,1,0.0,65.35,-3.16
CA-2023-004458,2023-08-02,2023-08-05,CU-1392,Consumer,East,Technology,Machines,Zebra ZP 450 Thermal Label Printer,3,0.0,1685.09,388.55
CA-2023-004459,2023-03-21,2023-03-25,CU-1119,Corporate,Central,Office Supplies,Supplies,Stanley Bostitch Heavy-Duty Stapler,1,0.0,59.5,-7.34
CA-2023-004460,2023-10-27,2023-10-28,CU-1707,Corporate,Central,Furniture,Tables,Hon Every-Day Round Conference Table,4,0.0,5119.82,478.0
CA-2024-004461,2024-09-08,2024-09-15,CU-1112,Home Office,South,Office Supplies,Envelopes,Avery Self-Adhesive Address Labels,1,0.2,16.93,-19.04
CA-2023-004462,2023-01-30,2023-02-04,CU-1340,Corporate,West,Office Supplies,Binders,GBC Ibimaster 500 Manual ProClick Binding System,3,0.0,2585.15,546.31
CA-2023-004463,2023-08-27,2023-09-02,CU-1483,Corporate,East,Office Supplies,Paper,Xerox Premium Multipurpose Paper,3,0.3,105.94,-1.69
CA-2024-004464,2024-01-06,2024-01-08,CU-1950,Home Office,West,Furniture,Furnishings,Eldon Image Series Desk Accessories,1,0.2,49.85,-13.68
CA-2024-004465,2024-05-05,2024-05-06,CU-1171,Consumer,South,Office Supplies,Binders,GBC DocuBind TL300 Electric Binding System,1,0.1,790.33,89.59
CA-2024-004466,2024-04-01,2024-04-05,CU-1510,Corporate,East,Office Supplies,Paper,Hammermill Copy Plus Paper,1,0.0,37.99,-9.55
CA-2023-004467,2023-06-04,2023-06-06,CU-1710,Home Office,South,Office Supplies,Labels,"Avery 5"" x 8"" Label",3,0.1,48.85,-4.02
CA-2023-004468,2023-06-17,2023-06-21,CU-1931,Home Office,Central,Technology,Machines,HP LaserJet Pro M404n Printer,1,0.0,443.94,87.08
CA-2024-004469,2024-02-15,2024-02-22,CU-1980,Consumer,Central,Office Supplies,Supplies,Stanley Bostitch Heavy-Duty Stapler,3,0.0,182.49,28.2
CA-2023-004470,2023-03-10,2023-03-13,CU-1373,Corporate,West,Technology,Accessories,Logitech G910 Mechanical Keyboard,1,0.0,275.4,53.24
CA-2024-004471,2024-03-26,2024-03-28,CU-1917,Home Office,South,Office Supplies,Binders,GBC Ibimaster 500 Manual ProClick Binding System,2,0.0,1501.32,305.33
CA-2023-004472,2023-04-05,2023-04-10,CU-1966,Corporate,Central,Furniture,Furnishings,DAX Two-Tone Rosewood/Black Document Frame,1,0.0,42.07,-11.91
CA-2024-004473,2024-07-09,2024-07-12,CU-1814,Consumer,West,Office Supplies,Appliances,Hoover Commercial Lightweight Vacuum,3,0.0,1293.34,195.7
CA-2024-004474,2024-02-17,2024-02-18,CU-1688,Consumer,West,Office Supplies,Paper,Hammermill Copy Plus Paper,1,0.0,44.13,-8.49
CA-2023-004475,2023-08-07,2023-08-12,CU-1465,Consumer,Central,Furniture,Chairs,Global Deluxe High-Back Manager's Chair,1,0.2,507.85,2.52
CA-2023-004476,2023-09-08,2023-09-11,CU-1065,Home Office,Central,Office Supplies,Appliances,Hoover Commercial Lightweight Vacuum,1,0.2,372.81,-8.61
CA-2024-004477,2024-11-12,2024-11-19,CU-1408,Home Office,Central,Technology,Accessories,Belkin 8-Outlet Surge Protector,4,0.2,250.23,8.73
CA-2024-004478,2024-12-27,2025-01-03,CU-1890,Corporate,East,Office Supplies,Paper,Hammermill Copy Plus Paper,3,0.0,119.44,17.89
CA-2023-004479,2023-10-05,2023-10-12,CU-1125,Corporate,West,Office Supplies,Labels,"Avery 5"" x 8"" Label",1,0.1,17.33,-17.89
CA-2023-004480,2023-11-21,2023-11-24,CU-1129,Consumer,Central,Office Supplies,Fasteners,OIC Heavy-Duty Binder Clips,4,0.0,28.53,-9.56
CA-2024-004481,2024-10-21,2024-10-25,CU-1942,Home Office,South,Furniture,Furnishings,DAX Two-Tone Rosewood/Black Document Frame,3,0.0,114.63,6.64
CA-2024-004482,2024-02-14,2024-02-15,CU-1718,Corporate,East,Furniture,Chairs,Global Deluxe High-Back Manager's Chair,3,0.2,1570.66,-11.61
CA-2023-004483,2023-09-01,2023-09-04,CU-1293,Corporate,South,Furniture,Bookcases,Sauder Camden County Barrister Bookcase,1,0.0,653.89,41.69
CA-2023-004484,2023-11-29,2023-12-01,CU-1811,Corporate,Central,Technology,Accessories,SanDisk Ultra 64GB USB Flash Drive,1,0.2,27.15,-18.96
CA-2024-004485,2024-03-16,2024-03-17,CU-1487,Home Office,Central,Technology,Accessories,SanDisk Ultra 64GB USB Flash Drive,2,0.0,60.3,-2.75
CA-2023-004486,2023-08-18,2023-08-24,CU-1775,Home Office,Central,Office Supplies,Labels,"Avery 5"" x 8"" Label",2,0.1,33.54,-10.79
CA-2024-004487,2024-05-23,2024-05-28,CU-1700,Home Office,South,Office Supplies,Envelopes,Avery Self-Adhesive Address Labels,2,0.1,40.12,-9.19
CA-2024-004488,2024-04-08,2024-04-14,CU-1280,Consumer,South,Office Supplies,Paper,Xerox Premium Multipurpose Paper,1,0.15,44.15,-8.49
CA-2024-004489,2024-10-11,2024-10-18,CU-1273,Home Office,East,Office Supplies,Storage,Tennsco Industrial Steel Shelving,2,0.0,751.58,155.91
CA-2024-004490,2024-01-16,2024-01-22,CU-1035,Consumer,West,Technology,Accessories,Belkin 8-Outlet Surge Protector,3,0.0,240.73,45.49
CA-2024-004491,2024-05-29,2024-06-05,CU-1861,Home Office,West,Office Supplies,Paper,Xerox Premium Multipurpose Paper,3,0.0,147.92,37.25
CA-2023-004492,2023-11-24,2023-11-25,CU-1765,Consumer,South,Furniture,Bookcases,Bush Westfield Collection Bookcase,1,0.1,502.73,-10.51
CA-2024-004493,2024-09-28,2024-10-02,CU-1173,Home Office,Central,Office Supplies,Art,Newell 312 Mechanical Pencil,2,0.0,17.55,-15.82
CA-2023-004494,2023-12-02,2023-12-08,CU-1156,Home Office,Central,Technology,Accessories,SanDisk Ultra 64GB USB Flash Drive,4,0.0,126.5,20.85
CA-2024-004495,2024-06-27,2024-06-30,CU-1758,Home Office,East,Office Supplies,Paper,Hammermill Copy Plus Paper,1,0.0,38.03,-8.08
CA-2023-004496,2023-10-22,2023-10-23,CU-1831,Home Office,West,Office Supplies,Paper,Hammermill Copy Plus Paper,2,0.0,80.44,5.19
CA-2023-004497,2023-07-01,2023-07-07,CU-1753,Home Office,Central,Office Supplies,Art,Newell 312 Mechanical Pencil,2,0.2,14.07,-18.71
CA-2024-004498,2024-02-08,2024-02-13,CU-1471,Home Office,South,Technology,Accessories,SanDisk Ultra 64GB USB Flash Drive,1,0.0,35.15,-11.74
CA-2024-004499,2024-09-09,2024-09-11,CU-1083,Consumer,South,Furniture,Furnishings,DAX Two-Tone Rosewood/Black Document Frame,1,0.15,33.02,-17.65
CA-2024-004500,2024-02-04,2024-02-08,CU-1871,Corporate,West,Office Supplies,Art,Newell 312 Mechanical Pencil,1,0.15,8.47,-21.04
CA-2023-004501,2023-05-07,2023-05-11,CU-1285,Consumer,West,Technology,Accessories,Logitech G910 Mechanical Keyboard,1,0.0,287.86,47.31
CA-2024-004502,2024-10-30,2024-11-05,CU-1883,Corporate,East,Office Supplies,Art,Newell 312 Mechanical Pencil,1,0.0,9.59,-19.42
CA-2023-004503,2023-04-14,2023-04-20,CU-1608,Consumer,West,Furniture,Furnishings,DAX Two-Tone Rosewood/Black Document Frame,2,0.0,79.06,-3.11
CA-2023-004504,2023-09-25,2023-09-26,CU-1350,Consumer,South,Office Supplies,Paper,Xerox Premium Multipurpose Paper,1,0.0,53.62,-3.36
CA-2024-004505,2024-08-03,2024-08-05,CU-1826,Consumer,South,Office Supplies,Fasteners,OIC Heavy-Duty Binder Clips,3,0.0,21.54,-12.43
CA-2024-004506,2024-01-03,2024-01-09,CU-1621,Consumer,West,Technology,Accessories,Belkin 8-Outlet Surge Protector,2,0.0,165.57,28.66
CA-2023-004507,2023-10-30,2023-11-05,CU-1533,Home Office,Central,Technology,Accessories,SanDisk Ultra 64GB USB Flash Drive,1,0.0,31.61,-14.66
CA-2024-004508,2024-03-08,2024-03-14,CU-1104,Home Office,Central,Technology,Accessories,SanDisk Ultra 64GB USB Flash Drive,1,0.1,27.08,-17.24
CA-2023-004509,2023-09-03,2023-09-09,CU-1692,Consumer,East,Technology,Machines,Zebra ZP 450 Thermal Label Printer,1,0.0,488.14,100.9
CA-2023-004510,2023-09-24,2023-09-28,CU-1749,Consumer,East,Technology,Machines,HP LaserJet Pro M404n Printer,1,0.0,433.88,72.9
CA-2023-004511,2023-08-05,2023-08-07,CU-1495,Consumer,South,Technology,Accessories,Belkin 8-Outlet Surge Protector,1,0.0,76.45,-5.33
CA-2024-004512,2024-12-21,2024-12-28,CU-1212,Home Office,Central,Technology,Accessories,SanDisk Ultra 64GB USB Flash Drive,1,0.15,28.92,-17.06
CA-2023-004513,2023-09-12,2023-09-16,CU-1210,Corporate,East,Office Supplies,Binders,Fellowes PB500 Electric Punch Plastic Comb Binding Machine with Manual Bind,1,0.0,1418.71,382.86
CA-2023-004514,2023-05-07,2023-05-09,CU-1384,Home Office,Central,Office Supplies,Storage,Tennsco Industrial Steel Shelving,1,0.15,314.19,21.63
CA-2024-004515,2024-06-12,2024-06-13,CU-1237,Consumer,West,Office Supplies,Fasteners,OIC Heavy-Duty Binder Clips,3,0.0,18.4,-15.28
CA-2024-004516,2024-07-10,2024-07-13,CU-1003,Consumer,West,Furniture,Furnishings,Eldon Image Series Desk Accessories,2,0.1,125.43,9.95
CA-2024-004517,2024-10-15,2024-10-18,CU-1228,Consumer,West,Technology,Machines,HP LaserJet Pro M404n Printer,1,0.1,354.35,29.22
CA-2023-004518,2023-03-04,2023-03-10,CU-1031,Corporate,West,Furniture,Bookcases,Bush Westfield Collection Bookcase,1,0.0,595.44,38.66
CA-2023-004519,2023-01-16,2023-01-17,CU-1133,Consumer,South,Office Supplies,Storage,Fellowes Bankers Box Heavy-Duty Storage Boxes,1,0.0,90.98,5.28
CA-2024-004520,2024-07-19,2024-07-25,CU-1578,Home Office,East,Technology,Phones,Polycom CX600 IP Phone,1,0.0,425.88,63.36
CA-2024-004521,2024-06-13,2024-06-16,CU-1605,Home Office,East,Office Supplies,Binders,GBC DocuBind TL300 Electric Binding System,4,0.1,3477.39,530.32
CA-2023-004522,2023-12-15,2023-12-20,CU-1301,Consumer,South,Office Supplies,Art,Newell 312 Mechanical Pencil,1,0.0,10.44,-19.25
CA-2023-004523,2023-08-29,2023-08-31,CU-1505,Consumer,West,Office Supplies,Supplies,Stanley Bostitch Heavy-Duty Stapler,1,0.0,55.23,-6.52
CA-2023-004524,2023-08-07,2023-08-14,CU-1713,Consumer,Central,Furniture,Tables,Hon Every-Day Round Conference Table,1,0.1,1372.3,55.0
CA-2024-004525,2024-08-27,2024-08-30,CU-1861,Consumer,South,Office Supplies,Storage,Fellowes Bankers Box Heavy-Duty Storage Boxes,1,0.1,79.6,-1.75
CA-2024-004526,2024-12-02,2024-12-03,CU-1220,Corporate,East,Furniture,Bookcases,Bush Westfield Collection Bookcase,1,0.0,557.86,55.28
CA-2023-004527,2023-01-29,2023-02-02,CU-1941,Corporate,East,Technology,Phones,Polycom CX600 IP Phone,1,0.0,380.42,29.82
CA-2023-004528,2023-02-16,2023-02-20,CU-1305,Consumer,South,Technology,Accessories,Logitech MX Master Wireless Mouse,1,0.0,155.8,28.75
CA-2024-004529,2024-03-17,2024-03-22,CU-1062,Corporate,South,Furniture,Furnishings,Eldon Image Series Desk Accessories,1,0.0,70.95,3.34
CA-2023-004530,2023-05-18,2023-05-23,CU-1962,Corporate,Central,Office Supplies,Fasteners,OIC Heavy-Duty Binder Clips,1,0.1,5.69,-21.24
CA-2023-004531,2023-05-13,2023-05-14,CU-1353,Corporate,Central,Technology,Accessories,Belkin 8-Outlet Surge Protector,5,0.2,339.27,17.75
CA-2023-004532,2023-08-28,2023-08-31,CU-1618,Corporate,South,Office Supplies,Labels,"Avery 5"" x 8"" Label",2,0.0,38.47,-8.2
CA-2023-004533,2023-10-12,2023-10-15,CU-1551,Consumer,West,Office Supplies,Paper,Hammermill Copy Plus Paper,4,0.0,180.06,47.37
CA-2023-004534,2023-09-27,2023-09-30,CU-1370,Consumer,South,Technology,Machines,HP LaserJet Pro M404n Printer,1,0.0,380.77,81.44
CA-2024-004535,2024-12-08,2024-12-14,CU-1049,Consumer,West,Office Supplies,Storage,Fellowes Bankers Box Heavy-Duty Storage Boxes,1,0.3,56.6,-14.66
CA-2024-004536,2024-10-23,2024-10-27,CU-1024,Consumer,East,Technology,Accessories,SanDisk Ultra 64GB USB Flash Drive,2,0.1,55.8,-7.48
CA-2023-004537,2023-09-21,2023-09-28,CU-1396,Home Office,West,Office Supplies,Fasteners,OIC Heavy-Duty Binder Clips,1,0.0,6.93,-20.41
CA-2023-004538,2023-01-20,2023-01-25,CU-1531,Corporate,Central,Office Supplies,Binders,GBC Ibimaster 500 Manual ProClick Binding System,1,0.15,746.23,49.79
CA-2023-004539,2023-02-20,2023-02-21,CU-1367,Corporate,West,Furniture,Chairs,HON 5400 Series Task Chairs for Big and Tall,1,0.0,1073.08,148.22
CA-2024-004540,2024-01-30,2024-02-04,CU-1369,Corporate,Central,Technology,Accessories,SanDisk Ultra 64GB USB Flash Drive,1,0.3,24.0,-20.82
CA-2023-004541,2023-10-16,2023-10-21,CU-1432,Consumer,Central,Office Supplies,Envelopes,Avery Self-Adhesive Address Labels,1,0.0,21.86,-15.03
CA-2023-004542,2023-07-17,2023-07-22,CU-1114,Consumer,Central,Furniture,Chairs,HON 5400 Series Task Chairs for Big and Tall,1,0.0,956.26,185.55
CA-2024-004543,2024-01-29,2024-02-01,CU-1337,Home Office,Central,Technology,Accessories,Logitech G910 Mechanical Keyboard,2,0.0,548.25,123.84
CA-2023-004544,2023-11-12,2023-11-14,CU-1794,Corporate,South,Technology,Phones,Polycom CX600 IP Phone,4,0.0,1753.79,340.94
CA-2023-004545,2023-03-14,2023-03-20,CU-1739,Home Office,West,Office Supplies,Paper,Hammermill Copy Plus Paper,1,0.2,32.99,-14.6
CA-2023-004546,2023-07-13,2023-07-20,CU-1795,Consumer,East,Technology,Accessories,SanDisk Ultra 64GB USB Flash Drive,3,0.1,90.7,2.55
CA-2023-004547,2023-05-05,2023-05-10,CU-1423,Home Office,South,Office Supplies,Paper,Hammermill Copy Plus Paper,1,0.0,39.93,-9.11
CA-2023-004548,2023-10-27,2023-10-30,CU-1924,Consumer,South,Office Supplies,Paper,Xerox Premium Multipurpose Paper,1,0.0,55.81,-1.55
CA-2024-004549,2024-11-30,2024-12-03,CU-1887,Consumer,East,Office Supplies,Binders,GBC Ibimaster 500 Manual ProClick Binding System,2,0.0,1627.01,337.01
CA-2024-004550,2024-03-30,2024-04-05,CU-1729,Home Office,East,Technology,Accessories,Logitech MX Master Wireless Mouse,4,0.1,561.81,110.64
CA-2024-004551,2024-08-15,2024-08-19,CU-1854,Corporate,South,Office Supplies,Supplies,Stanley Bostitch Heavy-Duty Stapler,1,0.1,52.47,-12.28
CA-2023-004552,2023-01-21,2023-01-22,CU-1918,Corporate,East,Office Supplies,Envelopes,Avery Self-Adhesive Address Labels,1,0.0,23.18,-14.08
CA-2024-004553,2024-08-16,2024-08-18,CU-1018,Home Office,West,Office Supplies,Fasteners,OIC Heavy-Duty Binder Clips,1,0.1,6.3,-21.13
CA-2023-004554,2023-09-07,2023-09-11,CU-1585,Corporate,East,Office Supplies,Paper,Xerox Premium Multipurpose Paper,2,0.15,86.59,1.26
CA-2024-004555,2024-04-08,2024-04-13,CU-1875,Home Office,West,Furniture,Chairs,HON 5400 Series Task Chairs for Big and Tall,1,0.15,855.34,57.4
CA-2023-004556,2023-05-06,2023-05-10,CU-1442,Corporate,West,Technology,Accessories,Logitech MX Master Wireless Mouse,1,0.0,160.76,28.28
CA-2023-004557,2023-02-28,2023-03-06,CU-1858,Corporate,East,Office Supplies,Fasteners,OIC Heavy-Duty Binder Clips,2,0.1,12.81,-18.6
CA-2023-004558,2023-12-17,2023-12-22,CU-1865,Consumer,South,Office Supplies,Fasteners,OIC Heavy-Duty Binder Clips,2,0.0,13.15,-17.24
CA-2024-004559,2024-03-06,2024-03-13,CU-1446,Home Office,East,Furniture,Furnishings,DAX Two-Tone Rosewood/Black Document Frame,1,0.0,42.3,-10.03
CA-2024-004560,2024-08-28,2024-09-03,CU-1803,Corporate,West,Office Supplies,Fasteners,OIC Heavy-Duty Binder Clips,5,0.0,34.19,-5.82
CA-2024-004561,2024-05-07,2024-05-14,CU-1967,Consumer,East,Technology,Machines,HP LaserJet Pro M404n Printer,1,0.0,409.85,85.87
CA-2024-004562,2024-01-09,2024-01-15,CU-1036,Home Office,South,Office Supplies,Binders,Fellowes PB500 Electric Punch Plastic Comb Binding Machine with Manual Bind,1,0.0,1277.56,307.53
CA-2024-004563,2024-04-14,2024-04-21,CU-1928,Corporate,South,Office Supplies,Storage,Fellowes Bankers Box Heavy-Duty Storage Boxes,1,0.3,58.9,-16.78
CA-2024-004564,2024-01-01,2024-01-04,CU-1770,Home Office,West,Office Supplies,Supplies,Stanley Bostitch Heavy-Duty Stapler,2,0.1,99.04,2.52
CA-2023-004565,2023-08-04,2023-08-06,CU-1341,Consumer,South,Technology,Accessories,Belkin 8-Outlet Surge Protector,2,0.3,103.64,-10.17
CA-2023-004566,2023-08-09,2023-08-16,CU-1640,Home Office,East,Technology,Copiers,Canon imageCLASS 2200 Advanced Copier,1,0.0,2307.58,600.21
CA-2024-004567,2024-05-01,2024-05-05,CU-1568,Home Office,South,Office Supplies,Envelopes,Avery Self-Adhesive Address Labels,2,0.2,35.43,-12.0
CA-2023-004568,2023-06-11,2023-06-17,CU-1433,Home Office,Central,Furniture,Furnishings,DAX Two-Tone Rosewood/Black Document Frame,5,0.15,160.8,8.72
CA-2024-004569,2024-10-13,2024-10-15,CU-1926,Home Office,South,Technology,Accessories,SanDisk Ultra 64GB USB Flash Drive,1,0.2,24.9,-19.56
CA-2023-004570,2023-07-21,2023-07-27,CU-1442,Corporate,East,Office Supplies,Paper,Xerox Premium Multipurpose Paper,1,0.0,54.75,-0.67
CA-2024-004571,2024-05-04,2024-05-08,CU-1430,Corporate,Central,Furniture,Furnishings,DAX Two-Tone Rosewood/Black Document Frame,1,0.0,38.69,-12.31
CA-2024-004572,2024-08-23,2024-08-24,CU-1703,Corporate,East,Office Supplies,Paper,Xerox Premium Multipurpose Paper,4,0.0,200.63,62.06
CA-2023-004573,2023-12-18,2023-12-23,CU-1487,Home Office,Central,Technology,Accessories,Logitech G910 Mechanical Keyboard,1,0.0,245.66,43.46
CA-2024-004574,2024-05-06,2024-05-11,CU-1201,Consumer,South,Office Supplies,Art,Newell 312 Mechanical Pencil,1,0.0,8.82,-19.9
CA-2024-004575,2024-08-16,2024-08-17,CU-1442,Home Office,East,Technology,Accessories,Logitech MX Master Wireless Mouse,4,0.0,618.75,178.13
CA-2023-004576,2023-10-13,2023-10-18,CU-1360,Home Office,Central,Furniture,Furnishings,Eldon Image Series Desk Accessories,2,0.0,130.07,22.43
CA-2023-004577,2023-05-01,2023-05-07,CU-1069,Consumer,East,Office Supplies,Labels,"Avery 5"" x 8"" Label",2,0.0,37.97,-8.58
CA-2024-004578,2024-07-20,2024-07-24,CU-1098,Consumer,East,Technology,Machines,HP LaserJet Pro M404n Printer,3,0.0,1332.28,305.47
CA-2023-004579,2023-01-29,2023-02-05,CU-1376,Home Office,West,Technology,Machines,Zebra ZP 450 Thermal Label Printer,1,0.15,458.9,19.6
CA-2024-004580,2024-03-18,2024-03-24,CU-1846,Consumer,East,Office Supplies,Paper,Hammermill Copy Plus Paper,2,0.0,83.8,10.82
CA-2024-004581,2024-05-08,2024-05-11,CU-1512,Corporate,West,Furniture,Furnishings,DAX Two-Tone Rosewood/Black Document Frame,2,0.2,63.65,-14.17
CA-2023-004582,2023-09-06,2023-09-10,CU-1752,Consumer,Central,Office Supplies,Supplies,Stanley Bostitch Heavy-Duty Stapler,1,0.1,51.68,-12.21
CA-2023-004583,2023-07-03,2023-07-10,CU-1209,Consumer,West,Office Supplies,Paper,Hammermill Copy Plus Paper,2,0.1,68.86,-2.1
CA-2023-004584,2023-06-12,2023-06-15,CU-1620,Consumer,South,Furniture,Chairs,HON 5400 Series Task Chairs for Big and Tall,3,0.0,2912.35,487.18
CA-2024-004585,2024-11-01,2024-11-07,CU-1977,Home Office,West,Furniture,Furnishings,Eldon Image Series Desk Accessories,2,0.0,137.44,20.3
CA-2024-004586,2024-12-25,2024-12-29,CU-1274,Home Office,Central,Office Supplies,Envelopes,Avery Self-Adhesive Address Labels,1,0.0,22.81,-14.18
CA-2023-004587,2023-06-25,2023-07-02,CU-1807,Home Office,West,Office Supplies,Art,Newell 312 Mechanical Pencil,1,0.0,9.58,-19.77
CA-2024-004588,2024-09-23,2024-09-24,CU-1611,Corporate,West,Office Supplies,Binders,GBC DocuBind TL300 Electric Binding System,1,0.0,1023.6,224.59
CA-2023-004589,2023-11-18,2023-11-20,CU-1526,Consumer,East,Technology,Accessories,Belkin 8-Outlet Surge Protector,1,0.1,72.92,-10.33
CA-2023-004590,2023-01-19,2023-01-22,CU-1070,Consumer,South,Office Supplies,Binders,Fellowes PB500 Electric Punch Plastic Comb Binding Machine with Manual Bind,1,0.2,1055.8,79.77
CA-2023-004591,2023-09-13,2023-09-20,CU-1541,Consumer,South,Office Supplies,Labels,"Avery 5"" x 8"" Label",1,0.3,11.7,-20.98
CA-2024-004592,2024-09-27,2024-10-01,CU-1924,Consumer,Central,Furniture,Chairs,Global Deluxe High-Back Manager's Chair,1,0.0,629.39,70.26
CA-2023-004593,2023-02-01,2023-02-02,CU-1896,Consumer,East,Office Supplies,Supplies,Stanley Bostitch Heavy-Duty Stapler,1,0.0,55.55,-8.45
CA-2024-004594,2024-05-03,2024-05-04,CU-1281,Home Office,East,Office Supplies,Labels,"Avery 5"" x 8"" Label",2,0.1,34.67,-10.17
CA-2023-004595,2023-04-05,2023-04-09,CU-1966,Consumer,West,Office Supplies,Paper,Xerox Premium Multipurpose Paper,4,0.15,191.38,27.89
CA-2023-004596,2023-08-07,2023-08-11,CU-1861,Consumer,Central,Furniture,Chairs,Global Deluxe High-Back Manager's Chair,3,0.0,1905.16,211.47
CA-2024-004597,2024-11-07,2024-11-10,CU-1873,Consumer,East,Office Supplies,Envelopes,Avery Self-Adhesive Address Labels,1,0.0,23.34,-13.99
CA-2024-004598,2024-11-24,2024-11-27,CU-1866,Home Office,West,Office Supplies,Binders,Fellowes PB500 Electric Punch Plastic Comb Binding Machine with Manual Bind,1,0.0,1334.91,292.17
CA-2024-004599,2024-02-17,2024-02-18,CU-1349,Home Office,Central,Technology,Accessories,Logitech G910 Mechanical Keyboard,2,0.15,490.25,60.28
CA-2023-004600,2023-10-11,2023-10-18,CU-1033,Corporate,South,Office Supplies,Appliances,Hoover Commercial Lightweight Vacuum,1,0.1,452.13,57.28
CA-2023-004601,2023-02-23,2023-02-24,CU-1335,Home Office,West,Furniture,Furnishings,DAX Two-Tone Rosewood/Black Document Frame,2,0.2,68.61,-11.14
CA-2023-004602,2023-03-01,2023-03-08,CU-1883,Corporate,West,Office Supplies,Storage,Tennsco Industrial Steel Shelving,1,0.1,301.41,45.77
CA-2024-004603,2024-05-11,2024-05-16,CU-1340,Corporate,East,Office Supplies,Paper,Hammermill Copy Plus Paper,1,0.0,44.39,-5.8
CA-2023-004604,2023-11-21,2023-11-25,CU-1775,Consumer,West,Office Supplies,Paper,Xerox Premium Multipurpose Paper,3,0.0,149.81,40.4
CA-2024-004605,2024-08-27,2024-08-30,CU-1503,Corporate,South,Office Supplies,Fasteners,OIC Heavy-Duty Binder Clips,2,0.0,12.37,-17.49
CA-2023-004606,2023-04-19,2023-04-25,CU-1571,Consumer,West,Office Supplies,Art,Newell 312 Mechanical Pencil,1,0.0,10.1,-19.5
CA-2023-004607,2023-02-26,2023-03-01,CU-1338,Corporate,West,Office Supplies,Storage,Tennsco Industrial Steel Shelving,1,0.0,354.4,76.36
CA-2023-004608,2023-02-13,2023-02-18,CU-1047,Corporate,South,Technology,Accessories,Logitech G910 Mechanical Keyboard,1,0.0,282.43,51.25
CA-2023-004609,2023-10-24,2023-10-25,CU-1266,Consumer,West,Furniture,Tables,Hon Every-Day Round Conference Table,3,0.0,3937.08,518.78
CA-2024-004610,2024-05-20,2024-05-27,CU-1336,Consumer,East,Office Supplies,Fasteners,OIC Heavy-Duty Binder Clips,1,0.0,6.46,-20.89
CA-2024-004611,2024-03-24,2024-03-30,CU-1898,Home Office,West,Office Supplies,Art,Newell 312 Mechanical Pencil,1,0.15,7.69,-21.11
CA-2023-004612,2023-02-14,2023-02-17,CU-1153,Consumer,West,Technology,Accessories,Logitech MX Master Wireless Mouse,1,0.1,150.52,7.62
CA-2024-004613,2024-01-27,2024-02-02,CU-1271,Consumer,West,Office Supplies,Art,Newell 312 Mechanical Pencil,1,0.0,9.48,-19.94
CA-2024-004614,2024-01-04,2024-01-09,CU-1400,Corporate,Central,Office Supplies,Appliances,Hoover Commercial Lightweight Vacuum,2,0.0,987.02,196.16
CA-2024-004615,2024-11-30,2024-12-01,CU-1815,Corporate,West,Office Supplies,Storage,Fellowes Bankers Box Heavy-Duty Storage Boxes,1,0.0,82.03,-0.67
CA-2023-004616,2023-01-15,2023-01-16,CU-1549,Consumer,Central,Office Supplies,Labels,"Avery 5"" x 8"" Label",3,0.0,57.54,2.4
CA-2024-004617,2024-04-04,2024-04-08,CU-1105,Home Office,West,Office Supplies,Art,Newell 312 Mechanical Pencil,1,0.0,9.37,-19.71
CA-2024-004618,2024-05-09,2024-05-13,CU-1163,Consumer,East,Technology,Accessories,SanDisk Ultra 64GB USB Flash Drive,1,0.0,33.57,-12.86
CA-2023-004619,2023-11-03,2023-11-08,CU-1113,Corporate,East,Furniture,Furnishings,DAX Two-Tone Rosewood/Black Document Frame,1,0.0,42.35,-10.19
CA-2024-004620,2024-04-08,2024-04-10,CU-1474,Corporate,Central,Office Supplies,Supplies,Stanley Bostitch Heavy-Duty Stapler,2,0.0,106.17,11.82
CA-2024-004621,2024-06-20,2024-06-26,CU-1274,Corporate,West,Office Supplies,Envelopes,Avery Self-Adhesive Address Labels,1,0.15,18.31,-17.72
CA-2024-004622,2024-10-05,2024-10-12,CU-1180,Home Office,East,Office Supplies,Paper,Xerox Premium Multipurpose Paper,2,0.0,110.02,15.97
CA-2023-004623,2023-12-17,2023-12-24,CU-1880,Home Office,Central,Office Supplies,Paper,Xerox Premium Multipurpose Paper,1,0.0,50.9,-2.54
CA-2023-004624,2023-06-02,2023-06-05,CU-1172,Home Office,Central,Office Supplies,Art,Newell 312 Mechanical Pencil,2,0.15,17.34,-17.12
CA-2024-004625,2024-10-31,2024-11-04,CU-1360,Home Office,Central,Office Supplies,Supplies,Stanley Bostitch Heavy-Duty Stapler,1,0.0,54.83,-8.16
CA-2023-004626,2023-11-22,2023-11-23,CU-1586,Corporate,South,Office Supplies,Paper,Xerox Premium Multipurpose Paper,3,0.15,130.3,15.61
CA-2024-004627,2024-07-08,2024-07-15,CU-1799,Corporate,East,Office Supplies,Paper,Xerox Premium Multipurpose Paper,3,0.0,164.91,36.19
CA-2024-004628,2024-01-20,2024-01-25,CU-1894,Corporate,South,Office Supplies,Art,Newell 312 Mechanical Pencil,4,0.15,33.32,-12.75
CA-2023-004629,2023-02-17,2023-02-24,CU-1449,Home Office,West,Office Supplies,Art,Newell 312 Mechanical Pencil,4,0.0,39.19,-7.76
CA-2023-004630,2023-07-29,2023-08-05,CU-1548,Consumer,South,Office Supplies,Storage,Tennsco Industrial Steel Shelving,2,0.1,684.78,130.45
CA-2023-004631,2023-05-01,2023-05-08,CU-1527,Corporate,East,Office Supplies,Binders,GBC DocuBind TL300 Electric Binding System,1,0.0,941.06,186.15
CA-2024-004632,2024-12-29,2025-01-05,CU-1063,Consumer,South,Technology,Accessories,SanDisk Ultra 64GB USB Flash Drive,2,0.2,54.37,-13.99
CA-2024-004633,2024-10-27,2024-11-02,CU-1908,Consumer,West,Office Supplies,Paper,Hammermill Copy Plus Paper,2,0.1,79.11,2.24
CA-2023-004634,2023-10-10,2023-10-15,CU-1289,Corporate,Central,Furniture,Furnishings,DAX Two-Tone Rosewood/Black Document Frame,2,0.0,84.53,-1.87
CA-2024-004635,2024-10-12,2024-10-19,CU-1129,Corporate,Central,Office Supplies,Storage,Tennsco Industrial Steel Shelving,2,0.15,555.07,69.14
CA-2023-004636,2023-06-13,2023-06-20,CU-1786,Consumer,South,Office Supplies,Paper,Hammermill Copy Plus Paper,1,0.0,39.06,-8.46
CA-2024-004637,2024-10-07,2024-10-14,CU-1937,Corporate,South,Furniture,Chairs,HON 5400 Series Task Chairs for Big and Tall,3,0.2,2501.21,216.4
CA-2023-004638,2023-11-02,2023-11-06,CU-1314,Consumer,West,Furniture,Chairs,Global Deluxe High-Back Manager's Chair,1,0.15,531.19,-0.3
CA-2023-004639,2023-06-13,2023-06-18,CU-1188,Consumer,South,Technology,Accessories,Logitech G910 Mechanical Keyboard,1,0.0,249.91,42.38
CA-2024-004640,2024-12-11,2024-12-13,CU-1193,Corporate,East,Office Supplies,Storage,Tennsco Industrial Steel Shelving,1,0.0,346.23,53.83
CA-2023-004641,2023-09-16,2023-09-20,CU-1793,Corporate,Central,Office Supplies,Binders,GBC Ibimaster 500 Manual ProClick Binding System,3,0.1,2182.98,327.27
CA-2024-004642,2024-01-06,2024-01-07,CU-1273,Consumer,Central,Furniture,Chairs,Global Deluxe High-Back Manager's Chair,3,0.1,1561.46,136.08
CA-2024-004643,2024-01-03,2024-01-09,CU-1003,Corporate,South,Technology,Phones,Polycom CX600 IP Phone,1,0.0,448.0,72.38
CA-2024-004644,2024-10-09,2024-10-10,CU-1936,Consumer,East,Technology,Machines,HP LaserJet Pro M404n Printer,2,0.0,802.17,173.79
CA-2023-004645,2023-06-07,2023-06-11,CU-1939,Home Office,South,Office Supplies,Paper,Xerox Premium Multipurpose Paper,2,0.15,86.04,3.28
CA-2024-004646,2024-04-03,2024-04-05,CU-1378,Consumer,East,Office Supplies,Art,Newell 312 Mechanical Pencil,3,0.0,29.14,-11.59
CA-2024-004647,2024-09-09,2024-09-10,CU-1082,Consumer,South,Office Supplies,Paper,Xerox Premium Multipurpose Paper,1,0.0,50.87,-5.39
CA-2023-004648,2023-05-07,2023-05-09,CU-1548,Consumer,East,Office Supplies,Appliances,Hoover Commercial Lightweight Vacuum,2,0.0,875.55,161.39
CA-2024-004649,2024-03-16,2024-03-20,CU-1694,Home Office,East,Office Supplies,Envelopes,Avery Self-Adhesive Address Labels,3,0.0,62.99,2.2
CA-2023-004650,2023-03-28,2023-04-03,CU-1286,Corporate,West,Furniture,Furnishings,Eldon Image Series Desk Accessories,2,0.0,144.03,32.0
CA-2024-004651,2024-07-19,2024-07-26,CU-1300,Corporate,East,Technology,Accessories,Logitech MX Master Wireless Mouse,1,0.0,157.24,18.35
CA-2024-004652,2024-10-30,2024-10-31,CU-1245,Home Office,Central,Office Supplies,Art,Newell 312 Mechanical Pencil,2,0.1,18.44,-16.29
CA-2023-004653,2023-05-12,2023-05-14,CU-1530,Home Office,East,Technology,Copiers,Canon imageCLASS 2200 Advanced Copier,1,0.15,1795.99,313.33
CA-2023-004654,2023-04-17,2023-04-23,CU-1674,Consumer,West,Office Supplies,Envelopes,Avery Self-Adhesive Address Labels,1,0.0,20.28,-15.0
CA-2023-004655,2023-01-17,2023-01-20,CU-1951,Corporate,West,Technology,Copiers,Canon imageCLASS 2200 Advanced Copier,2,0.0,4695.15,1541.25
CA-2024-004656,2024-06-11,2024-06-14,CU-1475,Corporate,West,Office Supplies,Appliances,Hoover Commercial Lightweight Vacuum,3,0.1,1250.7,175.05
CA-2024-004657,2024-06-02,2024-06-07,CU-1497,Consumer,Central,Office Supplies,Paper,Hammermill Copy Plus Paper,1,0.0,37.89,-10.39
CA-2024-004658,2024-07-22,2024-07-29,CU-1471,Consumer,Central,Office Supplies,Art,Newell 312 Mechanical Pencil,4,0.0,41.02,-6.93
CA-2024-004659,2024-09-15,2024-09-22,CU-1477,Corporate,Central,Technology,Machines,HP LaserJet Pro M404n Printer,1,0.0,413.52,79.68
CA-2024-004660,2024-06-20,2024-06-26,CU-1815,Home Office,West,Furniture,Bookcases,Sauder Camden County Barrister Bookcase,1,0.0,709.79,40.01
CA-2023-004661,2023-07-12,2023-07-16,CU-1900,Corporate,West,Office Supplies,Paper,Hammermill Copy Plus Paper,4,0.1,149.02,25.59
CA-2023-004662,2023-01-12,2023-01-13,CU-1536,Consumer,East,Office Supplies,Paper,Xerox Premium Multipurpose Paper,3,0.0,163.16,43.74
CA-2024-004663,2024-05-13,2024-05-18,CU-1386,Corporate,Central,Furniture,Chairs,HON 5400 Series Task Chairs for Big and Tall,2,0.0,1946.7,353.3
CA-2024-004664,2024-03-08,2024-03-13,CU-1681,Home Office,West,Technology,Accessories,SanDisk Ultra 64GB USB Flash Drive,2,0.1,54.91,-10.55
CA-2024-004665,2024-09-11,2024-09-15,CU-1742,Consumer,South,Technology,Copiers,Canon imageCLASS 2200 Advanced Copier,1,0.1,2004.84,419.49
CA-2023-004666,2023-09-22,2023-09-25,CU-1968,Corporate,East,Furniture,Tables,Hon Every-Day Round Conference Table,5,0.1,5801.1,356.63
CA-2023-004667,2023-07-17,2023-07-20,CU-1753,Home Office,East,Office Supplies,Paper,Hammermill Copy Plus Paper,2,0.0,88.86,9.58
CA-2024-004668,2024-02-01,2024-02-02,CU-1720,Corporate,West,Technology,Accessories,Logitech G910 Mechanical Keyboard,1,0.1,239.44,19.77
CA-2023-004669,2023-11-01,2023-11-02,CU-1227,Home Office,Central,Office Supplies,Storage,Fellowes Bankers Box Heavy-Duty Storage Boxes,2,0.2,141.18,6.42
CA-2024-004670,2024-06-27,2024-07-01,CU-1999,Home Office,South,Office Supplies,Supplies,Stanley Bostitch Heavy-Duty Stapler,1,0.1,50.01,-13.2
CA-2024-004671,2024-12-23,2024-12-30,CU-1508,Consumer,South,Furniture,Bookcases,Bush Westfield Collection Bookcase,1,0.0,598.91,49.22
CA-2023-004672,2023-03-24,2023-03-27,CU-1751,Corporate,East,Technology,Accessories,SanDisk Ultra 64GB USB Flash Drive,1,0.0,33.28,-13.95
CA-2023-004673,2023-03-21,2023-03-24,CU-1140,Corporate,West,Technology,Accessories,Belkin 8-Outlet Surge Protector,5,0.0,404.54,84.14
CA-2024-004674,2024-08-31,2024-09-05,CU-1557,Consumer,West,Furniture,Furnishings,Eldon Image Series Desk Accessories,2,0.0,140.86,25.37
CA-2023-004675,2023-08-20,2023-08-26,CU-1032,Home Office,South,Technology,Accessories,SanDisk Ultra 64GB USB Flash Drive,1,0.15,27.5,-17.7
CA-2023-004676,2023-01-15,2023-01-19,CU-1340,Corporate,West,Office Supplies,Art,Newell 312 Mechanical Pencil,2,0.0,20.56,-14.21
CA-2023-004677,2023-10-29,2023-11-02,CU-1324,Corporate,South,Technology,Machines,HP LaserJet Pro M404n Printer,1,0.1,385.3,45.8
CA-2024-004678,2024-10-08,2024-10-10,CU-1807,Corporate,West,Office Supplies,Storage,Fellowes Bankers Box Heavy-Duty Storage Boxes,1,0.15,70.61,-8.58
CA-2024-004679,2024-04-10,2024-04-12,CU-1735,Corporate,West,Office Supplies,Fasteners,OIC Heavy-Duty Binder Clips,2,0.0,13.2,-17.68
CA-2024-004680,2024-09-22,2024-09-25,CU-1233,Home Office,East,Furniture,Chairs,HON 5400 Series Task Chairs for Big and Tall,2,0.0,2247.82,337.52
CA-2024-004681,2024-03-24,2024-03-30,CU-1242,Home Office,East,Furniture,Bookcases,Sauder Camden County Barrister Bookcase,1,0.0,713.63,17.14
CA-2023-004682,2023-07-27,2023-08-03,CU-1902,Corporate,West,Office Supplies,Art,Newell 312 Mechanical Pencil,2,0.0,17.96,-16.01
CA-2024-004683,2024-10-26,2024-10-31,CU-1232,Corporate,West,Office Supplies,Supplies,Stanley Bostitch Heavy-Duty Stapler,1,0.0,55.43,-9.09
CA-2024-004684,2024-01-17,2024-01-21,CU-1948,Consumer,South,Furniture,Furnishings,Eldon Image Series Desk Accessories,2,0.1,115.62,9.55
CA-2024-004685,2024-08-16,2024-08-18,CU-1053,Home Office,Central,Office Supplies,Paper,Hammermill Copy Plus Paper,1,0.1,33.92,-13.3
CA-2023-004686,2023-06-02,2023-06-09,CU-1818,Corporate,Central,Office Supplies,Paper,Hammermill Copy Plus Paper,3,0.15,108.02,3.42
CA-2023-004687,2023-10-19,2023-10-24,CU-1440,Corporate,South,Technology,Accessories,SanDisk Ultra 64GB USB Flash Drive,2,0.15,50.37,-11.91
CA-2024-004688,2024-11-12,2024-11-17,CU-1055,Consumer,West,Furniture,Furnishings,DAX Two-Tone Rosewood/Black Document Frame,1,0.2,35.65,-18.19
CA-2024-004689,2024-06-15,2024-06-22,CU-1882,Home Office,East,Furniture,Furnishings,Eldon Image Series Desk Accessories,1,0.1,63.75,-4.24
CA-2023-004690,2023-01-05,2023-01-11,CU-1518,Corporate,East,Office Supplies,Storage,Fellowes Bankers Box Heavy-Duty Storage Boxes,3,0.0,273.66,64.78
CA-2023-004691,2023-02-27,2023-03-03,CU-1792,Corporate,Central,Technology,Accessories,SanDisk Ultra 64GB USB Flash Drive,1,0.0,35.34,-12.94
CA-2023-004692,2023-02-16,2023-02-22,CU-1885,Consumer,West,Office Supplies,Paper,Hammermill Copy Plus Paper,2,0.1,73.16,1.9
CA-2023-004693,2023-04-06,2023-04-08,CU-1416,Corporate,East,Office Supplies,Fasteners,OIC Heavy-Duty Binder Clips,1,0.1,5.83,-21.11
CA-2023-004694,2023-06-01,2023-06-05,CU-1313,Home Office,West,Technology,Machines,HP LaserJet Pro M404n Printer,3,0.0,1198.59,270.99
CA-2023-004695,2023-12-13,2023-12-15,CU-1197,Corporate,West,Furniture,Bookcases,Sauder Camden County Barrister Bookcase,2,0.2,1045.46,-80.77
CA-2024-004696,2024-05-17,2024-05-23,CU-1717,Home Office,South,Technology,Accessories,Belkin 8-Outlet Surge Protector,1,0.3,51.94,-18.66
CA-2023-004697,2023-07-16,2023-07-22,CU-1613,Home Office,West,Technology,Accessories,Belkin 8-Outlet Surge Protector,3,0.0,253.29,43.86
CA-2023-004698,2023-11-21,2023-11-26,CU-1330,Consumer,East,Furniture,Bookcases,Sauder Camden County Barrister Bookcase,1,0.0,654.54,20.31
CA-2023-004699,2023-08-22,2023-08-23,CU-1932,Home Office,East,Technology,Accessories,SanDisk Ultra 64GB USB Flash Drive,1,0.2,24.95,-19.44
CA-2024-004700,2024-10-04,2024-10-06,CU-1232,Consumer,East,Office Supplies,Envelopes,Avery Self-Adhesive Address Labels,1,0.1,19.21,-16.55
CA-2024-004701,2024-08-30,2024-09-05,CU-1709,Home Office,South,Office Supplies,Storage,Fellowes Bankers Box Heavy-Duty Storage Boxes,2,0.0,191.39,43.71
CA-2024-004702,2024-12-25,2024-12-26,CU-1651,Corporate,South,Furniture,Furnishings,Eldon Image Series Desk Accessories,3,0.0,197.75,41.56
CA-2024-004703,2024-09-27,2024-10-01,CU-1302,Consumer,Central,Technology,Accessories,Logitech MX Master Wireless Mouse,3,0.1,439.4,87.24
CA-2024-004704,2024-02-24,2024-02-28,CU-1452,Home Office,South,Office Supplies,Fasteners,OIC Heavy-Duty Binder Clips,2,0.2,9.72,-20.12
CA-2023-004705,2023-10-26,2023-10-28,CU-1134,Consumer,East,Office Supplies,Fasteners,OIC Heavy-Duty Binder Clips,1,0.1,5.51,-21.4
CA-2024-004706,2024-05-29,2024-05-31,CU-1990,Consumer,South,Office Supplies,Paper,Hammermill Copy Plus Paper,1,0.3,28.79,-17.5
CA-2024-004707,2024-06-12,2024-06-17,CU-1370,Home Office,South,Office Supplies,Binders,GBC Ibimaster 500 Manual ProClick Binding System,1,0.0,821.5,144.87
CA-2023-004708,2023-08-23,2023-08-26,CU-1789,Consumer,South,Office Supplies,Labels,"Avery 5"" x 8"" Label",1,0.0,19.18,-15.22
CA-2023-004709,2023-07-29,2023-08-01,CU-1424,Home Office,East,Furniture,Furnishings,Eldon Image Series Desk Accessories,2,0.0,121.7,21.35
CA-2023-004710,2023-03-14,2023-03-20,CU-1552,Home Office,South,Furniture,Bookcases,Bush Westfield Collection Bookcase,1,0.1,481.56,21.69
CA-2023-004711,2023-11-30,2023-12-05,CU-1535,Consumer,Central,Office Supplies,Binders,Fellowes PB500 Electric Punch Plastic Comb Binding Machine with Manual Bind,1,0.3,968.27,14.73
CA-2024-004712,2024-10-14,2024-10-15,CU-1523,Consumer,South,Technology,Accessories,SanDisk Ultra 64GB USB Flash Drive,1,0.0,30.47,-12.98
CA-2023-004713,2023-09-20,2023-09-23,CU-1994,Corporate,Central,Technology,Accessories,SanDisk Ultra 64GB USB Flash Drive,5,0.0,154.27,25.04
CA-2024-004714,2024-05-14,2024-05-15,CU-1020,Home Office,West,Office Supplies,Paper,Xerox Premium Multipurpose Paper,1,0.0,50.51,-3.1
CA-2023-004715,2023-05-14,2023-05-18,CU-1894,Consumer,East,Office Supplies,Fasteners,OIC Heavy-Duty Binder Clips,1,0.0,7.15,-20.19
CA-2024-004716,2024-03-13,2024-03-16,CU-1756,Corporate,Central,Office Supplies,Paper,Hammermill Copy Plus Paper,1,0.15,35.81,-14.78
CA-2024-004717,2024-05-07,2024-05-12,CU-1529,Corporate,West,Office Supplies,Fasteners,OIC Heavy-Duty Binder Clips,2,0.15,10.78,-19.39
CA-2024-004718,2024-11-10,2024-11-13,CU-1854,Consumer,West,Technology,Accessories,Logitech G910 Mechanical Keyboard,5,0.0,1350.24,347.13
CA-2024-004719,2024-08-02,2024-08-09,CU-1825,Home Office,East,Technology,Phones,Polycom CX600 IP Phone,1,0.0,396.4,59.08
CA-2024-004720,2024-06-03,2024-06-06,CU-1150,Home Office,Central,Office Supplies,Paper,Hammermill Copy Plus Paper,2,0.1,74.79,-0.55
CA-2023-004721,2023-04-14,2023-04-18,CU-1493,Corporate,West,Technology,Accessories,SanDisk Ultra 64GB USB Flash Drive,1,0.0,33.79,-13.58
CA-2024-004722,2024-07-10,2024-07-17,CU-1197,Consumer,Central,Office Supplies,Supplies,Stanley Bostitch Heavy-Duty Stapler,1,0.0,57.55,-5.54
CA-2024-004723,2024-10-25,2024-10-29,CU-1836,Corporate,South,Office Supplies,Envelopes,Avery Self-Adhesive Address Labels,2,0.0,45.61,-4.22
CA-2024-004724,2024-01-28,2024-01-29,CU-1051,Consumer,Central,Office Supplies,Fasteners,OIC Heavy-Duty Binder Clips,1,0.0,6.61,-20.66
CA-2023-004725,2023-01-21,2023-01-28,CU-1789,Home Office,South,Office Supplies,Binders,Fellowes PB500 Electric Punch Plastic Comb Binding Machine with Manual Bind,1,0.0,1311.21,321.0
CA-2024-004726,2024-06-18,2024-06-24,CU-1651,Consumer,South,Furniture,Bookcases,Sauder Camden County Barrister Bookcase,3,0.0,2228.43,127.83
CA-2023-004727,2023-08-21,2023-08-26,CU-1716,Consumer,South,Furniture,Furnishings,DAX Two-Tone Rosewood/Black Document Frame,1,0.1,36.7,-16.27
CA-2023-004728,2023-08-09,2023-08-13,CU-1648,Home Office,East,Technology,Accessories,Belkin 8-Outlet Surge Protector,1,0.1,68.81,-8.43
CA-2024-004729,2024-12-26,2025-01-02,CU-1183,Corporate,West,Furniture,Bookcases,Sauder Camden County Barrister Bookcase,1,0.1,671.37,4.29
CA-2023-004730,2023-11-21,2023-11-23,CU-1211,Home Office,West,Technology,Phones,Polycom CX600 IP Phone,2,0.0,851.86,147.13
CA-2023-004731,2023-05-18,2023-05-25,CU-1881,Home Office,South,Office Supplies,Fasteners,OIC Heavy-Duty Binder Clips,1,0.0,6.29,-20.95
CA-2023-004732,2023-09-15,2023-09-21,CU-1675,Corporate,South,Office Supplies,Fasteners,OIC Heavy-Duty Binder Clips,3,0.15,17.23,-16.74
CA-2024-004733,2024-11-25,2024-11-30,CU-1207,Home Office,South,Technology,Machines,HP LaserJet Pro M404n Printer,2,0.1,701.34,89.04
CA-2023-004734,2023-01-07,2023-01-12,CU-1076,Corporate,West,Office Supplies,Storage,Tennsco Industrial Steel Shelving,2,0.0,708.03,185.2
CA-2023-004735,2023-08-23,2023-08-29,CU-1112,Home Office,East,Office Supplies,Fasteners,OIC Heavy-Duty Binder Clips,1,0.0,6.58,-20.69
CA-2023-004736,2023-12-24,2023-12-25,CU-1444,Corporate,East,Office Supplies,Fasteners,OIC Heavy-Duty Binder Clips,1,0.0,6.29,-20.67
CA-2023-004737,2023-01-20,2023-01-24,CU-1974,Consumer,West,Office Supplies,Paper,Xerox Premium Multipurpose Paper,1,0.0,53.91,-2.69
CA-2024-004738,2024-02-17,2024-02-23,CU-1733,Corporate,East,Office Supplies,Paper,Hammermill Copy Plus Paper,1,0.0,38.34,-9.84
CA-2023-004739,2023-10-06,2023-10-07,CU-1387,Home Office,South,Technology,Accessories,SanDisk Ultra 64GB USB Flash Drive,1,0.0,33.38,-13.63
CA-2024-004740,2024-04-17,2024-04-20,CU-1468,Consumer,East,Office Supplies,Paper,Hammermill Copy Plus Paper,2,0.15,75.66,-2.78
CA-2024-004741,2024-08-25,2024-08-31,CU-1532,Corporate,Central,Office Supplies,Appliances,Hoover Commercial Lightweight Vacuum,5,0.0,2177.12,324.93
CA-2023-004742,2023-06-05,2023-06-07,CU-1190,Consumer,South,Furniture,Bookcases,Bush Westfield Collection Bookcase,2,0.0,1196.92,144.71
CA-2024-004743,2024-12-20,2024-12-24,CU-1342,Consumer,West,Office Supplies,Fasteners,OIC Heavy-Duty Binder Clips,3,0.15,17.97,-15.88
CA-2023-004744,2023-08-14,2023-08-21,CU-1556,Home Office,Central,Technology,Accessories,Belkin 8-Outlet Surge Protector,1,0.0,86.65,-1.04
CA-2024-004745,2024-05-17,2024-05-23,CU-1956,Home Office,West,Office Supplies,Art,Newell 312 Mechanical Pencil,2,0.15,15.3,-18.74
CA-2023-004746,2023-04-25,2023-04-28,CU-1406,Home Office,Central,Furniture,Furnishings,DAX Two-Tone Rosewood/Black Document Frame,1,0.15,32.33,-17.37
CA-2023-004747,2023-08-14,2023-08-18,CU-1471,Home Office,West,Technology,Accessories,Belkin 8-Outlet Surge Protector,1,0.0,74.84,-5.22
CA-2024-004748,2024-03-29,2024-04-03,CU-1033,Home Office,West,Office Supplies,Paper,Hammermill Copy Plus Paper,1,0.1,40.39,-11.26
CA-2024-004749,2024-11-20,2024-11-21,CU-1619,Home Office,East,Office Supplies,Art,Newell 312 Mechanical Pencil,1,0.0,8.86,-20.15
CA-2023-004750,2023-01-19,2023-01-24,CU-1576,Home Office,East,Office Supplies,Fasteners,OIC Heavy-Duty Binder Clips,1,0.0,6.9,-20.47
CA-2023-004751,2023-09-20,2023-09-27,CU-1703,Corporate,East,Furniture,Chairs,Global Deluxe High-Back Manager's Chair,1,0.0,623.72,70.5
CA-2024-004752,2024-04-02,2024-04-05,CU-1036,Home Office,West,Furniture,Bookcases,Sauder Camden County Barrister Bookcase,1,0.1,582.54,0.78
CA-2023-004753,2023-03-08,2023-03-11,CU-1199,Consumer,West,Furniture,Tables,Bretford Rectangular Conference Table,3,0.1,4661.34,19.25
CA-2024-004754,2024-04-08,2024-04-15,CU-1749,Home Office,Central,Technology,Accessories,Logitech MX Master Wireless Mouse,2,0.0,314.92,69.23
CA-2023-004755,2023-10-11,2023-10-12,CU-1315,Home Office,Central,Office Supplies,Art,Newell 312 Mechanical Pencil,3,0.0,27.74,-10.67
CA-2024-004756,2024-10-18,2024-10-20,CU-1171,Home Office,East,Office Supplies,Paper,Hammermill Copy Plus Paper,1,0.0,41.85,-7.41
CA-2024-004757,2024-11-07,2024-11-08,CU-1815,Consumer,Central,Office Supplies,Paper,Xerox Premium Multipurpose Paper,2,0.1,92.53,7.86
CA-2024-004758,2024-10-31,2024-11-07,CU-1826,Home Office,Central,Office Supplies,Fasteners,OIC Heavy-Duty Binder Clips,1,0.0,6.14,-20.95
CA-2023-004759,2023-01-27,2023-01-30,CU-1268,Consumer,South,Furniture,Tables,Hon Every-Day Round Conference Table,2,0.0,2922.9,217.29
CA-2024-004760,2024-11-29,2024-12-06,CU-1159,Corporate,Central,Office Supplies,Art,Newell 312 Mechanical Pencil,1,0.1,8.22,-20.85
CA-2024-004761,2024-12-21,2024-12-27,CU-1610,Consumer,Central,Technology,Machines,HP LaserJet Pro M404n Printer,2,0.1,735.58,128.64
CA-2024-004762,2024-09-30,2024-10-05,CU-1535,Consumer,South,Technology,Accessories,Belkin 8-Outlet Surge Protector,1,0.1,74.94,-5.44
CA-2023-004763,2023-11-12,2023-11-19,CU-1488,Corporate,East,Office Supplies,Binders,GBC Ibimaster 500 Manual ProClick Binding System,3,0.0,2533.47,400.92
CA-2024-004764,2024-09-15,2024-09-18,CU-1030,Corporate,South,Technology,Accessories,Logitech G910 Mechanical Keyboard,1,0.2,211.48,10.91
CA-2024-004765,2024-07-21,2024-07-23,CU-1700,Home Office,South,Furniture,Furnishings,Eldon Image Series Desk Accessories,2,0.0,136.41,23.69
CA-2024-004766,2024-12-19,2024-12-23,CU-1066,Home Office,West,Technology,Accessories,Logitech G910 Mechanical Keyboard,5,0.0,1224.64,278.21
CA-2023-004767,2023-04-05,2023-04-09,CU-1625,Corporate,West,Office Supplies,Storage,Fellowes Bankers Box Heavy-Duty Storage Boxes,2,0.0,185.85,38.36
CA-2024-004768,2024-03-05,2024-03-08,CU-1518,Consumer,East,Office Supplies,Fasteners,OIC Heavy-Duty Binder Clips,1,0.0,7.19,-20.38
CA-2024-004769,2024-01-07,2024-01-08,CU-1237,Consumer,South,Office Supplies,Envelopes,Avery Self-Adhesive Address Labels,1,0.0,23.57,-13.41
CA-2024-004770,2024-09-29,2024-10-06,CU-1056,Home Office,South,Technology,Accessories,Logitech MX Master Wireless Mouse,1,0.2,129.64,2.14
CA-2024-004771,2024-08-14,2024-08-17,CU-1369,Home Office,South,Technology,Accessories,Belkin 8-Outlet Surge Protector,1,0.0,77.38,-1.24
CA-2023-004772,2023-09-28,2023-09-30,CU-1004,Consumer,Central,Office Supplies,Labels,"Avery 5"" x 8"" Label",1,0.15,13.96,-18.98
CA-2023-004773,2023-11-17,2023-11-23,CU-1379,Consumer,East,Furniture,Furnishings,DAX Two-Tone Rosewood/Black Document Frame,1,0.1,39.07,-13.98
CA-2024-004774,2024-09-29,2024-10-04,CU-1957,Consumer,West,Technology,Accessories,SanDisk Ultra 64GB USB Flash Drive,1,0.0,35.25,-13.58
CA-2024-004775,2024-01-06,2024-01-07,CU-1170,Corporate,East,Office Supplies,Art,Newell 312 Mechanical Pencil,1,0.0,8.95,-19.99
CA-2024-004776,2024-11-28,2024-12-04,CU-1582,Corporate,West,Furniture,Chairs,Global Deluxe High-Back Manager's Chair,1,0.0,581.01,80.16
CA-2024-004777,2024-08-12,2024-08-16,CU-1382,Consumer,Central,Office Supplies,Storage,Fellowes Bankers Box Heavy-Duty Storage Boxes,1,0.1,79.62,-0.73
CA-2024-004778,2024-03-06,2024-03-12,CU-1914,Corporate,East,Furniture,Tables,Bretford Rectangular Conference Table,2,0.15,3131.16,-106.73
CA-2024-004779,2024-09-19,2024-09-22,CU-1752,Corporate,West,Furniture,Chairs,HON 5400 Series Task Chairs for Big and Tall,3,0.0,3112.14,458.42
CA-2023-004780,2023-07-04,2023-07-09,CU-1161,Home Office,South,Technology,Machines,Zebra ZP 450 Thermal Label Printer,2,0.0,1082.85,246.96
CA-2024-004781,2024-06-02,2024-06-06,CU-1846,Home Office,East,Office Supplies,Supplies,Stanley Bostitch Heavy-Duty Stapler,1,0.0,54.79,-7.28
CA-2024-004782,2024-03-04,2024-03-06,CU-1382,Consumer,Central,Office Supplies,Supplies,Stanley Bostitch Heavy-Duty Stapler,4,0.1,219.03,37.32
CA-2023-004783,2023-03-28,2023-03-31,CU-1220,Corporate,Central,Technology,Machines,Zebra ZP 450 Thermal Label Printer,1,0.2,431.74,36.15
CA-2023-004784,2023-10-20,2023-10-24,CU-1691,Corporate,East,Office Supplies,Appliances,Hoover Commercial Lightweight Vacuum,1,0.0,489.27,74.33
CA-2024-004785,2024-05-14,2024-05-15,CU-1031,Home Office,South,Furniture,Bookcases,Bush Westfield Collection Bookcase,1,0.1,508.44,-13.41
CA-2023-004786,2023-09-12,2023-09-17,CU-1721,Consumer,East,Technology,Accessories,Logitech G910 Mechanical Keyboard,4,0.1,1041.66,230.12
CA-2024-004787,2024-11-05,2024-11-12,CU-1199,Home Office,West,Office Supplies,Fasteners,OIC Heavy-Duty Binder Clips,3,0.0,20.6,-13.82
CA-2024-004788,2024-02-03,2024-02-06,CU-1961,Consumer,East,Technology,Accessories,SanDisk Ultra 64GB USB Flash Drive,1,0.0,31.5,-14.11
CA-2023-004789,2023-01-13,2023-01-18,CU-1692,Corporate,East,Office Supplies,Storage,Tennsco Industrial Steel Shelving,2,0.15,631.73,100.24
CA-2024-004790,2024-08-25,2024-08-30,CU-1694,Corporate,Central,Office Supplies,Labels,"Avery 5"" x 8"" Label",1,0.0,16.32,-17.27
CA-2024-004791,2024-03-18,2024-03-23,CU-1973,Corporate,East,Office Supplies,Envelopes,Avery Self-Adhesive Address Labels,2,0.1,38.19,-11.45
CA-2024-004792,2024-06-15,2024-06-21,CU-1748,Corporate,Central,Technology,Accessories,Logitech MX Master Wireless Mouse,1,0.0,176.19,29.19
CA-2023-004793,2023-11-10,2023-11-16,CU-1058,Consumer,West,Technology,Machines,Zebra ZP 450 Thermal Label Printer,1,0.1,489.68,39.02
CA-2024-004794,2024-10-28,2024-10-30,CU-1425,Consumer,South,Office Supplies,Fasteners,OIC Heavy-Duty Binder Clips,1,0.1,6.14,-21.11
CA-2024-004795,2024-10-03,2024-10-04,CU-1560,Home Office,Central,Office Supplies,Labels,"Avery 5"" x 8"" Label",1,0.0,16.58,-16.83
CA-2024-004796,2024-11-24,2024-11-29,CU-1070,Consumer,Central,Furniture,Furnishings,DAX Two-Tone Rosewood/Black Document Frame,2,0.0,80.99,-2.63
CA-2024-004797,2024-04-16,2024-04-17,CU-1250,Corporate,Central,Furniture,Furnishings,Eldon Image Series Desk Accessories,2,0.2,100.73,-1.53
CA-2024-004798,2024-06-03,2024-06-09,CU-1214,Corporate,East,Office Supplies,Storage,Fellowes Bankers Box Heavy-Duty Storage Boxes,2,0.0,169.68,34.07
CA-2023-004799,2023-04-26,2023-05-03,CU-1874,Corporate,East,Technology,Machines,Zebra ZP 450 Thermal Label Printer,1,0.15,455.88,53.38
CA-2024-004800,2024-07-26,2024-08-02,CU-1516,Consumer,South,Office Supplies,Storage,Tennsco Industrial Steel Shelving,2,0.0,719.94,173.89
CA-2023-004801,2023-08-27,2023-09-01,CU-1991,Corporate,South,Furniture,Furnishings,DAX Two-Tone Rosewood/Black Document Frame,2,0.0,84.05,1.11
CA-2024-004802,2024-01-20,2024-01-25,CU-1033,Consumer,West,Office Supplies,Labels,"Avery 5"" x 8"" Label",1,0.0,16.52,-16.27
CA-2023-004803,2023-10-13,2023-10-17,CU-1163,Corporate,South,Technology,Accessories,Logitech G910 Mechanical Keyboard,1,0.2,227.48,5.31
CA-2024-004804,2024-09-25,2024-10-01,CU-1136,Consumer,West,Office Supplies,Paper,Hammermill Copy Plus Paper,1,0.0,38.63,-10.1
CA-2024-004805,2024-06-24,2024-06-25,CU-1505,Corporate,Central,Office Supplies,Paper,Hammermill Copy Plus Paper,2,0.0,85.7,11.2
CA-2023-004806,2023-03-23,2023-03-28,CU-1119,Corporate,South,Office Supplies,Storage,Fellowes Bankers Box Heavy-Duty Storage Boxes,3,0.0,252.5,64.12
CA-2023-004807,2023-05-14,2023-05-21,CU-1588,Corporate,East,Office Supplies,Paper,Hammermill Copy Plus Paper,3,0.0,132.64,22.3
CA-2023-004808,2023-04-10,2023-04-11,CU-1775,Corporate,Central,Office Supplies,Binders,Fellowes PB500 Electric Punch Plastic Comb Binding Machine with Manual Bind,3,0.0,4060.01,1101.19
CA-2023-004809,2023-08-19,2023-08-23,CU-1678,Corporate,Central,Furniture,Furnishings,DAX Two-Tone Rosewood/Black Document Frame,1,0.0,42.48,-12.59
CA-2023-004810,2023-06-30,2023-07-01,CU-1319,Consumer,Central,Technology,Accessories,Belkin 8-Outlet Surge Protector,2,0.1,155.26,14.39
CA-2023-004811,2023-10-11,2023-10-15,CU-1476,Corporate,East,Office Supplies,Fasteners,OIC Heavy-Duty Binder Clips,1,0.1,6.32,-21.35
CA-2024-004812,2024-05-17,2024-05-19,CU-1564,Consumer,West,Furniture,Chairs,HON 5400 Series Task Chairs for Big and Tall,2,0.0,2139.88,373.52
CA-2023-004813,2023-07-29,2023-08-04,CU-1114,Corporate,East,Office Supplies,Labels,"Avery 5"" x 8"" Label",3,0.0,57.52,0.79
CA-2024-004814,2024-03-07,2024-03-09,CU-1960,Consumer,West,Office Supplies,Storage,Fellowes Bankers Box Heavy-Duty Storage Boxes,1,0.0,93.88,4.43
CA-2023-004815,2023-09-08,2023-09-09,CU-1211,Consumer,East,Furniture,Furnishings,DAX Two-Tone Rosewood/Black Document Frame,1,0.0,43.05,-11.53
CA-2023-004816,2023-01-31,2023-02-05,CU-1846,Consumer,South,Office Supplies,Paper,Xerox Premium Multipurpose Paper,1,0.15,47.33,-7.95
CA-2023-004817,2023-01-01,2023-01-05,CU-1424,Corporate,East,Office Supplies,Storage,Fellowes Bankers Box Heavy-Duty Storage Boxes,2,0.0,179.34,36.09
CA-2023-004818,2023-08-31,2023-09-05,CU-1370,Corporate,South,Furniture,Chairs,HON 5400 Series Task Chairs for Big and Tall,2,0.0,2244.6,462.01
CA-2023-004819,2023-07-25,2023-07-27,CU-1814,Home Office,South,Office Supplies,Fasteners,OIC Heavy-Duty Binder Clips,2,0.2,9.72,-20.57
CA-2023-004820,2023-04-15,2023-04-19,CU-1531,Consumer,Central,Technology,Accessories,Logitech MX Master Wireless Mouse,1,0.0,150.66,19.01
CA-2023-004821,2023-10-02,2023-10-06,CU-1648,Corporate,South,Office Supplies,Paper,Xerox Premium Multipurpose Paper,4,0.15,167.13,24.66
CA-2024-004822,2024-06-07,2024-06-13,CU-1165,Consumer,Central,Office Supplies,Labels,"Avery 5"" x 8"" Label",2,0.0,37.73,-7.94
CA-2024-004823,2024-05-29,2024-05-30,CU-1384,Corporate,Central,Technology,Accessories,SanDisk Ultra 64GB USB Flash Drive,3,0.0,92.5,2.02
CA-2024-004824,2024-09-06,2024-09-11,CU-1872,Corporate,South,Office Supplies,Art,Newell 312 Mechanical Pencil,2,0.0,17.55,-15.86
CA-2023-004825,2023-02-03,2023-02-07,CU-1834,Corporate,West,Office Supplies,Storage,Tennsco Industrial Steel Shelving,1,0.3,251.58,-10.57
CA-2024-004826,2024-10-11,2024-10-14,CU-1148,Home Office,South,Technology,Accessories,SanDisk Ultra 64GB USB Flash Drive,1,0.0,31.86,-14.56
CA-2023-004827,2023-07-20,2023-07-26,CU-1571,Home Office,West,Office Supplies,Fasteners,OIC Heavy-Duty Binder Clips,1,0.0,7.09,-20.13
CA-2023-004828,2023-06-18,2023-06-19,CU-1082,Consumer,East,Technology,Accessories,Logitech MX Master Wireless Mouse,1,0.15,149.06,13.12
CA-2024-004829,2024-01-28,2024-02-04,CU-1298,Consumer,West,Office Supplies,Labels,"Avery 5"" x 8"" Label",1,0.0,18.51,-16.36
CA-2023-004830,2023-04-28,2023-05-04,CU-1303,Corporate,South,Furniture,Tables,Hon Every-Day Round Conference Table,4,0.2,4359.35,-262.98
CA-2023-004831,2023-12-30,2023-12-31,CU-1436,Home Office,South,Office Supplies,Storage,Tennsco Industrial Steel Shelving,4,0.0,1450.17,399.3
CA-2023-004832,2023-11-09,2023-11-13,CU-1704,Consumer,South,Technology,Machines,Zebra ZP 450 Thermal Label Printer,1,0.2,395.42,25.5
CA-2023-004833,2023-07-28,2023-08-01,CU-1163,Corporate,South,Office Supplies,Fasteners,OIC Heavy-Duty Binder Clips,1,0.15,5.18,-21.76
CA-2023-004834,2023-02-28,2023-03-06,CU-1856,Consumer,West,Office Supplies,Art,Newell 312 Mechanical Pencil,1,0.0,9.26,-20.06
CA-2023-004835,2023-01-07,2023-01-11,CU-1173,Corporate,South,Furniture,Furnishings,Eldon Image Series Desk Accessories,1,0.15,51.59,-11.83
CA-2023-004836,2023-07-27,2023-08-02,CU-1191,Home Office,Central,Office Supplies,Fasteners,OIC Heavy-Duty Binder Clips,1,0.1,5.92,-21.43
CA-2024-004837,2024-08-12,2024-08-15,CU-1253,Corporate,Central,Furniture,Furnishings,Eldon Image Series Desk Accessories,1,0.0,68.58,-2.1
CA-2023-004838,2023-12-26,2024-01-02,CU-1216,Home Office,West,Office Supplies,Art,Newell 312 Mechanical Pencil,2,0.1,17.11,-17.06
CA-2024-004839,2024-09-25,2024-10-01,CU-1167,Home Office,West,Furniture,Tables,Hon Every-Day Round Conference Table,1,0.2,1175.07,-4.9
CA-2024-004840,2024-10-29,2024-11-04,CU-1965,Corporate,South,Technology,Machines,HP LaserJet Pro M404n Printer,1,0.0,436.52,90.71
CA-2024-004841,2024-01-31,2024-02-03,CU-1836,Corporate,West,Office Supplies,Supplies,Stanley Bostitch Heavy-Duty Stapler,3,0.3,115.25,-10.39
CA-2023-004842,2023-06-23,2023-06-26,CU-1664,Corporate,East,Furniture,Furnishings,DAX Two-Tone Rosewood/Black Document Frame,2,0.2,60.95,-12.05
CA-2024-004843,2024-08-10,2024-08-15,CU-1174,Home Office,West,Office Supplies,Envelopes,Avery Self-Adhesive Address Labels,1,0.2,18.92,-18.1
CA-2023-004844,2023-05-03,2023-05-04,CU-1541,Home Office,East,Technology,Accessories,Logitech MX Master Wireless Mouse,1,0.0,172.09,24.31
CA-2023-004845,2023-11-27,2023-12-03,CU-1554,Corporate,South,Office Supplies,Storage,Fellowes Bankers Box Heavy-Duty Storage Boxes,1,0.0,95.34,9.43
CA-2024-004846,2024-07-31,2024-08-01,CU-1036,Corporate,East,Office Supplies,Art,Newell 312 Mechanical Pencil,4,0.15,33.0,-11.07
CA-2024-004847,2024-06-26,2024-07-03,CU-1199,Consumer,West,Technology,Machines,Zebra ZP 450 Thermal Label Printer,2,0.3,664.69,21.89
CA-2024-004848,2024-05-15,2024-05-17,CU-1922,Home Office,South,Furniture,Furnishings,DAX Two-Tone Rosewood/Black Document Frame,2,0.0,87.3,0.4
CA-2023-004849,2023-01-20,2023-01-21,CU-1705,Consumer,Central,Office Supplies,Supplies,Stanley Bostitch Heavy-Duty Stapler,2,0.0,110.28,6.04
CA-2023-004850,2023-01-18,2023-01-21,CU-1496,Corporate,South,Office Supplies,Binders,Fellowes PB500 Electric Punch Plastic Comb Binding Machine with Manual Bind,1,0.0,1319.28,316.68
CA-2023-004851,2023-12-23,2023-12-29,CU-1316,Consumer,West,Furniture,Furnishings,Eldon Image Series Desk Accessories,3,0.1,195.05,26.69
CA-2024-004852,2024-03-20,2024-03-24,CU-1325,Home Office,South,Technology,Machines,Zebra ZP 450 Thermal Label Printer,2,0.0,1083.87,251.48
CA-2024-004853,2024-02-28,2024-03-03,CU-1184,Home Office,West,Office Supplies,Paper,Hammermill Copy Plus Paper,1,0.2,33.82,-14.93
CA-2023-004854,2023-08-21,2023-08-23,CU-1043,Consumer,Central,Office Supplies,Labels,"Avery 5"" x 8"" Label",1,0.3,13.39,-20.42
CA-2024-004855,2024-08-07,2024-08-13,CU-1111,Corporate,Central,Technology,Machines,HP LaserJet Pro M404n Printer,1,0.0,400.35,81.99
CA-2024-004856,2024-12-02,2024-12-04,CU-1153,Home Office,West,Furniture,Furnishings,Eldon Image Series Desk Accessories,1,0.0,66.68,1.35
CA-2024-004857,2024-01-29,2024-02-05,CU-1829,Home Office,Central,Office Supplies,Labels,"Avery 5"" x 8"" Label",1,0.1,15.75,-17.35
CA-2024-004858,2024-08-20,2024-08-21,CU-1767,Consumer,West,Office Supplies,Appliances,Hoover Commercial Lightweight Vacuum,1,0.1,401.55,23.9
CA-2023-004859,2023-09-14,2023-09-20,CU-1538,Corporate,East,Office Supplies,Fasteners,OIC Heavy-Duty Binder Clips,1,0.0,6.13,-20.6
CA-2023-004860,2023-10-22,2023-10-23,CU-1575,Consumer,West,Technology,Machines,Zebra ZP 450 Thermal Label Printer,3,0.0,1445.5,286.88
CA-2023-004861,2023-05-08,2023-05-09,CU-1455,Consumer,South,Technology,Phones,Polycom CX600 IP Phone,5,0.0,2224.29,317.87
CA-2024-004862,2024-04-17,2024-04-22,CU-1844,Corporate,South,Office Supplies,Appliances,Hoover Commercial Lightweight Vacuum,2,0.0,918.89,132.03
CA-2024-004863,2024-03-03,2024-03-10,CU-1405,Home Office,South,Furniture,Furnishings,Eldon Image Series Desk Accessories,3,0.3,128.72,-6.15
CA-2024-004864,2024-08-29,2024-08-31,CU-1662,Home Office,South,Office Supplies,Paper,Xerox Premium Multipurpose Paper,1,0.1,42.54,-9.27
CA-2023-004865,2023-08-17,2023-08-22,CU-1911,Consumer,West,Technology,Machines,Zebra ZP 450 Thermal Label Printer,1,0.0,504.55,87.4
CA-2024-004866,2024-01-18,2024-01-22,CU-1918,Consumer,Central,Technology,Copiers,Canon imageCLASS 2200 Advanced Copier,1,0.0,2285.5,742.94
CA-2024-004867,2024-11-18,2024-11-20,CU-1174,Corporate,Central,Furniture,Furnishings,Eldon Image Series Desk Accessories,4,0.15,213.25,32.01
CA-2024-004868,2024-04-23,2024-04-25,CU-1782,Corporate,East,Furniture,Furnishings,Eldon Image Series Desk Accessories,1,0.2,56.12,-11.17
CA-2023-004869,2023-03-22,2023-03-25,CU-1781,Consumer,East,Office Supplies,Envelopes,Avery Self-Adhesive Address Labels,2,0.0,41.86,-4.92
CA-2024-004870,2024-06-16,2024-06-22,CU-1657,Home Office,East,Technology,Machines,HP LaserJet Pro M404n Printer,1,0.0,393.56,79.26
CA-2023-004871,2023-10-11,2023-10-16,CU-1742,Corporate,East,Technology,Phones,Polycom CX600 IP Phone,1,0.0,407.07,52.02
CA-2024-004872,2024-07-28,2024-08-03,CU-1486,Home Office,East,Technology,Machines,HP LaserJet Pro M404n Printer,2,0.0,882.73,218.04
CA-2024-004873,2024-12-16,2024-12-18,CU-1353,Consumer,East,Office Supplies,Fasteners,OIC Heavy-Duty Binder Clips,3,0.15,15.75,-17.97
CA-2024-004874,2024-01-09,2024-01-15,CU-1064,Corporate,Central,Office Supplies,Art,Newell 312 Mechanical Pencil,1,0.2,7.12,-21.59
CA-2024-004875,2024-10-29,2024-10-31,CU-1413,Consumer,East,Furniture,Bookcases,Bush Westfield Collection Bookcase,1,0.2,446.85,-23.13
CA-2024-004876,2024-06-07,2024-06-11,CU-1256,Home Office,Central,Office Supplies,Storage,Fellowes Bankers Box Heavy-Duty Storage Boxes,5,0.0,436.25,122.38
CA-2023-004877,2023-01-04,2023-01-07,CU-1543,Home Office,East,Office Supplies,Labels,"Avery 5"" x 8"" Label",1,0.0,17.66,-16.73
CA-2024-004878,2024-03-30,2024-04-04,CU-1964,Consumer,East,Office Supplies,Fasteners,OIC Heavy-Duty Binder Clips,2,0.0,14.26,-16.68
CA-2023-004879,2023-07-08,2023-07-15,CU-1607,Corporate,East,Office Supplies,Paper,Hammermill Copy Plus Paper,4,0.0,163.22,36.15
CA-2024-004880,2024-03-07,2024-03-12,CU-1171,Home Office,South,Office Supplies,Art,Newell 312 Mechanical Pencil,1,0.2,8.06,-21.52
CA-2024-004881,2024-06-07,2024-06-11,CU-1807,Consumer,East,Technology,Phones,Polycom CX600 IP Phone,2,0.0,871.23,144.93
CA-2023-004882,2023-02-23,2023-03-02,CU-1503,Consumer,Central,Office Supplies,Labels,"Avery 5"" x 8"" Label",1,0.0,18.29,-16.17
CA-2023-004883,2023-10-11,2023-10-17,CU-1448,Consumer,East,Technology,Machines,HP LaserJet Pro M404n Printer,3,0.1,1215.07,171.04
CA-2023-004884,2023-02-08,2023-02-13,CU-1412,Consumer,East,Technology,Machines,Zebra ZP 450 Thermal Label Printer,1,0.0,511.98,88.89
CA-2024-004885,2024-04-04,2024-04-09,CU-1820,Consumer,West,Office Supplies,Fasteners,OIC Heavy-Duty Binder Clips,2,0.1,11.92,-18.92
CA-2024-004886,2024-04-15,2024-04-19,CU-1339,Home Office,Central,Office Supplies,Binders,Fellowes PB500 Electric Punch Plastic Comb Binding Machine with Manual Bind,1,0.15,1152.2,174.3
CA-2024-004887,2024-12-23,2024-12-25,CU-1298,Consumer,West,Office Supplies,Paper,Xerox Premium Multipurpose Paper,2,0.1,91.83,9.33
CA-2024-004888,2024-08-30,2024-09-04,CU-1691,Consumer,West,Furniture,Bookcases,Bush Westfield Collection Bookcase,1,0.2,441.33,-16.53
CA-2024-004889,2024-01-16,2024-01-20,CU-1463,Corporate,West,Technology,Accessories,SanDisk Ultra 64GB USB Flash Drive,3,0.0,94.93,5.3
CA-2024-004890,2024-06-21,2024-06-24,CU-1075,Home Office,East,Office Supplies,Envelopes,Avery Self-Adhesive Address Labels,2,0.0,43.03,-6.74
CA-2024-004891,2024-03-26,2024-03-29,CU-1386,Consumer,South,Office Supplies,Storage,Fellowes Bankers Box Heavy-Duty Storage Boxes,3,0.2,200.93,18.22
CA-2023-004892,2023-05-14,2023-05-17,CU-1063,Consumer,Central,Furniture,Furnishings,Eldon Image Series Desk Accessories,1,0.0,70.57,0.79
CA-2024-004893,2024-05-05,2024-05-12,CU-1073,Corporate,Central,Office Supplies,Art,Newell 312 Mechanical Pencil,2,0.15,16.57,-17.87
CA-2023-004894,2023-01-04,2023-01-06,CU-1854,Home Office,Central,Office Supplies,Paper,Hammermill Copy Plus Paper,1,0.15,35.71,-14.96
CA-2023-004895,2023-11-08,2023-11-10,CU-1960,Consumer,West,Office Supplies,Art,Newell 312 Mechanical Pencil,1,0.0,9.78,-19.24
CA-2023-004896,2023-11-23,2023-11-26,CU-1607,Corporate,Central,Furniture,Furnishings,DAX Two-Tone Rosewood/Black Document Frame,1,0.0,43.96,-10.31
CA-2024-004897,2024-05-22,2024-05-29,CU-1130,Home Office,South,Office Supplies,Supplies,Stanley Bostitch Heavy-Duty Stapler,1,0.1,47.87,-14.01
CA-2023-004898,2023-02-03,2023-02-05,CU-1067,Corporate,South,Office Supplies,Labels,"Avery 5"" x 8"" Label",2,0.1,30.09,-11.49
CA-2024-004899,2024-04-04,2024-04-07,CU-1072,Consumer,West,Office Supplies,Paper,Xerox Premium Multipurpose Paper,1,0.0,49.04,-5.66
CA-2024-004900,2024-11-16,2024-11-22,CU-1322,Corporate,East,Office Supplies,Supplies,Stanley Bostitch Heavy-Duty Stapler,2,0.0,119.67,10.46
CA-2024-004901,2024-06-19,2024-06-25,CU-1797,Consumer,West,Office Supplies,Fasteners,OIC Heavy-Duty Binder Clips,4,0.0,24.45,-11.86
CA-2024-004902,2024-01-24,2024-01-31,CU-1198,Consumer,West,Technology,Accessories,Logitech MX Master Wireless Mouse,3,0.15,440.95,74.36
CA-2024-004903,2024-01-23,2024-01-27,CU-1474,Home Office,Central,Office Supplies,Binders,Fellowes PB500 Electric Punch Plastic Comb Binding Machine with Manual Bind,2,0.0,2750.09,636.49
CA-2024-004904,2024-06-06,2024-06-07,CU-1634,Corporate,South,Furniture,Furnishings,Eldon Image Series Desk Accessories,1,0.1,63.86,-5.95
CA-2024-004905,2024-04-14,2024-04-17,CU-1274,Consumer,West,Technology,Accessories,Belkin 8-Outlet Surge Protector,1,0.0,74.24,-2.76
CA-2023-004906,2023-01-22,2023-01-25,CU-1721,Home Office,West,Technology,Machines,Zebra ZP 450 Thermal Label Printer,3,0.0,1637.17,311.45
CA-2024-004907,2024-08-25,2024-08-29,CU-1701,Consumer,West,Office Supplies,Paper,Xerox Premium Multipurpose Paper,1,0.1,49.47,-6.18
CA-2023-004908,2023-11-24,2023-11-29,CU-1228,Corporate,West,Office Supplies,Art,Newell 312 Mechanical Pencil,1,0.0,8.77,-20.0
CA-2023-004909,2023-09-24,2023-09-27,CU-1887,Corporate,Central,Technology,Phones,Polycom CX600 IP Phone,3,0.0,1330.73,256.07
CA-2023-004910,2023-06-18,2023-06-20,CU-1298,Corporate,East,Office Supplies,Fasteners,OIC Heavy-Duty Binder Clips,3,0.0,18.23,-14.56
CA-2023-004911,2023-03-13,2023-03-19,CU-1851,Corporate,Central,Technology,Accessories,Logitech G910 Mechanical Keyboard,2,0.0,564.82,126.28
CA-2023-004912,2023-02-11,2023-02-15,CU-1134,Consumer,Central,Technology,Machines,Zebra ZP 450 Thermal Label Printer,1,0.15,466.98,38.94
CA-2024-004913,2024-01-26,2024-02-01,CU-1714,Consumer,South,Furniture,Chairs,Global Deluxe High-Back Manager's Chair,1,0.0,623.25,60.77
CA-2023-004914,2023-04-22,2023-04-29,CU-1498,Home Office,South,Office Supplies,Binders,GBC DocuBind TL300 Electric Binding System,1,0.0,952.35,220.25
CA-2024-004915,2024-08-16,2024-08-22,CU-1615,Corporate,West,Office Supplies,Labels,"Avery 5"" x 8"" Label",1,0.0,19.16,-15.82
CA-2023-004916,2023-08-12,2023-08-16,CU-1121,Consumer,Central,Office Supplies,Binders,GBC Ibimaster 500 Manual ProClick Binding System,1,0.0,852.74,152.3
CA-2024-004917,2024-09-11,2024-09-14,CU-1704,Corporate,South,Office Supplies,Storage,Fellowes Bankers Box Heavy-Duty Storage Boxes,2,0.2,142.74,6.09
CA-2023-004918,2023-07-28,2023-08-02,CU-1285,Consumer,East,Furniture,Bookcases,Sauder Camden County Barrister Bookcase,1,0.0,720.01,28.17
CA-2024-004919,2024-11-22,2024-11-26,CU-1597,Corporate,Central,Office Supplies,Paper,Xerox Premium Multipurpose Paper,1,0.0,51.02,-3.46
CA-2024-004920,2024-06-15,2024-06-22,CU-1125,Home Office,East,Office Supplies,Appliances,Hoover Commercial Lightweight Vacuum,1,0.1,393.4,45.48
CA-2023-004921,2023-11-28,2023-12-03,CU-1808,Corporate,South,Furniture,Chairs,HON 5400 Series Task Chairs for Big and Tall,2,0.1,1897.31,232.16
CA-2024-004922,2024-04-22,2024-04-25,CU-1154,Corporate,West,Technology,Machines,Zebra ZP 450 Thermal Label Printer,1,0.0,498.49,79.53
CA-2023-004923,2023-03-07,2023-03-08,CU-1926,Consumer,West,Office Supplies,Envelopes,Avery Self-Adhesive Address Labels,1,0.15,17.69,-18.08
CA-2023-004924,2023-11-22,2023-11-23,CU-1244,Corporate,East,Furniture,Furnishings,DAX Two-Tone Rosewood/Black Document Frame,1,0.0,39.52,-11.1
CA-2024-004925,2024-07-26,2024-07-27,CU-1925,Consumer,South,Furniture,Bookcases,Bush Westfield Collection Bookcase,1,0.2,457.71,-37.99
CA-2024-004926,2024-07-01,2024-07-05,CU-1589,Home Office,East,Office Supplies,Appliances,Hoover Commercial Lightweight Vacuum,1,0.1,414.59,21.09
CA-2024-004927,2024-09-07,2024-09-13,CU-1489,Home Office,South,Technology,Accessories,Logitech G910 Mechanical Keyboard,1,0.3,184.49,-3.78
CA-2024-004928,2024-11-23,2024-11-30,CU-1531,Corporate,East,Office Supplies,Paper,Xerox Premium Multipurpose Paper,1,0.15,43.78,-10.38
CA-2024-004929,2024-02-21,2024-02-25,CU-1238,Consumer,West,Office Supplies,Supplies,Stanley Bostitch Heavy-Duty Stapler,2,0.15,93.89,-4.9
CA-2023-004930,2023-08-01,2023-08-08,CU-1132,Corporate,West,Office Supplies,Art,Newell 312 Mechanical Pencil,1,0.2,7.19,-21.35
CA-2023-004931,2023-11-07,2023-11-08,CU-1463,Consumer,South,Office Supplies,Fasteners,OIC Heavy-Duty Binder Clips,1,0.0,7.03,-20.34
CA-2023-004932,2023-08-19,2023-08-23,CU-1665,Corporate,South,Furniture,Furnishings,Eldon Image Series Desk Accessories,4,0.15,238.73,47.07
CA-2023-004933,2023-04-16,2023-04-18,CU-1868,Consumer,East,Technology,Phones,Polycom CX600 IP Phone,1,0.0,443.37,61.31
CA-2024-004934,2024-06-27,2024-07-02,CU-1808,Home Office,East,Furniture,Bookcases,Bush Westfield Collection Bookcase,1,0.0,564.47,62.69
CA-2023-004935,2023-01-20,2023-01-23,CU-1436,Home Office,West,Furniture,Bookcases,Bush Westfield Collection Bookcase,1,0.0,574.52,40.43
CA-2024-004936,2024-09-05,2024-09-06,CU-1927,Corporate,East,Furniture,Chairs,HON 5400 Series Task Chairs for Big and Tall,1,0.0,981.94,120.61
CA-2023-004937,2023-11-04,2023-11-05,CU-1526,Home Office,South,Office Supplies,Storage,Tennsco Industrial Steel Shelving,3,0.0,1027.96,239.78
CA-2024-004938,2024-12-12,2024-12-19,CU-1178,Corporate,West,Technology,Accessories,Logitech MX Master Wireless Mouse,1,0.0,172.46,29.94
CA-2024-004939,2024-08-07,2024-08-13,CU-1861,Home Office,South,Technology,Accessories,Belkin 8-Outlet Surge Protector,3,0.0,257.97,47.01
CA-2023-004940,2023-06-08,2023-06-09,CU-1085,Corporate,East,Technology,Phones,Polycom CX600 IP Phone,1,0.15,348.22,20.36
CA-2024-004941,2024-08-12,2024-08-19,CU-1014,Consumer,Central,Technology,Accessories,Belkin 8-Outlet Surge Protector,2,0.0,169.15,20.52
CA-2024-004942,2024-07-01,2024-07-04,CU-1184,Home Office,West,Office Supplies,Binders,GBC DocuBind TL300 Electric Binding System,2,0.2,1532.34,98.18
CA-2024-004943,2024-01-13,2024-01-20,CU-1370,Corporate,West,Technology,Accessories,Logitech MX Master Wireless Mouse,1,0.3,111.07,-7.07
CA-2023-004944,2023-03-07,2023-03-09,CU-1421,Corporate,East,Technology,Accessories,Belkin 8-Outlet Surge Protector,3,0.0,254.94,43.02
CA-2024-004945,2024-03-22,2024-03-25,CU-1632,Consumer,Central,Furniture,Furnishings,Eldon Image Series Desk Accessories,1,0.2,57.36,-9.53
CA-2023-004946,2023-11-04,2023-11-10,CU-1845,Consumer,South,Furniture,Chairs,Global Deluxe High-Back Manager's Chair,1,0.0,661.9,89.46
CA-2024-004947,2024-10-06,2024-10-12,CU-1825,Home Office,Central,Office Supplies,Storage,Tennsco Industrial Steel Shelving,1,0.15,303.05,36.44
CA-2024-004948,2024-05-23,2024-05-29,CU-1290,Home Office,West,Technology,Machines,HP LaserJet Pro M404n Printer,1,0.15,369.17,46.22
CA-2023-004949,2023-12-08,2023-12-15,CU-1633,Consumer,South,Office Supplies,Binders,GBC Ibimaster 500 Manual ProClick Binding System,2,0.0,1492.35,295.2
CA-2023-004950,2023-01-19,2023-01-22,CU-1354,Home Office,South,Office Supplies,Labels,"Avery 5"" x 8"" Label",1,0.3,12.78,-21.02
CA-2023-004951,2023-10-03,2023-10-07,CU-1660,Corporate,Central,Office Supplies,Labels,"Avery 5"" x 8"" Label",1,0.0,18.09,-15.7
CA-2023-004952,2023-04-09,2023-04-14,CU-1159,Corporate,East,Office Supplies,Storage,Tennsco Industrial Steel Shelving,2,0.15,597.66,84.36
CA-2023-004953,2023-01-02,2023-01-04,CU-1801,Corporate,South,Technology,Accessories,Logitech MX Master Wireless Mouse,1,0.0,154.57,25.74
CA-2023-004954,2023-05-11,2023-05-16,CU-1798,Home Office,East,Office Supplies,Binders,Fellowes PB500 Electric Punch Plastic Comb Binding Machine with Manual Bind,1,0.1,1102.71,228.83
CA-2023-004955,2023-04-21,2023-04-26,CU-1901,Corporate,East,Office Supplies,Paper,Xerox Premium Multipurpose Paper,4,0.2,167.18,19.48
CA-2024-004956,2024-08-18,2024-08-19,CU-1968,Consumer,East,Technology,Accessories,Belkin 8-Outlet Surge Protector,1,0.0,84.58,0.69
CA-2024-004957,2024-02-02,2024-02-04,CU-1961,Home Office,West,Office Supplies,Binders,Fellowes PB500 Electric Punch Plastic Comb Binding Machine with Manual Bind,1,0.0,1378.69,343.6
CA-2023-004958,2023-06-01,2023-06-06,CU-1559,Home Office,East,Furniture,Furnishings,Eldon Image Series Desk Accessories,1,0.0,64.63,0.92
CA-2023-004959,2023-08-23,2023-08-28,CU-1359,Consumer,South,Furniture,Bookcases,Bush Westfield Collection Bookcase,2,0.0,1036.73,107.01
CA-2024-004960,2024-03-31,2024-04-05,CU-1695,Home Office,South,Office Supplies,Paper,Hammermill Copy Plus Paper,4,0.15,141.33,21.12
CA-2024-004961,2024-05-08,2024-05-10,CU-1698,Consumer,West,Office Supplies,Supplies,Stanley Bostitch Heavy-Duty Stapler,3,0.0,166.74,22.11
CA-2024-004962,2024-01-06,2024-01-12,CU-1650,Home Office,Central,Office Supplies,Fasteners,OIC Heavy-Duty Binder Clips,3,0.1,17.28,-15.94
CA-2024-004963,2024-04-06,2024-04-13,CU-1655,Corporate,Central,Furniture,Furnishings,Eldon Image Series Desk Accessories,3,0.0,192.96,47.45
CA-2023-004964,2023-08-03,2023-08-05,CU-1462,Corporate,Central,Office Supplies,Paper,Hammermill Copy Plus Paper,4,0.15,140.78,15.33
CA-2024-004965,2024-08-16,2024-08-21,CU-1928,Consumer,Central,Furniture,Furnishings,DAX Two-Tone Rosewood/Black Document Frame,2,0.0,80.36,3.32
CA-2023-004966,2023-09-16,2023-09-20,CU-1594,Consumer,West,Technology,Accessories,SanDisk Ultra 64GB USB Flash Drive,2,0.0,64.54,-4.34
CA-2023-004967,2023-09-23,2023-09-28,CU-1644,Corporate,South,Furniture,Bookcases,Bush Westfield Collection Bookcase,5,0.0,2639.89,218.78
CA-2023-004968,2023-01-14,2023-01-20,CU-1639,Home Office,Central,Office Supplies,Appliances,Hoover Commercial Lightweight Vacuum,2,0.1,787.11,88.91
CA-2023-004969,2023-05-04,2023-05-05,CU-1697,Home Office,Central,Technology,Accessories,Logitech G910 Mechanical Keyboard,2,0.15,450.99,50.25
CA-2024-004970,2024-02-09,2024-02-14,CU-1795,Corporate,West,Technology,Accessories,SanDisk Ultra 64GB USB Flash Drive,1,0.0,32.11,-12.38
CA-2024-004971,2024-11-09,2024-11-13,CU-1187,Corporate,South,Furniture,Furnishings,Eldon Image Series Desk Accessories,1,0.0,68.75,-1.37
CA-2024-004972,2024-03-06,2024-03-09,CU-1922,Consumer,Central,Technology,Accessories,Logitech MX Master Wireless Mouse,2,0.0,310.32,80.47
CA-2024-004973,2024-10-29,2024-10-30,CU-1338,Consumer,Central,Office Supplies,Binders,GBC Ibimaster 500 Manual ProClick Binding System,1,0.1,734.3,60.03
CA-2023-004974,2023-03-02,2023-03-09,CU-1712,Corporate,East,Office Supplies,Storage,Tennsco Industrial Steel Shelving,1,0.15,295.01,23.37
CA-2023-004975,2023-02-08,2023-02-13,CU-1407,Corporate,East,Office Supplies,Paper,Xerox Premium Multipurpose Paper,3,0.0,164.94,38.59
CA-2023-004976,2023-08-06,2023-08-08,CU-1118,Consumer,West,Technology,Accessories,Belkin 8-Outlet Surge Protector,1,0.15,65.99,-12.51
CA-2023-004977,2023-02-19,2023-02-26,CU-1541,Home Office,East,Office Supplies,Paper,Xerox Premium Multipurpose Paper,1,0.2,39.41,-11.56
CA-2023-004978,2023-03-16,2023-03-19,CU-1515,Home Office,South,Technology,Accessories,Logitech MX Master Wireless Mouse,1,0.0,152.64,23.22
CA-2024-004979,2024-04-27,2024-05-02,CU-1467,Consumer,South,Technology,Accessories,SanDisk Ultra 64GB USB Flash Drive,3,0.1,91.26,0.97
CA-2024-004980,2024-02-05,2024-02-08,CU-1465,Corporate,West,Office Supplies,Appliances,Hoover Commercial Lightweight Vacuum,3,0.0,1375.09,265.4
CA-2024-004981,2024-08-29,2024-08-30,CU-1327,Home Office,South,Furniture,Furnishings,DAX Two-Tone Rosewood/Black Document Frame,3,0.0,126.89,17.94
CA-2024-004982,2024-05-15,2024-05-20,CU-1633,Home Office,East,Technology,Machines,HP LaserJet Pro M404n Printer,3,0.0,1258.95,290.14
CA-2024-004983,2024-05-09,2024-05-14,CU-1550,Consumer,South,Furniture,Furnishings,Eldon Image Series Desk Accessories,2,0.0,124.92,22.54
CA-2023-004984,2023-11-20,2023-11-27,CU-1178,Consumer,West,Furniture,Chairs,Global Deluxe High-Back Manager's Chair,1,0.0,594.17,86.29
CA-2023-004985,2023-02-03,2023-02-04,CU-1355,Consumer,West,Office Supplies,Binders,Fellowes PB500 Electric Punch Plastic Comb Binding Machine with Manual Bind,1,0.15,1099.51,131.09
CA-2023-004986,2023-10-25,2023-11-01,CU-1482,Consumer,East,Office Supplies,Labels,"Avery 5"" x 8"" Label",4,0.0,66.34,3.07
CA-2023-004987,2023-02-23,2023-02-25,CU-1397,Consumer,East,Technology,Accessories,Belkin 8-Outlet Surge Protector,1,0.0,80.86,1.71
CA-2023-004988,2023-01-30,2023-02-04,CU-1996,Home Office,Central,Technology,Accessories,SanDisk Ultra 64GB USB Flash Drive,1,0.2,27.93,-18.19
CA-2024-004989,2024-07-02,2024-07-08,CU-1514,Consumer,South,Office Supplies,Art,Newell 312 Mechanical Pencil,1,0.1,8.04,-20.59
CA-2023-004990,2023-11-08,2023-11-14,CU-1944,Corporate,East,Furniture,Furnishings,DAX Two-Tone Rosewood/Black Document Frame,1,0.3,29.89,-19.63
CA-2023-004991,2023-04-05,2023-04-06,CU-1921,Consumer,West,Technology,Accessories,Logitech MX Master Wireless Mouse,1,0.0,151.04,22.2
CA-2024-004992,2024-03-01,2024-03-05,CU-1495,Consumer,West,Technology,Machines,HP LaserJet Pro M404n Printer,3,0.0,1203.82,306.64
CA-2023-004993,2023-04-28,2023-04-29,CU-1443,Corporate,West,Office Supplies,Binders,Fellowes PB500 Electric Punch Plastic Comb Binding Machine with Manual Bind,2,0.2,2139.63,258.7
CA-2023-004994,2023-11-11,2023-11-12,CU-1562,Home Office,South,Furniture,Furnishings,Eldon Image Series Desk Accessories,3,0.0,203.18,44.15
CA-2023-004995,2023-07-16,2023-07-22,CU-1388,Home Office,West,Office Supplies,Appliances,Hoover Commercial Lightweight Vacuum,5,0.0,2286.13,423.15
CA-2024-004996,2024-05-08,2024-05-15,CU-1395,Consumer,East,Office Supplies,Supplies,Stanley Bostitch Heavy-Duty Stapler,2,0.1,93.61,-0.48
CA-2023-004997,2023-06-14,2023-06-20,CU-1741,Consumer,South,Office Supplies,Fasteners,OIC Heavy-Duty Binder Clips,2,0.1,10.97,-19.27
CA-2024-004998,2024-12-30,2025-01-05,CU-1786,Consumer,West,Office Supplies,Storage,Tennsco Industrial Steel Shelving,2,0.15,635.93,76.64
CA-2024-004999,2024-11-14,2024-11-20,CU-1154,Corporate,West,Office Supplies,Supplies,Stanley Bostitch Heavy-Duty Stapler,1,0.0,54.19,-5.85
CA-2023-005000,2023-03-19,2023-03-25,CU-1701,Home Office,East,Technology,Phones,Polycom CX600 IP Phone,2,0.1,807.57,62.98
CA-2023-005001,2023-08-24,2023-08-31,CU-1699,Home Office,Central,Technology,Accessories,SanDisk Ultra 64GB USB Flash Drive,2,0.0,60.65,-3.23
CA-2024-005002,2024-03-20,2024-03-22,CU-1407,Consumer,East,Office Supplies,Art,Newell 312 Mechanical Pencil,2,0.0,19.95,-14.55
CA-2023-005003,2023-01-28,2023-02-02,CU-1204,Corporate,East,Office Supplies,Art,Newell 312 Mechanical Pencil,1,0.0,9.64,-19.74
CA-2024-005004,2024-02-22,2024-02-24,CU-1630,Home Office,East,Office Supplies,Storage,Fellowes Bankers Box Heavy-Duty Storage Boxes,1,0.1,85.91,-1.56
CA-2023-005005,2023-10-19,2023-10-23,CU-1147,Consumer,West,Technology,Accessories,Logitech MX Master Wireless Mouse,3,0.0,505.07,126.17
CA-2023-005006,2023-10-25,2023-10-27,CU-1143,Corporate,East,Office Supplies,Binders,Fellowes PB500 Electric Punch Plastic Comb Binding Machine with Manual Bind,1,0.0,1241.65,300.45
CA-2023-005007,2023-11-06,2023-11-11,CU-1106,Corporate,East,Office Supplies,Appliances,Hoover Commercial Lightweight Vacuum,2,0.2,711.98,52.92
CA-2024-005008,2024-07-27,2024-08-02,CU-1143,Corporate,West,Office Supplies,Envelopes,Avery Self-Adhesive Address Labels,2,0.0,44.51,-6.43
CA-2023-005009,2023-07-30,2023-08-01,CU-1973,Home Office,West,Technology,Phones,Polycom CX600 IP Phone,4,0.0,1535.05,273.34
CA-2024-005010,2024-02-07,2024-02-11,CU-1760,Corporate,South,Furniture,Chairs,Global Deluxe High-Back Manager's Chair,1,0.15,538.79,34.29
CA-2024-005011,2024-04-23,2024-04-27,CU-1410,Home Office,South,Office Supplies,Storage,Fellowes Bankers Box Heavy-Duty Storage Boxes,1,0.15,72.67,-5.17
CA-2023-005012,2023-04-28,2023-05-02,CU-1704,Home Office,East,Office Supplies,Envelopes,Avery Self-Adhesive Address Labels,1,0.0,22.01,-15.09
CA-2024-005013,2024-10-06,2024-10-11,CU-1007,Home Office,Central,Furniture,Furnishings,Eldon Image Series Desk Accessories,1,0.0,68.96,2.09
CA-2023-005014,2023-12-29,2024-01-05,CU-1425,Corporate,South,Furniture,Furnishings,DAX Two-Tone Rosewood/Black Document Frame,1,0.0,41.54,-12.94
CA-2024-005015,2024-07-01,2024-07-05,CU-1446,Consumer,West,Office Supplies,Art,Newell 312 Mechanical Pencil,1,0.0,9.17,-20.0
CA-2024-005016,2024-07-02,2024-07-09,CU-1800,Consumer,South,Furniture,Bookcases,Bush Westfield Collection Bookcase,1,0.0,528.85,57.22
